"The Home Depot Kicks Off Its Black Friday Sale Early—And We Found the Best Deals","Bob Vila","25 percent off storage solutions, $100 off a complete RYOBI tool kit, $300 off an LG electric range, and so much more. These deals will be gone before you know it.","2021-11-01 16:43:35","Home","https://www.bobvila.com/articles/home-depot-black-friday-deals-news/","1cdcde894f77ddfcb9c6e68d2e2ac53b2004cf9d9054526e44378191c23b99be","aabec1c082e1e562ee4e0611c2e8be0e"
"Target Just Released New Early Black Friday Deals—We Found the Biggest Ones on TVs, Headphones, Tech, and More","Bob Vila","Up to 50 percent off headphones, 25 percent off TVs, 40 percent off smart-home devices, and more—prices are dropping fast ahead of Black Friday.","2021-11-01 16:40:32","Home","https://www.bobvila.com/articles/target-holiday-best-black-friday-deals-news/","1cdcde894f77ddfcb9c6e68d2e2ac53b2004cf9d9054526e44378191c23b99be","328c20f18d598e00bada07ed2edf628d"
"10 Bathroom Lighting Ideas for an Instant Update","Bob Vila","Finding the right bathroom lighting can help make your morning (or anytime) routine more personal.","2021-11-01 15:07:11","Home","https://www.bobvila.com/articles/bathroom-lighting-ideas/","1cdcde894f77ddfcb9c6e68d2e2ac53b2004cf9d9054526e44378191c23b99be","d376d1ad492f0bff4291b27e17661aa8"
"Holiday Guests are Staying Over? Here's Where You’re Going to Put Them","Bob Vila","Caught in a space squeeze? Check out these best bets for spare beds to ensure that visitors get a good night’s sleep.","2021-11-01 14:09:34","Home","https://www.bobvila.com/articles/guest-bed-ideas/","1cdcde894f77ddfcb9c6e68d2e2ac53b2004cf9d9054526e44378191c23b99be","02b51204b0d0ac0392d98a5ffda32944"
"Our 10 Favorite Finds From Etsy's New Virtual—and Shoppable—Home","Bob Vila","Online shopping just became a lot more fun with the debut of the interactive The Etsy House, which is full of furniture, home goods, and bespoke gifts. Tour the virtual home and discover some supercool, unexpected items.","2021-11-01 12:42:29","Home","https://www.bobvila.com/articles/etsy-home/","1cdcde894f77ddfcb9c6e68d2e2ac53b2004cf9d9054526e44378191c23b99be","8b867dcfcf320fe6da7a47578dc30e26"
"15 Drywall Alternatives You'll Wish You Knew About Sooner","Bob Vila","When you’re tackling a home remodeling project or taking on a new build, drywall isn’t your only option. Consider these substitutes, many of which deliver on functionality and design appeal.","2021-10-29 20:37:26","Home","https://www.bobvila.com/articles/drywall-alternatives/","1cdcde894f77ddfcb9c6e68d2e2ac53b2004cf9d9054526e44378191c23b99be","d7f323dd8168de587ea1b30dbcd8443e"
"Avocado Plant Care is Not as Easy as It Looks on the Internet—This Guide Will Help You Succeed","Bob Vila","If your attempts to grow avocados from seeds have been the pits, read on for tips on how to start and keep this plant indoors.","2021-10-29 19:05:31","Home","https://www.bobvila.com/articles/avocado-plant-care/","1cdcde894f77ddfcb9c6e68d2e2ac53b2004cf9d9054526e44378191c23b99be","0a00aab9c0f5642388233f56fb32a2d2"
"30 Master Bathroom Ideas You’ll Want to Copy in Your Own Space","Bob Vila","Transform your master bathroom into a functional and relaxing personal oasis with inspiration from these bathroom design ideas.","2021-10-29 18:30:28","Home","https://www.bobvila.com/articles/master-bathroom-ideas/","1cdcde894f77ddfcb9c6e68d2e2ac53b2004cf9d9054526e44378191c23b99be","e3fd2e4f50824317eb22984dbd6f6ca1"
"6 Cool Characteristics of Hacienda Style Homes","Bob Vila","Spanish settlers set the standard for creating uniquely beautiful homes constructed to beat the heat.","2021-10-29 17:58:01","Home","https://www.bobvila.com/articles/hacienda-style-homes/","1cdcde894f77ddfcb9c6e68d2e2ac53b2004cf9d9054526e44378191c23b99be","1c3ee22fac4412c17226d63b7154e8f3"
"Solved! What Is a Composting Toilet?","Bob Vila","With increasing concern over water conservation, these devices are becoming more and more popular. If you’ve been wondering, “What is a composting toilet?” we have the answer.","2021-10-29 17:28:04","Home","https://www.bobvila.com/articles/what-is-a-composting-toilet/","1cdcde894f77ddfcb9c6e68d2e2ac53b2004cf9d9054526e44378191c23b99be","7c18547f9dcf3c2b14945e800243de73"
"10 Essential Products for Cleaning Your Home After a Flood","Bob Vila","When a home is damaged by flood waters, it's a race against the clock to rid the space of debris and contaminated water, and restore it to rights. These products will make the job easier.","2021-10-29 16:04:00","Home","https://www.bobvila.com/articles/cleaning-after-flood/","1cdcde894f77ddfcb9c6e68d2e2ac53b2004cf9d9054526e44378191c23b99be","9c53a724b648a5e8e0e746898d3c3fd1"
"12 Products Under $30 That Will Make Renovating Your Home Easier","Bob Vila","These clever, budget-friendly tools and gadgets are time-saving game-changers for those of us who DIY our home updates.","2021-10-29 13:08:42","Home","https://www.bobvila.com/articles/amazon-products-diy/","1cdcde894f77ddfcb9c6e68d2e2ac53b2004cf9d9054526e44378191c23b99be","5801ca6ad5cf638cc19b486fccafdf3c"
"Solved! I Have Bites—But No Signs of Bugs in My Home. What's Happening?","Bob Vila","Red, itchy bumps are incredibly uncomfortable and unsightly to deal with. If you have bites but no signs of bugs in your home, you’ll need to determine whether an insect—or any number of medical conditions—is the cause.","2021-10-29 12:39:36","Home","https://www.bobvila.com/articles/bites-but-no-signs-of-bugs/","1cdcde894f77ddfcb9c6e68d2e2ac53b2004cf9d9054526e44378191c23b99be","ca8c735a323e9dc6bb5cfc00bb57ece4"
"Solved! Does a Home Warranty Cover Plumbing Systems?","Bob Vila","Homeowners insurance doesn’t cover maintenance and repair of your home’s plumbing system, but a home warranty with systems coverage will take care of most of those costs.","2021-10-29 11:34:09","Home","https://www.bobvila.com/articles/does-home-warranty-cover-plumbing/","1cdcde894f77ddfcb9c6e68d2e2ac53b2004cf9d9054526e44378191c23b99be","a44743ae57b0dca09832989d51b76844"
"What Are the Different Types of Security Cameras, and Which One Is Right for My Home?","Bob Vila","Protect your home and business with a wide range of camera options.","2021-10-29 11:24:26","Home","https://www.bobvila.com/articles/types-of-security-cameras/","1cdcde894f77ddfcb9c6e68d2e2ac53b2004cf9d9054526e44378191c23b99be","da023a328fed2da9b7072c1b3e1082c5"
"Solved! What Is a Keyless Door Lock, and Is It a Secure Option for the Home?","Bob Vila","Keyless entry door locks are becoming more and more prevalent as integration with smart-home devices expands, and they can be a great option for busy families.","2021-10-29 11:19:13","Home","https://www.bobvila.com/articles/keyless-door-lock/","1cdcde894f77ddfcb9c6e68d2e2ac53b2004cf9d9054526e44378191c23b99be","9c84499fb15b3967193a3ca18d44f179"
"The 38 Best Gifts for Wine Lovers","Bob Vila","Although a bottle of their favorite wine may do, the best gifts for wine lovers take their affinity for the grape to the next level.","2021-10-29 10:58:48","Home","https://www.bobvila.com/articles/gifts-for-wine-lovers/","1cdcde894f77ddfcb9c6e68d2e2ac53b2004cf9d9054526e44378191c23b99be","ff197181a000a1fdadd339f2b1320517"
"How Much Is Homeowners Insurance?","Bob Vila","The cost of this necessary protection can vary based on some unexpected factors.","2021-10-29 10:37:49","Home","https://www.bobvila.com/articles/how-much-is-homeowners-insurance/","1cdcde894f77ddfcb9c6e68d2e2ac53b2004cf9d9054526e44378191c23b99be","368ba89141acc964a454e3ce96c986fb"
"ThermoPro TP20 Meat Thermometer: Is It Worth It?","Bob Vila","With this BBQ thermometer probe, monitor what’s cooking outside while you’re inside preparing other food in the kitchen or watching the big game.","2021-10-29 09:21:05","Home","https://www.bobvila.com/articles/thermopro-tp20-review/","1cdcde894f77ddfcb9c6e68d2e2ac53b2004cf9d9054526e44378191c23b99be","fd3e5ac49bd378cdc40a9719ed36049e"
"The Best Deer Feeders of 2021","Bob Vila","Wildlife lovers, photographers, and hunters feed deer in fields, woodlands, and backyards. The best deer feeders facilitate this practice in ways that are safe and healthy for the deer.","2021-10-29 08:56:54","Home","https://www.bobvila.com/articles/best-deer-feeders/","1cdcde894f77ddfcb9c6e68d2e2ac53b2004cf9d9054526e44378191c23b99be","b3c9cfe29c98a71ce6e215dfca92be4b"
"11 Cable Types Every Homeowner Should Know","Bob Vila","Find out how to identify and use these common cables in your home.","2021-11-01 19:40:59","Home","https://www.bobvila.com/articles/cable-types/","1cdcde894f77ddfcb9c6e68d2e2ac53b2004cf9d9054526e44378191c23b99be","a303e10fa9aca01656f6327c0ddcea69"
"How to Pack for a Move","Bob Vila","Whether it’s your first move or your fifth, these tips on how to pack for a move will help make what can seem like a monumental task more efficient and less stressful.","2021-11-02 11:50:53","Home","https://www.bobvila.com/articles/how-to-pack-for-a-move/","1cdcde894f77ddfcb9c6e68d2e2ac53b2004cf9d9054526e44378191c23b99be","89b9ca62fda82bd5127fd377a2c1abe6"
"12 Ingenious Ways to Upcycle Old Pillowcases","Bob Vila","Don't toss out your old pillowcases—there's life in them yet! Here's how to transform them into new, useful items for your home.","2021-11-02 16:17:56","Home","https://www.bobvila.com/slideshow/12-ingenious-ways-to-upcycle-old-pillowcases-580796","1cdcde894f77ddfcb9c6e68d2e2ac53b2004cf9d9054526e44378191c23b99be","6eec92f12666054548dc82dce395d950"
"The Best Anti-Fog Safety Glasses of 2021","Bob Vila","Protect your eyes while keeping your vision clear with a pair of quality anti-fog safety glasses.","2021-11-03 09:12:56","Home","https://www.bobvila.com/articles/best-anti-fog-safety-glasses/","1cdcde894f77ddfcb9c6e68d2e2ac53b2004cf9d9054526e44378191c23b99be","32878c1702d48ee29123a2ecc4736e97"
"The Best Grass Seed for Overseeding of 2021","Bob Vila","Overseeding creates a dense, lush stand of grass—and an overall healthier lawn.","2021-11-03 09:03:58","Home","https://www.bobvila.com/articles/best-grass-seed-for-overseeding/","1cdcde894f77ddfcb9c6e68d2e2ac53b2004cf9d9054526e44378191c23b99be","7e759f30c3aa767a8da422ed8c6ba493"
"The Best Home Decor Subscription Boxes of 2021","Bob Vila","Upgrade the look of your living space regularly with home decor subscriptions that are curated and sent seasonally, monthly, or annually to satisfy your interior design passion.","2021-11-03 10:44:39","Home","https://www.bobvila.com/articles/best-home-decor-subscription-boxes/","1cdcde894f77ddfcb9c6e68d2e2ac53b2004cf9d9054526e44378191c23b99be","80587ccb068c323ef092b60aeaab27b7"
"Solved! Here’s What to Do if Your Amazon Package Is Stolen","Bob Vila","How can you recoup your losses if an Amazon package is missing from your step?","2021-11-03 11:42:40","Home","https://www.bobvila.com/articles/what-to-do-if-amazon-package-is-stolen/","1cdcde894f77ddfcb9c6e68d2e2ac53b2004cf9d9054526e44378191c23b99be","c517ccca6d9dd20919553517faccaaf9"
"Flooded Basement? Here’s What to Know About Flooded Basement Cleanup","Bob Vila","A flooded basement is a homeowner’s nightmare. Here’s how to tackle flooded basement cleanup and when to call in a pro.","2021-11-03 11:36:03","Home","https://www.bobvila.com/articles/flooded-basement-cleanup/","1cdcde894f77ddfcb9c6e68d2e2ac53b2004cf9d9054526e44378191c23b99be","d8e44e64891772886f866b274b777fee"
"What is Modern Farmhouse Style? 7 Key Characteristics All DIY Designers Should Know","Bob Vila","Country elements and new-age amenities combine to create the rustic-chic design style known as modern farmhouse.","2021-11-03 12:30:55","Home","https://www.bobvila.com/articles/modern-farmhouse-style/","1cdcde894f77ddfcb9c6e68d2e2ac53b2004cf9d9054526e44378191c23b99be","fe4bb682657aa82a0c53d85c6b131f11"
"20 DIY Home Projects Absolutely Anyone Can Do","Bob Vila","Don’t let home improvement ideas intimidate you. These DIY home projects are simple enough for anyone to conquer.","2021-11-03 14:28:20","Home","https://www.bobvila.com/articles/diy-home-projects/","1cdcde894f77ddfcb9c6e68d2e2ac53b2004cf9d9054526e44378191c23b99be","ebe63a32a3e7f552c811ef1cd7feb25f"
"These Black Friday Amazon Smart-Home Prices Are So Low, We Thought They Were Wrong","Bob Vila","Save up to 60 percent on select smart-home tech—these are Amazon deals you don’t want to miss: the Echo Show 8 for under $100, a Fire HD bundle for $50 off, and so much more.","2021-11-03 17:52:39","Home","https://www.bobvila.com/articles/amazon-black-friday-smart-home-deals/","1cdcde894f77ddfcb9c6e68d2e2ac53b2004cf9d9054526e44378191c23b99be","07fec0cdeaf861358a6c68b09ccbb63e"
"The Best Furnace Brands of 2021","Bob Vila","Selecting one of the best furnace brands can help ensure you choose a reputable and reliable model when you replace or upgrade a furnace.","2021-11-04 08:45:28","Home","https://www.bobvila.com/articles/best-furnace-brands/","1cdcde894f77ddfcb9c6e68d2e2ac53b2004cf9d9054526e44378191c23b99be","b9024e55355e3e1f50986d4d527ba9c4"
"Solved! What Attracts Bed Bugs?","Bob Vila","Worried about bed bugs in your home? Learn about what attracts bed bugs, how to prevent them from getting into your home, and how to find them if you suspect they’re already there.","2021-11-04 11:22:03","Home","https://www.bobvila.com/articles/what-attracts-bed-bugs/","1cdcde894f77ddfcb9c6e68d2e2ac53b2004cf9d9054526e44378191c23b99be","1baa76db530193b03a578f4f647d7bb2"
"Avocado Plant Care Is Not as Easy as It Looks on the Internet—This Guide Will Help You Succeed","Bob Vila","If your attempts to grow avocados from seeds have been the pits, read on for tips on how to start and keep this plant indoors.","2021-10-29 19:05:31","Home","https://www.bobvila.com/articles/avocado-plant-care/","1cdcde894f77ddfcb9c6e68d2e2ac53b2004cf9d9054526e44378191c23b99be","44ddb0af9d7d919cc51e64841edb91e4"
"Garden Lime: How to Use it Effectively in Your Home Landscape","Bob Vila","Garden lime can correct soil pH while boosting vital plant nutrients. Here’s how to use it the right way.","2021-11-05 11:00:27","Home","https://www.bobvila.com/articles/garden-lime/","1cdcde894f77ddfcb9c6e68d2e2ac53b2004cf9d9054526e44378191c23b99be","072113e190aa24d8680c95490da36e7e"
"No Pro Needed: 6 Concrete Repairs You Can Fix on Your Own","Bob Vila","Don’t let concrete’s durability and strength fool you; it’s easier to work with than you think! With the right products, you can handle your own concrete repairs with ease.This content has been brought to you by Quikrete. Its facts and opinions are those of BobVila.com.","2021-11-05 18:25:48","Home","https://www.bobvila.com/slideshow/no-pro-needed-6-concrete-repairs-you-can-fix-on-your-own-580586","1cdcde894f77ddfcb9c6e68d2e2ac53b2004cf9d9054526e44378191c23b99be","5ba1015acb9cbdedf92381e2aea706de"
"The 21 Best Stocking Stuffers for Outdoor Enthusiasts","Bob Vila","Picking out stuffing stockers for hikers, campers, and al fresco adventurers can be challenging, particularly if you’re an armchair explorer who’s not into the great outdoors. Take it from us: The wild souls in your life will love these oh-so-useful gifts.","2021-11-05 17:29:03","Home","https://www.bobvila.com/articles/best-stocking-stuffers-outdoors/","1cdcde894f77ddfcb9c6e68d2e2ac53b2004cf9d9054526e44378191c23b99be","498d83c5928dc76bbcfabc119d3e59b8"
"Holiday Guests Are Staying Over? Here's Where You’re Going to Put Them","Bob Vila","Caught in a space squeeze? Check out these best bets for spare beds to ensure that visitors get a good night’s sleep.","2021-11-01 14:09:34","Home","https://www.bobvila.com/articles/guest-bed-ideas/","1cdcde894f77ddfcb9c6e68d2e2ac53b2004cf9d9054526e44378191c23b99be","ea9a80b2c110e6b48064f8c56e03242f"
"Ace Hardware's Early Black Friday Sale Includes Half-Price Tools—See the 15 Best Deals","Bob Vila","Black Friday hasn’t officially started yet, but Ace Hardware has a major tool sale happening right now that has some can’t-miss deals.","2021-11-08 17:17:38","Home","https://www.bobvila.com/articles/ace-hardware-early-black-friday-deals/","1cdcde894f77ddfcb9c6e68d2e2ac53b2004cf9d9054526e44378191c23b99be","392fab74453c33c7aeadf4902e62a196"
"The Best Garage Organization Companies of 2021","Bob Vila","The best garage organization companies can help declutter and organize the garage with unique storage solutions.","2021-11-08 12:37:34","Home","https://www.bobvila.com/articles/best-garage-organization-companies/","1cdcde894f77ddfcb9c6e68d2e2ac53b2004cf9d9054526e44378191c23b99be","7a484005f337898d811c1b29df7257ff"
"The Best Home Staging Companies of 2021","Bob Vila","Staging your home is critical because it allows buyers to visualize it as their own space. Choose one of the best home staging companies for selling success.","2021-11-08 12:32:35","Home","https://www.bobvila.com/articles/best-home-staging-companies/","1cdcde894f77ddfcb9c6e68d2e2ac53b2004cf9d9054526e44378191c23b99be","82a01a57a2d9e264d6a436efd150bcc9"
"How to Get Preapproved for a Home Loan","Bob Vila","A home loan preapproval can help you shop for a home you can afford and give you an advantage over other buyers when you find your dream home.","2021-11-08 12:28:36","Home","https://www.bobvila.com/articles/how-to-get-preapproved-for-a-home-loan/","1cdcde894f77ddfcb9c6e68d2e2ac53b2004cf9d9054526e44378191c23b99be","2a17b8b9376273a9d7fd0ca47f769278"
"How Much Does a Tiny House Cost?","Bob Vila","Living in a tiny house can be a refreshing way of scaling down and living simply. Tiny-house costs typically range from $30,000 to $60,000, depending on the design and amenities.","2021-11-08 12:24:51","Home","https://www.bobvila.com/articles/tiny-house-cost/","1cdcde894f77ddfcb9c6e68d2e2ac53b2004cf9d9054526e44378191c23b99be","ccc10bb8073d1ee850d25a26cd493422"
"How Much Does It Cost to Paint Kitchen Cabinets?","Bob Vila","The cost to paint kitchen cabinets is the cheapest of all the kitchen cabinet renovation projects—if all you really need is a cabinet face-lift. Expect to pay an average of $809, or between $395 and $1,234 for kitchen cabinet painting.","2021-11-09 10:53:52","Home","https://www.bobvila.com/articles/cost-to-paint-kitchen-cabinets/","1cdcde894f77ddfcb9c6e68d2e2ac53b2004cf9d9054526e44378191c23b99be","ea9c73f6c3948778780f8ccaa15c2edd"
"This Pineapple Plant Care Routine Is as Easy as Propagating Fresh Produce","Bob Vila","Native to South America, pineapple fruit makes its way to your store’s produce department, and you can use the stem of a store-bought pineapple to start an easy-care houseplant.","2021-11-09 14:07:20","Home","https://www.bobvila.com/articles/pineapple-plant-care/","1cdcde894f77ddfcb9c6e68d2e2ac53b2004cf9d9054526e44378191c23b99be","139183fd576b9882dd0a5e6e9f6e6c3b"
"Solved! What Does a Green Porch Light Mean?","Bob Vila","Learn the reason your neighbors have swapped in a green porch light this month—and no, it doesn’t have anything to do with Christmas.","2021-11-10 09:44:34","Home","https://www.bobvila.com/articles/what-does-a-green-porch-light-mean/","1cdcde894f77ddfcb9c6e68d2e2ac53b2004cf9d9054526e44378191c23b99be","c50069b15bd13334bb4eb8618b53c842"
"The Best Gardening Subscription Boxes of 2021","Bob Vila","Cultivate your gardening hobby with a regular seed or plant delivery.","2021-11-10 19:25:26","Home","https://www.bobvila.com/articles/best-gardening-subscription-boxes/","1cdcde894f77ddfcb9c6e68d2e2ac53b2004cf9d9054526e44378191c23b99be","c47ae7dc1743beb3cd40b977b7fd5ff6"
"Solved! What Is the Alexa Intruder Alert, and How Effective Is It?","Bob Vila","You know Alexa can order those cool pens you wanted and play your favorite song, but it can also be a great help in a real emergency.","2021-11-10 16:21:28","Home","https://www.bobvila.com/articles/alexa-intruder-alert/","1cdcde894f77ddfcb9c6e68d2e2ac53b2004cf9d9054526e44378191c23b99be","03d56e9c8501ef5e519f44a98747fcba"
"We Found the 8 Best Deals During Samsung’s Early Black Friday Sale—And They Probably Won’t Last","Bob Vila","Save big on a new dishwasher, refrigerator, or range—or outfit your whole kitchen with the latest appliances. Plus, more deals on the latest tech you’ll love.","2021-11-10 15:29:33","Home","https://www.bobvila.com/articles/samsung-early-black-friday-deals/","1cdcde894f77ddfcb9c6e68d2e2ac53b2004cf9d9054526e44378191c23b99be","935fcdb6b82732fc310426d8081dcb63"
"10 Simple Steps to a Zero-Waste Kitchen","Bob Vila","It's easier than you think to eliminate almost all waste from your kitchen. Making these easy swaps will reduce the trash you generate, help the environment, and save you money.","2021-11-10 13:40:07","Home","https://www.bobvila.com/articles/zero-waste-kitchen/","1cdcde894f77ddfcb9c6e68d2e2ac53b2004cf9d9054526e44378191c23b99be","32fb98f6833e1b801bd39816cad48409"
"6 Radiator Covers to Match Your Home's Decor","Bob Vila","If your old radiator is looking a bit shabby, update the look with these stylish alternatives: from classy classic designs to contemporary chic motifs, check out the range of options available for today’s homes.","2021-11-10 11:27:55","Home","https://www.bobvila.com/articles/radiator-covers/","1cdcde894f77ddfcb9c6e68d2e2ac53b2004cf9d9054526e44378191c23b99be","c08b7cc8faa6e8181653798be3fb6fd5"
"The Best Rugs for Dining Rooms of 2021","Bob Vila","Add warmth, color, and texture to your dining room with a stylish and low-maintenance area rug.","2021-11-12 08:17:34","Home","https://www.bobvila.com/articles/best-rugs-for-dining-rooms/","1cdcde894f77ddfcb9c6e68d2e2ac53b2004cf9d9054526e44378191c23b99be","6e6bb2ccb78167d997ae2ed344c4b314"
"The Best Wasp Traps of 2021","Bob Vila","Eliminate your wasp problem by luring those winged invaders into one of these top traps.","2021-11-12 08:16:08","Home","https://www.bobvila.com/articles/best-wasp-traps/","1cdcde894f77ddfcb9c6e68d2e2ac53b2004cf9d9054526e44378191c23b99be","0d5fe49b5fb314971d0610a311d72538"
"The Best Drill Bits for Tile of 2021","Bob Vila","People are often nervous about drilling tile because the wrong drill bit can easily lead to cracks. The tools in this in-depth article provide a variety of effective solutions.","2021-11-12 08:10:42","Home","https://www.bobvila.com/articles/best-drill-bits-for-tile/","1cdcde894f77ddfcb9c6e68d2e2ac53b2004cf9d9054526e44378191c23b99be","8032d1495b998af1db4a1dc4959acee2"
"9 Types of Batteries Every Homeowner Should Know","Bob Vila","Find out how to power your appliances, power tools, and simple electronic devices.","2021-11-12 09:01:43","Home","https://www.bobvila.com/articles/types-of-batteries/","1cdcde894f77ddfcb9c6e68d2e2ac53b2004cf9d9054526e44378191c23b99be","ce7ebbfc01e5b75ba5a1a2ad59bf3c36"
"The Comfort Zone Garage Heater is a Quality Heater, but Is it Worth It?","Bob Vila","Can the Comfort Zone Garage Heater keep the cold at bay so you can stay productive? Find out in this hot review.","2021-11-12 12:36:26","Home","https://www.bobvila.com/articles/comfort-zone-garage-heater-review/","1cdcde894f77ddfcb9c6e68d2e2ac53b2004cf9d9054526e44378191c23b99be","f86f3385dd5023974959ba55717264b3"
"We Tested the WORX Leaf Mulcher in a Backyard Full of Leaves, Did it Work?","Bob Vila","Looking to use fewer leaf bags this fall while creating mulch for your plant beds? This WORX Leaf Mulcher may be just the tool for the job.","2021-11-12 13:17:17","Home","https://www.bobvila.com/articles/worx-leaf-mulcher-review/","1cdcde894f77ddfcb9c6e68d2e2ac53b2004cf9d9054526e44378191c23b99be","79d516aff29e44c53dd1097941faeda6"
"25 Stocking Stuffer Ideas for the DIYers on Your Holiday List","Bob Vila","This holiday season, give the DIYers and handypeople in your life useful stocking stuffers that will help them create and renovate. (Many are under $10!)","2021-11-12 13:01:50","Home","https://www.bobvila.com/articles/stocking-stuffer-ideas-diy/","1cdcde894f77ddfcb9c6e68d2e2ac53b2004cf9d9054526e44378191c23b99be","b1e61b4aafcc7de6c84fcddf6896872a"
"The Best Furniture Rental Companies of 2021","Bob Vila","Do you need furniture but don’t want to break the bank with up-front costs? The best furniture rental companies provide options for furnishing your home.","2021-11-12 15:35:16","Home","https://www.bobvila.com/articles/best-furniture-rental-companies/","1cdcde894f77ddfcb9c6e68d2e2ac53b2004cf9d9054526e44378191c23b99be","b2325390932081ca0ac6c44787289b2c"
"Nostalgic for Grandma's Vintage Ceramic Christmas Tree? 10 Versions You Can Still Buy","Bob Vila","Find the best ceramic or porcelain tree to bring back treasured memories and deck the halls for a joyful holiday season.","2021-11-15 13:13:30","Home","https://www.bobvila.com/articles/ceramic-christmas-tree/","1cdcde894f77ddfcb9c6e68d2e2ac53b2004cf9d9054526e44378191c23b99be","44365f1b8499c424043f06c759f9bf8f"
"How to Change a Tire Like a Pro","Bob Vila","Change your flat tire and get back on the road safely with these simple steps.","2021-11-15 11:48:10","Home","https://www.bobvila.com/articles/how-to-change-a-tire/","1cdcde894f77ddfcb9c6e68d2e2ac53b2004cf9d9054526e44378191c23b99be","837937f293ce523aff91bb238e801a30"
"1 Small Upgrade Will Lower Your Winter Heating Costs","Bob Vila","Don't go broke heating your home this winter. Learn about the innovative upgrade that will help lower your winter heating costs.","2021-11-15 21:00:13","Home","https://www.bobvila.com/","1cdcde894f77ddfcb9c6e68d2e2ac53b2004cf9d9054526e44378191c23b99be","802c1cdc44d71251b977fca82054583e"
"The Best Outdoor Doormats of 2021","Bob Vila","Make sure dirt and grime stays at the door with these inviting outdoor doormats.","2021-11-15 19:22:03","Home","https://www.bobvila.com/articles/best-outdoor-doormats/","1cdcde894f77ddfcb9c6e68d2e2ac53b2004cf9d9054526e44378191c23b99be","f07f36465eff92154fc7a4d91560809e"
"The Best Innerspring Mattress for All-Night Comfort","Bob Vila","Select the best innerspring mattress to keep your spine aligned, deliver cooling airflow, and provide optimal comfort as you sleep.","2021-11-15 17:07:19","Home","https://www.bobvila.com/articles/best-innerspring-mattress/","1cdcde894f77ddfcb9c6e68d2e2ac53b2004cf9d9054526e44378191c23b99be","97e543594702ed7ccc1dd36f297fe78a"
"The Best Homeowners Insurance of 2021","Bob Vila","State Farm takes the top spot for our Best Overall choice for best homeowners insurance, but your individual needs may lead you to one of our other top picks.","2021-11-15 14:45:10","Home","https://www.bobvila.com/articles/best-homeowners-insurance/","1cdcde894f77ddfcb9c6e68d2e2ac53b2004cf9d9054526e44378191c23b99be","2607d75a115bda2be698bc25974bf013"
"The Best Cyber Monday Deals 2021: Save Big on Dyson, Toshiba, Instant Pot, and More","Bob Vila","Black Friday, extended: You won’t want to miss out on these Cyber Monday deals, from cutting-edge technology to deluxe appliances.","2021-11-15 13:35:25","Home","https://www.bobvila.com/articles/cyber-monday-deals/","1cdcde894f77ddfcb9c6e68d2e2ac53b2004cf9d9054526e44378191c23b99be","bda660a8a8f4586606c734365fb87197"
"The Best Early DeWalt Black Friday Deals 2021: Deals From The Home Depot, Lowe's, Amazon, and More","Bob Vila","It’s time to save some serious cash on tried-and-true must-have tools from DeWalt. For the novice DIYer or the experienced pro, you’re sure to find something to add to your collection with these DeWalt Black Friday deals.","2021-09-30 11:40:48","Home","https://www.bobvila.com/articles/dewalt-black-friday-deals-2021/","1cdcde894f77ddfcb9c6e68d2e2ac53b2004cf9d9054526e44378191c23b99be","5730a759fe5cc0c6c800e086b2a2d49f"
"The Best Early Wayfair Black Friday 2021 Deals","Bob Vila","Looking to update your home’s decor or planning a complete furniture overhaul? We’ve got you covered with these stellar Wayfair Black Friday deals with something for every room of the house.","2021-09-28 13:28:48","Home","https://www.bobvila.com/articles/wayfair-black-friday-2021/","1cdcde894f77ddfcb9c6e68d2e2ac53b2004cf9d9054526e44378191c23b99be","0dc7cd7cc7e8ad284ef072093e3c339f"
"The Best Early Tractor Supply Black Friday Deals of 2021","Bob Vila","Shopping for your yard, homestead, or campsite? You’ll want to check out the Tractor Supply Black Friday deals—Tractor Supply Company has everything you need to maintain your outdoor space.","2021-09-28 13:04:59","Home","https://www.bobvila.com/articles/tractor-supply-black-friday-2021/","1cdcde894f77ddfcb9c6e68d2e2ac53b2004cf9d9054526e44378191c23b99be","8e3544007412ed78e175a986f4e6d780"
"Coffee Plant Care 101","Bob Vila","If you don’t know beans about growing coffee indoors, grab a cup of joe and check out the information we’ve harvested for you.","2021-11-16 07:51:53","Home","https://www.bobvila.com/","1cdcde894f77ddfcb9c6e68d2e2ac53b2004cf9d9054526e44378191c23b99be","40e69c292d735d44d110482404a3384e"
"Supply Chain Shortages Hit U.S. Paint Supply—One Color in Particular","Bob Vila","As homeowners work on renovating their homes during pandemic downtime, supply chain issues can make the right paint hard to find.","2021-11-16 09:35:13","Home","https://www.bobvila.com/articles/paint-shortage/","1cdcde894f77ddfcb9c6e68d2e2ac53b2004cf9d9054526e44378191c23b99be","e0e90dcac5a8f9724be396ba3066e262"
"7 Ways to Clean Up Fallen Pine Needles from Your Xmas Tree (and What to Do With Them)","Bob Vila","Keep your floors clean from pine needles this holiday season with these tips and tricks.","2021-11-16 20:50:48","Home","https://www.bobvila.com/","1cdcde894f77ddfcb9c6e68d2e2ac53b2004cf9d9054526e44378191c23b99be","019139ab7f9d3fc54e6c9b193e6c1bd3"
"Everything You Need to Know About Foundation Inspection: Why It’s Crucial, Who to Hire, and More","Bob Vila","Don’t crack up over foundation cracks. Get an expert opinion about the integrity of your home’s foundation by scheduling a foundation inspection.","2021-11-16 18:59:28","Home","https://www.bobvila.com/articles/foundation-inspection/","1cdcde894f77ddfcb9c6e68d2e2ac53b2004cf9d9054526e44378191c23b99be","554fcfd85937033f03d38f767fcc9259"
"The Best Soil for Snake Plants of 2021","Bob Vila","Growing a snake plant in suitable soil results in robust growth, lustrous leaves, and richly colored foliage.","2021-11-16 18:40:26","Home","https://www.bobvila.com/articles/best-soil-for-snake-plants/","1cdcde894f77ddfcb9c6e68d2e2ac53b2004cf9d9054526e44378191c23b99be","3a3e315a6d06d672ea1b1bd25aae85cf"
"The Best Sheds of 2021","Bob Vila","Add a workshop to your property or a place to store the yard tools and lawn mower with one of these top sheds.","2021-11-16 18:16:51","Home","https://www.bobvila.com/articles/best-sheds/","1cdcde894f77ddfcb9c6e68d2e2ac53b2004cf9d9054526e44378191c23b99be","da30a819f9ca93fea0cd0c5f54606220"
"Solved! How Does a Home Equity Loan Work?","Bob Vila","Your home is your biggest investment, and you’ve worked hard to pay down the mortgage. That equity can help you finance home improvements or education plans without opening up new, expensive lines of revolving credit. But how does a home equity loan work, exactly?","2021-11-16 12:51:44","Home","https://www.bobvila.com/articles/how-does-a-home-equity-loan-work/","1cdcde894f77ddfcb9c6e68d2e2ac53b2004cf9d9054526e44378191c23b99be","917e99f3e68d331057b1fcc7934b499d"
"Everything but the Christmas Tree: Our 12 Favorite Wreaths, Garlands, and Other Holiday Greenery","Bob Vila","Bring festive greenery into your home this holiday season with these top picks.","2021-11-17 04:53:08","Home","https://www.bobvila.com/","1cdcde894f77ddfcb9c6e68d2e2ac53b2004cf9d9054526e44378191c23b99be","cd67383ce977fef1c5f34c4c1232d391"
"The Best Stihl Chainsaws of 2021","Bob Vila","Learn more about the chainsaws this top name brand offers.","2021-11-17 08:53:07","Home","https://www.bobvila.com/articles/best-stihl-chainsaws/","1cdcde894f77ddfcb9c6e68d2e2ac53b2004cf9d9054526e44378191c23b99be","bb00f84f11951c2ac5492489b6a2c454"
"The Best Early Amazon Black Friday 2021 Deals: Amazing Savings on Laptops, TVs, Tablets, and More","Bob Vila","Get your Black Friday shopping done in a flash by finding everything you need on Amazon. From TVs and laptops to Apple watches and tablets, you’ll find awesome Amazon Black Friday deals here.","2021-11-17 09:54:32","Home","https://www.bobvila.com/articles/amazon-black-friday-deals/","1cdcde894f77ddfcb9c6e68d2e2ac53b2004cf9d9054526e44378191c23b99be","a15cdcc031b0341daae4e8a7ff0bbc25"
"The Best Portable Table Saws of 2021","Bob Vila","","2021-11-17 09:51:45","Home","https://www.bobvila.com/articles/best-portable-table-saws/","1cdcde894f77ddfcb9c6e68d2e2ac53b2004cf9d9054526e44378191c23b99be","ac36d026a086c1ec1baac80486d13301"
"The Best Glue for Metal of 2021","Bob Vila","Attempting to glue metal has often been met with mixed results, but modern adhesives can produce very successful bonds with metal and a variety of other materials, too.","2021-11-17 09:44:37","Home","https://www.bobvila.com/articles/best-glue-for-metal/","1cdcde894f77ddfcb9c6e68d2e2ac53b2004cf9d9054526e44378191c23b99be","8603d30354724be4053675b43a8ac950"
"The Best Early 2021 Black Friday Deals: All the Best Deals on Top Brands Like Samsung, HP, Dyson, and More","Bob Vila","Whether you’re looking for a new kitchen appliance or the latest tech gadget, we’ve compiled a list of the best deals ahead of Black Friday.","2021-11-17 09:27:12","Home","https://www.bobvila.com/articles/black-friday-deals/","1cdcde894f77ddfcb9c6e68d2e2ac53b2004cf9d9054526e44378191c23b99be","6212f81a1b74568387d44d3f67e288ff"
"The Best Flooring for Dogs of 2021","Bob Vila","","2021-11-17 10:54:31","Home","https://www.bobvila.com/articles/best-flooring-for-dogs/","1cdcde894f77ddfcb9c6e68d2e2ac53b2004cf9d9054526e44378191c23b99be","0896057a05ab5b2112ce2ab1a1d33802"
"When Peloton Slashed the Price of Its Exercise Bike, I Took the Plunge—Here's How I Feel About It Now","Bob Vila","Recent price cuts have made the Peloton, once one of the most expensive bikes on the market, a deal you should ride away with.","2021-11-17 11:20:00","Home","https://www.bobvila.com/articles/peloton-bike-review/","1cdcde894f77ddfcb9c6e68d2e2ac53b2004cf9d9054526e44378191c23b99be","791a224f968cb0de51984f919a0cee1e"
"Don’t Have a Christmas Tree Yet? Black Friday Slashes TK% off Our Favorite One","Bob Vila","","2021-11-17 12:55:04","Home","https://www.bobvila.com/","1cdcde894f77ddfcb9c6e68d2e2ac53b2004cf9d9054526e44378191c23b99be","5d8c52df972f366082f1c1c7ddb1b960"
"Jigsaw vs. Reciprocating Saw: Which Cutting Tool is Best for Your Project?","Bob Vila","Jigsaws and reciprocating saws are versatile tools, but their uses are often confused. Let’s take a closer look.","2021-11-17 12:42:56","Home","https://www.bobvila.com/articles/jigsaw-vs-reciprocating-saw/","1cdcde894f77ddfcb9c6e68d2e2ac53b2004cf9d9054526e44378191c23b99be","5d3b3691be288c99e30997918f3d4a55"
"Black Friday 2021 Preview: The Best 25 Deals at Amazon, Target, Walmart, Best Buy, and The Home Depot so Far","Bob Vila","","2021-11-17 13:55:11","Home","https://www.bobvila.com/","1cdcde894f77ddfcb9c6e68d2e2ac53b2004cf9d9054526e44378191c23b99be","15731fe730cb9f70b06b2f7b2a510c3c"
"The Best Property Management Companies of 2021","Bob Vila","","2021-11-17 13:54:48","Home","https://www.bobvila.com/articles/best-property-management-companies/","1cdcde894f77ddfcb9c6e68d2e2ac53b2004cf9d9054526e44378191c23b99be","b62d1f32419a2a4df4abc26a830cf3f5"
"All the Best Amazon Black Friday 2021 Deals: Amazing Savings on Laptops, TVs, Tablets, and More","Bob Vila","Get your Black Friday shopping done in a flash by finding everything you need on Amazon. From TVs and laptops to Apple watches and tablets, you’ll find awesome Amazon Black Friday deals here.","2021-11-17 16:48:34","Home","https://www.bobvila.com/articles/amazon-black-friday-2021/","1cdcde894f77ddfcb9c6e68d2e2ac53b2004cf9d9054526e44378191c23b99be","ce55745c4b5f12cb0650515958910868"
"Cyber Monday 2021 Deals: We Found the Best Deals at Amazon, Target, Walmart, and More","Bob Vila","Black Friday, extended: You won’t want to miss out on these Cyber Monday deals, from cutting-edge technology to deluxe appliances.","2021-11-17 16:48:26","Home","https://www.bobvila.com/articles/cyber-monday-deals-news-2021/","1cdcde894f77ddfcb9c6e68d2e2ac53b2004cf9d9054526e44378191c23b99be","fdc9dcfb05509dd7b9633fb1da5380f2"
"The Best 2021 Black Friday Deals: All the Best Deals at Amazon, Walmart, Target, The Home Depot, Lowe's and More","Bob Vila","Whether you’re looking for a new kitchen appliance or the latest tech gadget, we’ve compiled a list of the best deals ahead of Black Friday.","2021-11-17 16:48:10","Home","https://www.bobvila.com/articles/black-friday-deals-news-2021/","1cdcde894f77ddfcb9c6e68d2e2ac53b2004cf9d9054526e44378191c23b99be","f55368648e42583d5c7ed255c12b180e"
"What Are iBuyers, and Can They Really Drive Up Real Estate Prices?","Bob Vila","iBuyers offer convenience and fast cash. But how are they affecting the traditional buying and selling model?","2021-11-17 16:03:24","Home","https://www.bobvila.com/articles/ibuyer/","1cdcde894f77ddfcb9c6e68d2e2ac53b2004cf9d9054526e44378191c23b99be","075a8c5687e2be1cc01f473ad267fb20"
"15 Potting Bench Plans","Bob Vila","Download one of these DIY plans to build your own garden potting bench for a spot to start seeds, repot houseplants, keep your gardening tools organized, and complete other gardening-related tasks.","2021-11-17 17:34:18","Home","https://www.bobvila.com/","1cdcde894f77ddfcb9c6e68d2e2ac53b2004cf9d9054526e44378191c23b99be","23cbf9bd31a0963cdeaf9c19a45ccbaa"
"Before & After: Bringing Light and Space Into a Small Kitchen","Bob Vila","Our tiny kitchen was dull and dated. A complete remodel was the only solution.","2021-11-17 20:40:57","Home","https://www.bobvila.com/","1cdcde894f77ddfcb9c6e68d2e2ac53b2004cf9d9054526e44378191c23b99be","0ce0baf2b3e5fccf21e5875a645d70b3"
"7 Ways to Keep Christmas Tree Needles from Taking Over Your Home","Bob Vila","Tired of finding Christmas tree needles on your floors and furniture months after the holiday season? These suggestions will help minimize the mess.","2021-11-17 20:35:46","Home","https://www.bobvila.com/articles/christmas-tree-needles/","1cdcde894f77ddfcb9c6e68d2e2ac53b2004cf9d9054526e44378191c23b99be","c41bce45d8a9cf5053cc3f60dd7f4004"
"Is There a Fire Hydrant on Your Property? Here Are 6 Things You Need to Know","Bob Vila","Are hydrants the city’s responsibility, or the homeowner’s? Can residents park in front of hydrants on their property? Here’s what you need to know.","2021-11-17 22:49:49","Home","https://www.bobvila.com/","1cdcde894f77ddfcb9c6e68d2e2ac53b2004cf9d9054526e44378191c23b99be","cf98e054fbe4e08803166879cf455722"
"The Best Pool Alarms of 2021","Bob Vila","Strengthen your pool safety system and keep your family out of harm’s way with a reliable pool alarm.","2021-11-18 02:55:07","Home","https://www.bobvila.com/","1cdcde894f77ddfcb9c6e68d2e2ac53b2004cf9d9054526e44378191c23b99be","4843cc40ba962b767726b0df209b6e04"
"How to Grow Olive Trees Indoors","Bob Vila","Add a touch of the Mediterranean with the latest craze in houseplants—olive trees—plants that can thrive indoors, given the right conditions.","2021-11-18 22:45:52","Home","https://www.bobvila.com/","1cdcde894f77ddfcb9c6e68d2e2ac53b2004cf9d9054526e44378191c23b99be","2085678d3b0606c817e05511625405ca"
"The Best Home Design Software of 2021","Bob Vila","Help make your dream home a reality with the right home design software.","2021-11-18 18:54:09","Home","https://www.bobvila.com/articles/best-home-design-software/","1cdcde894f77ddfcb9c6e68d2e2ac53b2004cf9d9054526e44378191c23b99be","e5f687cc7f051cfb91dac6c378cd752d"
"The Best RV Sewer Hoses of 2021","Bob Vila","Spend less time at the dump station with one of these top sewer hoses.","2021-11-18 17:51:23","Home","https://www.bobvila.com/articles/best-rv-sewer-hoses/","1cdcde894f77ddfcb9c6e68d2e2ac53b2004cf9d9054526e44378191c23b99be","0c0a5c6e922a6f198073508211b1a885"
"The Best Drywall Sanders of 2021","Bob Vila","Proper sanding is key to achieving a high-quality finish with drywall. In this article we check out the best drywall sanding tools for all budgets.","2021-11-18 16:16:34","Home","https://www.bobvila.com/articles/best-drywall-sanders/","1cdcde894f77ddfcb9c6e68d2e2ac53b2004cf9d9054526e44378191c23b99be","2f0cf5b661077abccc5b340306d4ae54"
"This Customer-Favorite eufy Vacuum Is [TK] Off for Black Friday","Bob Vila","It’s the greatest gift of all: never having to vacuum the floors. Don’t wait for this price to be lower—this robot vacuum might be gone before you know it.","2021-11-18 15:57:20","Home","https://www.bobvila.com/articles/prewritten-single-deals-post-eufy-robovac/","1cdcde894f77ddfcb9c6e68d2e2ac53b2004cf9d9054526e44378191c23b99be","0dd0b1184fddf4f7aaa5e6169cefef47"
"Don’t Wait Until the First Snow Hits: This Black Friday Deal Slashed [TK Amount] off This Snowblower","Bob Vila","Winter is coming—don’t be caught shoveling your whole driveway by hand when you can get an amazing deal on this powerful snowblower.","2021-11-18 15:03:35","Home","https://www.bobvila.com/articles/black-friday-snowblower-deal/","1cdcde894f77ddfcb9c6e68d2e2ac53b2004cf9d9054526e44378191c23b99be","b914fa1ff6425aa2eca2d4640e887525"
"The [TK] Best Black Friday Deals on Tools From [Brand], [Brand], and [Brand]","Bob Vila","Black Friday deals are here, and it’s the perfect time to score some of the best deals on tools from top retailers like [retailer] and [retailer].","2021-11-18 14:57:51","Home","https://www.bobvila.com/articles/black-friday-tool-deals/","1cdcde894f77ddfcb9c6e68d2e2ac53b2004cf9d9054526e44378191c23b99be","3a8131143ce49b40319bbd5f47b8d34b"
"Score Incredible Prices on the [TK] Best Black Friday Tech Deals","Bob Vila","There’s no better time to get an unbeatable price on a new laptop, e-reader, or smart-home device. But these prices won’t last forever!","2021-11-18 14:55:53","Home","https://www.bobvila.com/articles/black-friday-tech-deals-news/","1cdcde894f77ddfcb9c6e68d2e2ac53b2004cf9d9054526e44378191c23b99be","051a153377094ce141ff36bf7efdce3b"
"This Black Friday Deal on Apple AirPods Pro Is So Good, You’ll Have to Buy a Pair for Everyone on Your List","Bob Vila","We haven’t seen an AirPods Pro price this low in a while. But hurry: As one of the top-selling products of the holiday season, it may not be in stock for long.","2021-11-18 14:51:46","Home","https://www.bobvila.com/articles/black-friday-apple-airpods-pro-deal/","1cdcde894f77ddfcb9c6e68d2e2ac53b2004cf9d9054526e44378191c23b99be","179b77f60964b0fb3fd4f984889ae6d3"
"The 35 Best Gifts for New Homeowners","Bob Vila","With so many items to choose from, finding the best gifts for new homeowners can be intimidating. Our comprehensive guide can help you find the perfect option to welcome them home.","2021-09-27 14:45:38","Home","https://www.bobvila.com/articles/gifts-for-new-homeowners/","1cdcde894f77ddfcb9c6e68d2e2ac53b2004cf9d9054526e44378191c23b99be","f358780737039e33ad7b5ddffe4f23c4"
"We Found the [TK] Best Black Friday TV Deals Happening Right Now","Bob Vila","","2021-11-19 04:37:58","Home","https://www.bobvila.com/","1cdcde894f77ddfcb9c6e68d2e2ac53b2004cf9d9054526e44378191c23b99be","1fe1d852f94575e3bd9a0c7e234db798"
