"The 29 Best Early Black Friday Deals at Best Buy","Wired","Due to shipping delays, the retailer's holiday sale event is starting early this year. It will refund the difference if a product is cheaper during Black Friday.","2021-11-01 20:45:00","Technology","https://www.wired.com/story/best-buy-early-black-friday-deals-2021/","1d10cd389b2c107576bfa6bf89eb3e41c1d0b4cfb0f4db92ddd6dadc8150dd20","50a990ee12b1ffb448b9384d205e7531"
"These Are the Gifts Teens Actually Want","Wired","Teenagers can be scary, but these adolescent-approved gifts are sweet.","2021-11-01 14:00:00","Technology","https://www.wired.com/gallery/best-gift-ideas-for-teens/","1d10cd389b2c107576bfa6bf89eb3e41c1d0b4cfb0f4db92ddd6dadc8150dd20","efadf5dafa15aae987c329a4b53d98fa"
"7 Ways to Customize iOS 15’s Focus Mode for Work and Play","Wired","This new feature can help with more than just being productive. Use it to enjoy the moment in all kinds of activities.","2021-11-01 13:00:00","Technology","https://www.wired.com/story/7-tips-ios-15-focus-mode-work-play/","1d10cd389b2c107576bfa6bf89eb3e41c1d0b4cfb0f4db92ddd6dadc8150dd20","edca4c19fc8f6e979f29eb100fc37575"
"‘The Great Resignation’ Misses the Point","Wired","The phrase has come to describe record levels of job turnover. But it overlooks the bigger story: a radical rethinking of our relationship to work.","2021-11-01 13:00:00","Technology","https://www.wired.com/story/great-resignation-misses-the-point/","1d10cd389b2c107576bfa6bf89eb3e41c1d0b4cfb0f4db92ddd6dadc8150dd20","9e84759f49d17dabe14cbdbb3331f847"
"Which Amazon Fire Tablet Is Best for You?","Wired","Whether you need a travel-friendly slate or something affordable for the kids, we tested every model to find the right one for everybody.","2021-11-01 12:00:00","Technology","https://www.wired.com/story/best-amazon-fire-tablet/","1d10cd389b2c107576bfa6bf89eb3e41c1d0b4cfb0f4db92ddd6dadc8150dd20","4902bc42ccb8f1512b6d8a78965fb3a7"
"FitXR Is Gonna Make You Sweat (in the Metaverse)","Wired","The virtual reality workout app for Quest is a sweaty good time.","2021-11-01 12:00:00","Technology","https://www.wired.com/review/fitxr/","1d10cd389b2c107576bfa6bf89eb3e41c1d0b4cfb0f4db92ddd6dadc8150dd20","b5418f344b675bda021502a346c0dc02"
"The Demise of White House Market Will Shake Up the Dark Web","Wired","The popular marketplace’s closing leaves a big hole in the billion-dollar industry of illegal drugs, credit card and bank fraud, forged documents, and more.","2021-11-01 11:00:00","Technology","https://www.wired.com/story/white-house-market-dark-web-drugs-goes-down/","1d10cd389b2c107576bfa6bf89eb3e41c1d0b4cfb0f4db92ddd6dadc8150dd20","700a38d6ffdc2668961cc3503817d4b5"
"Black Friday Will Be Confusing (Again). Here Are Our Tips","Wired","The biggest sale day of the year has crept into an entire month of sales that ebb and flow. Here's how to make the most of it.","2021-11-01 11:00:00","Technology","https://www.wired.com/story/black-friday-2021-tips-and-tricks/","1d10cd389b2c107576bfa6bf89eb3e41c1d0b4cfb0f4db92ddd6dadc8150dd20","f97061c6bf8db5ac7d2e5ca86b5f6837"
"6 Ways to Fix Your Recruitment Problem","Wired","It’s time for companies to listen to candidates, understand the skills they actually need, and use technology when it helps.","2021-11-01 11:00:00","Technology","https://www.wired.com/story/how-to-fix-your-recruitment-problem/","1d10cd389b2c107576bfa6bf89eb3e41c1d0b4cfb0f4db92ddd6dadc8150dd20","55118e42ce0ab4a0012a14281c9ff43a"
"This Group Pushed More AI in US Security—and Boosted Big Tech","Wired","The National Security Commission on AI included members from Oracle, Google, Microsoft, and Amazon. Some of its recommendations are already federal law.","2021-11-01 11:00:00","Technology","https://www.wired.com/story/group-pushed-ai-us-security-boosted-tech/","1d10cd389b2c107576bfa6bf89eb3e41c1d0b4cfb0f4db92ddd6dadc8150dd20","d299f8f0458710aad53f278e265ed319"
"Stop Telling Kids They’ll Die From Climate Change","Wired","Many young people feel like their future is in peril. To make progress on climate change we must move past doomsday scenarios.","2021-11-01 11:00:00","Technology","https://www.wired.com/story/stop-telling-kids-theyll-die-from-climate-change/","1d10cd389b2c107576bfa6bf89eb3e41c1d0b4cfb0f4db92ddd6dadc8150dd20","e218614bd83934ea5cffa580046a0805"
"Merck’s Antiviral Could Be Just What Covid Was Waiting For","Wired","The pharmaceutical giant is making its oral antiviral drug widely available for all the world. But could Covid outsmart it?","2021-11-01 11:00:00","Technology","https://www.wired.com/story/merck-covid-antiviral-drug-molnupiravir/","1d10cd389b2c107576bfa6bf89eb3e41c1d0b4cfb0f4db92ddd6dadc8150dd20","6fcf51df4d17fada9e68f398a48e5276"
"The Race Is On to Develop a Vaccine Against Every Coronavirus","Wired","A “universal” shot would protect against every branch of Covid’s viral family tree—even future ones. But getting there won’t be easy.","2021-11-01 11:00:00","Technology","https://www.wired.com/story/the-race-is-on-to-develop-a-vaccine-against-every-coronavirus/","1d10cd389b2c107576bfa6bf89eb3e41c1d0b4cfb0f4db92ddd6dadc8150dd20","8f3af0389ab86cf406e3500d78e80ba4"
"Sharpen Your Kitchen Skills With These 7 Cookbooks","Wired","These titles emphasize technique and skill—and they're a strong foundation for the serious home chef's library.","2021-10-31 13:00:00","Technology","https://www.wired.com/gallery/cookbooks-for-kitchen-technique/","1d10cd389b2c107576bfa6bf89eb3e41c1d0b4cfb0f4db92ddd6dadc8150dd20","a4a3a21aa7e5847e93c6284403c7b26a"
"The Best Instant Cameras for Every Situation (and Budget)","Wired","Despite nearly dying off a decade ago, instant photo printing has come roaring back.","2021-10-31 13:00:00","Technology","https://www.wired.com/gallery/best-instant-cameras/","1d10cd389b2c107576bfa6bf89eb3e41c1d0b4cfb0f4db92ddd6dadc8150dd20","b7abb7663a660bd6bd5ebee8c2b8c4a0"
"Neuron Bursts Can Mimic a Famous AI Learning Strategy","Wired","A new model of learning centers on blasts of neural activity that act as teaching signals—approximating an algorithm called backpropagation.","2021-10-31 12:00:00","Technology","https://www.wired.com/story/neuron-bursts-can-mimic-a-famous-ai-learning-strategy/","1d10cd389b2c107576bfa6bf89eb3e41c1d0b4cfb0f4db92ddd6dadc8150dd20","251cc00d5c121702dd8d2e9ffc6ed478"
"How to Recover Earlier Versions of Files","Wired","Want to resurrect that paragraph from a few drafts ago, or dredge up the doc you accidentally deleted? Here are your options.","2021-10-31 12:00:00","Technology","https://www.wired.com/story/how-to-recover-file-versions/","1d10cd389b2c107576bfa6bf89eb3e41c1d0b4cfb0f4db92ddd6dadc8150dd20","cd111f98fc051bb2ae9dfe2f1350d16c"
"How to Talk to Children About Climate Change","Wired","Young people already know more than you might think. Here are some ways to approach the conversation, tailored for every age group.","2021-10-31 11:00:00","Technology","https://www.wired.com/story/how-to-talk-to-children-about-climate-change/","1d10cd389b2c107576bfa6bf89eb3e41c1d0b4cfb0f4db92ddd6dadc8150dd20","1845d4c2a7b29661d10c6e1dbaf09e84"
"Give Me My Hot Pink iPhone Already","Wired","I'm tired of minimalism and bland beige tones. Bring on the bright, bold, and weird.","2021-10-31 11:00:00","Technology","https://www.wired.com/story/give-me-my-bubblegum-pink-iphone/","1d10cd389b2c107576bfa6bf89eb3e41c1d0b4cfb0f4db92ddd6dadc8150dd20","6ceb04d997c9e7d48d64cb183fbef6a8"
"How to Put a Vaccine Card on Your Phone","Wired","Is that proof of vaccination card too big to fit in your pocket? Stick it on your phone instead.","2021-10-31 11:00:00","Technology","https://www.wired.com/story/how-to-put-vaccine-card-on-phone/","1d10cd389b2c107576bfa6bf89eb3e41c1d0b4cfb0f4db92ddd6dadc8150dd20","4aea47e15cc54f1f55be1c433267707c"
"These Batteries Can't Power a Car—but They Can Light a City","Wired","Entrepreneurs are devising innovative ways to reuse spent electric vehicle batteries. One promising idea is storing power from solar and wind farms.","2021-11-02 11:00:00","Technology","https://www.wired.com/story/batteries-cant-power-car-light-city/","1d10cd389b2c107576bfa6bf89eb3e41c1d0b4cfb0f4db92ddd6dadc8150dd20","da5b060252a0f38b983b0ee11c7121d6"
"Here’s Why You Shouldn’t Buy Apple’s Third-Gen AirPods","Wired","In the year 2021, there’s no reason to buy buds with no ear tips, no noise canceling, and mediocre battery life.","2021-11-02 11:00:00","Technology","https://www.wired.com/review/apple-airpods-2021/","1d10cd389b2c107576bfa6bf89eb3e41c1d0b4cfb0f4db92ddd6dadc8150dd20","3d55d8328a1f2a9e17890aea4ee9c3a6"
"Chloé Zhao Upends the Marvel Formula With Eternals","Wired","Reimagined characters, practical effects, intimate storytelling—the Oscar-winning director wants to alter what fans see in comic book movies.","2021-11-02 11:00:00","Technology","https://www.wired.com/story/chloe-zhao-eternals/","1d10cd389b2c107576bfa6bf89eb3e41c1d0b4cfb0f4db92ddd6dadc8150dd20","14acde143784f501500dd5edab563179"
"How to Use iCloud+'s New Security Features","Wired","Apple's cloud storage service now comes with perks—and they're designed to improve your digital privacy and security.","2021-11-02 11:00:00","Technology","https://www.wired.com/story/how-to-icloud-new-security-features/","1d10cd389b2c107576bfa6bf89eb3e41c1d0b4cfb0f4db92ddd6dadc8150dd20","3bf33593c429673bafa72f9e4a83973b"
"These Companies Are Already Living in Zuckerberg’s Metaverse","Wired","The Meta dream envisages whole companies operating in a virtual world. Many made the switch years ago—with mixed results.","2021-11-02 11:00:00","Technology","https://www.wired.com/story/these-companies-already-live-in-zuckerberg-metaverse/","1d10cd389b2c107576bfa6bf89eb3e41c1d0b4cfb0f4db92ddd6dadc8150dd20","b78beb9492aca6af00096b874fcb5f3a"
"Cars Are Going Electric. What Happens to the Used Batteries?","Wired","Used electric vehicle batteries could be the Achilles' heel of the transportation revolution—or the gold mine that makes it real.","2021-11-02 11:00:00","Technology","https://www.wired.com/story/cars-going-electric-what-happens-used-batteries/","1d10cd389b2c107576bfa6bf89eb3e41c1d0b4cfb0f4db92ddd6dadc8150dd20","7818b724193aaf2a147249422308f8d0"
"To Make an Eco-Friendly EV Battery, Think From the Inside Out","Wired","Battery packs are designed to stuff a lot of energy into a small amount of space. Some think they should be built for recycling too.","2021-11-02 11:00:00","Technology","https://www.wired.com/story/make-eco-friendly-ev-battery-think-inside-out/","1d10cd389b2c107576bfa6bf89eb3e41c1d0b4cfb0f4db92ddd6dadc8150dd20","e5b6277b99a5e2e5fa60dc92394e2552"
"Climate-Driven Extinction Made Mammals' Teeth Less Weird","Wired","Fossils show how species diversity—and dental diversity—suddenly collapsed 30 million years ago, suggesting a link between climate, diet, and survival.","2021-11-02 12:00:00","Technology","https://www.wired.com/story/climate-driven-extinction-made-mammals-teeth-less-weird/","1d10cd389b2c107576bfa6bf89eb3e41c1d0b4cfb0f4db92ddd6dadc8150dd20","f38b8e3c19ab66b77ee6cf09438848b8"
"The Bowers & Wilkins Zeppelin Is the Comeback King","Wired","This wireless wonder proves B&W has resurrected its iconic Zeppelin speaker with aplomb.","2021-11-02 12:00:00","Technology","https://www.wired.com/review/bowers-and-wilkins-zeppelin/","1d10cd389b2c107576bfa6bf89eb3e41c1d0b4cfb0f4db92ddd6dadc8150dd20","894079003d4335c270686c15210039d0"
"19 Face Masks We Actually Like to Wear","Wired","Our tips and picks to up your mask game—whether you’re heading back to the office or just want to stay safe and stylish.","2021-11-02 13:00:00","Technology","https://www.wired.com/gallery/best-face-masks/","1d10cd389b2c107576bfa6bf89eb3e41c1d0b4cfb0f4db92ddd6dadc8150dd20","4f4e6a78a17787b1dace672321d29526"
"How Social Media Can Give the Silent Generation a Voice","Wired","Sometimes the people least likely to engage with Twitter, Facebook, Instagram, or Zoom are the people who can benefit from it the most.","2021-11-02 13:00:00","Technology","https://www.wired.com/story/social-media-silent-generation/","1d10cd389b2c107576bfa6bf89eb3e41c1d0b4cfb0f4db92ddd6dadc8150dd20","05d6d5fbc209a029749368adb3856fd1"
"How a Squid Game Crypto Scam Got Away With Millions","Wired","On the front lines of the $SQUID “rug pull” that left investors in the lurch.","2021-11-02 18:47:56","Technology","https://www.wired.com/story/squid-game-coin-crypto-scam/","1d10cd389b2c107576bfa6bf89eb3e41c1d0b4cfb0f4db92ddd6dadc8150dd20","634d45d5c1899f0bff58be2b3c692d64"
"Facebook Drops Facial Recognition to Tag People in Photos","Wired","The social media company will delete data from images of more than 1 billion people.","2021-11-02 23:38:52","Technology","https://www.wired.com/story/facebook-drops-facial-recognition-tag-people-photos/","1d10cd389b2c107576bfa6bf89eb3e41c1d0b4cfb0f4db92ddd6dadc8150dd20","9eef6d8b86f9503121a655c6ef079452"
"Join Us for This Year’s RE:WIRED Celebration","Wired","Prince Harry, Jony Ive, Neal Stephenson, Timnit Gebru, and more will discuss some of the biggest challenges facing humanity.","2021-11-03 10:00:00","Technology","https://www.wired.com/story/2021-rewired-conference-announcement/","1d10cd389b2c107576bfa6bf89eb3e41c1d0b4cfb0f4db92ddd6dadc8150dd20","5defb6a1b236cb2b0636b9542f34488b"
"Even as China Cracks Down on Tech, AI Companies Plan IPOs","Wired","SenseTime and Megvii both include facial recognition technology among their offerings and do a lot of business with government agencies.","2021-11-03 11:00:00","Technology","https://www.wired.com/story/china-cracks-down-tech-ai-companies-plan-ipos/","1d10cd389b2c107576bfa6bf89eb3e41c1d0b4cfb0f4db92ddd6dadc8150dd20","7b6198d2e2175b948d63a10e4ff8ca28"
"The United Nations Could Finally Create New Rules for Space","Wired","The proposal to create a process for preventing military confrontations and misunderstandings in orbit would be the first major step in more than 40 years.","2021-11-03 11:00:00","Technology","https://www.wired.com/story/the-united-nations-could-finally-create-new-rules-for-space/","1d10cd389b2c107576bfa6bf89eb3e41c1d0b4cfb0f4db92ddd6dadc8150dd20","e9d4e8823e157e3e51dda14d5d0deffd"
"Our Favorite Digital Gift Ideas for Friends and Family","Wired","Forget the wrapping paper and shipping. Go digital this year with subscriptions, ebooks, apps, and more.","2021-11-03 11:00:00","Technology","https://www.wired.com/story/gift-cards-and-digital-gift-ideas/","1d10cd389b2c107576bfa6bf89eb3e41c1d0b4cfb0f4db92ddd6dadc8150dd20","b9f0b71e88a53d09e613731be8947ca1"
"Of All the Video Game Remakes, Why Not SSX?","Wired","Twenty years after the game's initial release, SSX still has a passionate fan base longing for a revival.","2021-11-03 12:00:00","Technology","https://www.wired.com/story/why-no-ssx-remake/","1d10cd389b2c107576bfa6bf89eb3e41c1d0b4cfb0f4db92ddd6dadc8150dd20","1108efd21d293994ec688f983027e7d7"
"This Kindle Paperwhite is Almost Better Than the Pricey Oasis","Wired","With better battery life, faster charging, a bigger screen, and more storage, the newest Paperwhite is worth the upgrade.","2021-11-03 12:00:00","Technology","https://www.wired.com/review/kindle-paperwhite-2021/","1d10cd389b2c107576bfa6bf89eb3e41c1d0b4cfb0f4db92ddd6dadc8150dd20","5d9001014c325d36d76821cce6226120"
"As the Arctic Warms, AI Forecasts Scope Out Shifting Sea Ice","Wired","Global warming is making it harder to predict the movement and location of the ice cover, crucial information for fishing and global shipping.","2021-11-03 12:00:00","Technology","https://www.wired.com/story/as-the-arctic-warms-ai-forecasts-scope-out-shifting-sea-ice/","1d10cd389b2c107576bfa6bf89eb3e41c1d0b4cfb0f4db92ddd6dadc8150dd20","f01307b1e6fe1c01cea4158495bea032"
"An Ethics Bounty System Could Help Clean Up the Web","Wired","Tech companies just need to adapt the bug bounty system they already use to detect vulnerabilities in code.","2021-11-03 13:00:00","Technology","https://www.wired.com/story/big-tech-ethics-bug-bounty/","1d10cd389b2c107576bfa6bf89eb3e41c1d0b4cfb0f4db92ddd6dadc8150dd20","acad040dde179a29e80e3143ba3fc365"
"The 6 Best Sunrise Alarms to Help You Rise and Shine","Wired","Dead tired of feeling like a zombie in the morning? Wake up more easily (and catch more Z's) with an artificial sun simulator.","2021-11-03 13:00:00","Technology","https://www.wired.com/gallery/best-sunrise-alarm-clocks/","1d10cd389b2c107576bfa6bf89eb3e41c1d0b4cfb0f4db92ddd6dadc8150dd20","3b99fd50374478567b9b253796cace64"
"Why Can’t People Teleport?","Wired","Set your phasers on stun, because we are going to beam you up on the physics of teleportation.","2021-11-03 13:00:00","Technology","https://www.wired.com/story/why-cant-people-teleport/","1d10cd389b2c107576bfa6bf89eb3e41c1d0b4cfb0f4db92ddd6dadc8150dd20","dbe6917115f8770c59f297ad2894868a"
"‘New Game+’ Is a Terrible Name but Offers a Great Advantage","Wired","Enabling the feature in Horizon Zero Dawn allows you to learn how to play it in a whole new way.","2021-11-03 13:00:00","Technology","https://www.wired.com/story/new-game-plus-advantages/","1d10cd389b2c107576bfa6bf89eb3e41c1d0b4cfb0f4db92ddd6dadc8150dd20","5561d27094dd8c503983e478d5422476"
"Movies Need to Stop Using Historical Atrocities for Pathos","Wired","Marvel’s Eternals is just the latest genre film to clumsily use horrific real-world events in an attempt to elevate its narrative.","2021-11-03 14:13:55","Technology","https://www.wired.com/story/eternals-marvel-history/","1d10cd389b2c107576bfa6bf89eb3e41c1d0b4cfb0f4db92ddd6dadc8150dd20","0069e838e4132d35ec44816ae04a62f8"
"The 16 Best Wireless Headphones for Everyone","Wired","Even if you’re on a budget, these wireless headphones sound like a million bucks.","2021-11-03 14:00:00","Technology","https://www.wired.com/gallery/best-wireless-headphones/","1d10cd389b2c107576bfa6bf89eb3e41c1d0b4cfb0f4db92ddd6dadc8150dd20","b84ec3baca568f6ba210948a634cc820"
"Six-Word Sci-Fi: Stories Written by You","Wired","Here's this month's prompt, how to submit, and an illustrated archive of past favorites.","2021-11-03 16:30:00","Technology","https://www.wired.com/story/six-word-sci-fi/","1d10cd389b2c107576bfa6bf89eb3e41c1d0b4cfb0f4db92ddd6dadc8150dd20","95656d164a7bfc415e131b302ae761f5"
"The Facebook Papers Must Be Shared With Outlets Globally","Wired","The news consortium exposing the company's worldwide abuses hasn’t included the journalists best equipped to report on them—those in the global south.","2021-11-03 17:31:56","Technology","https://www.wired.com/story/facebook-papers-consortium-global-outlets/","1d10cd389b2c107576bfa6bf89eb3e41c1d0b4cfb0f4db92ddd6dadc8150dd20","ac65d1a143ead372ddde047939e7a520"
"8 Early Black Friday TV Deals to Help You Cozy Up This Fall","Wired","From LG OLEDs to affordable TCL screens, a ton of our favorite models are steeply discounted.","2021-11-03 19:30:00","Technology","https://www.wired.com/story/tv-deals-october-20-2021/","1d10cd389b2c107576bfa6bf89eb3e41c1d0b4cfb0f4db92ddd6dadc8150dd20","05de38997f061fa091bf0a1fbbba496c"
"EA Sports Might Lose ‘FIFA,’ and That’s Not So Bad","Wired","As the two sides negotiate over the price of the brand, “this is a time when you say goodbye to FIFA,” says one former EA exec.","2021-11-03 20:07:45","Technology","https://www.wired.com/story/ea-sports-might-lose-fifa-and-thats-not-so-bad/","1d10cd389b2c107576bfa6bf89eb3e41c1d0b4cfb0f4db92ddd6dadc8150dd20","143ff5cf86531fc7f745b65d3cbbcba0"
"Google Staff Squirm as Remote Workers Face Pay Cuts","Wired","As more and more people switch to working from home, some are left counting the cost.","2021-11-04 11:00:00","Technology","https://www.wired.com/story/google-remote-work-pay-cuts-big-tech/","1d10cd389b2c107576bfa6bf89eb3e41c1d0b4cfb0f4db92ddd6dadc8150dd20","69c5723d0b556614e97605bf0493e7b4"
"Parents Built a School App. Then the City Called the Cops","Wired","Stockholm’s official app was a disaster. So annoyed parents built their own open source version—ignoring warnings that it might be illegal.","2021-11-04 11:00:00","Technology","https://www.wired.com/story/sweden-stockholm-school-app-open-source/","1d10cd389b2c107576bfa6bf89eb3e41c1d0b4cfb0f4db92ddd6dadc8150dd20","476ecadf6cfe1d25f0b201c0f975fa04"
"The Cutest Way to Fight Climate Change? Send in the Otters","Wired","Saving California's adorable (and very hungry) sea otters helps control other species, leading to the growth of more carbon-sequestering vegetation.","2021-11-04 11:00:00","Technology","https://www.wired.com/story/the-cutest-way-to-fight-climate-change-send-in-the-otters/","1d10cd389b2c107576bfa6bf89eb3e41c1d0b4cfb0f4db92ddd6dadc8150dd20","57b012c0015058d94d1e315b0756ed70"
"Inside the Negotiations to Decide the Fate of Our Planet","Wired","At COP26 in Glasgow, negotiators can easily lose track of what day it is as they scramble to save us from climate chaos.","2021-11-04 11:00:00","Technology","https://www.wired.com/story/cop-26-climate-crisis-negotiations/","1d10cd389b2c107576bfa6bf89eb3e41c1d0b4cfb0f4db92ddd6dadc8150dd20","9362edd071bbbece2c21cad41705510e"
"The Metaverse Is Simply Big Tech, but Bigger","Wired","It’s a rebrand of Silicon Valley's increasing power and reach. And it’s made for companies, not people.","2021-11-04 11:00:00","Technology","https://www.wired.com/story/big-tech-metaverse-internet-consolidation-business/","1d10cd389b2c107576bfa6bf89eb3e41c1d0b4cfb0f4db92ddd6dadc8150dd20","dad0f0ea4df37b7f25097801ef1f5e39"
"Microsoft Surface Duo 2: A Bad Case for 2 Screens","Wired","Microsoft's book-phone displays flashes of brilliance, but delivers endless annoyance.","2021-11-04 11:00:00","Technology","https://www.wired.com/review/microsoft-surface-duo-2/","1d10cd389b2c107576bfa6bf89eb3e41c1d0b4cfb0f4db92ddd6dadc8150dd20","41ee2f743b47541da8d908d2b6358126"
"Video Games Inspire a Generation of Classical Music Fans","Wired","Game soundtracks are making waves in the classical community, and a new generation of composers and aficionados are starting to pay attention.","2021-11-04 13:00:00","Technology","https://www.wired.com/story/video-games-classical-music-composers/","1d10cd389b2c107576bfa6bf89eb3e41c1d0b4cfb0f4db92ddd6dadc8150dd20","a0c5c78c09d0a6cf6484fcdd7e8073d8"
"These Philadelphians Created an App to Prevent Gun Violence","Wired","Two neighbors stepped up to use technology to protect their community, and now they're sharing how easy it is for others to do the same.","2021-11-04 12:00:00","Technology","https://www.wired.com/story/philly-truce-app-stop-gun-violence/","1d10cd389b2c107576bfa6bf89eb3e41c1d0b4cfb0f4db92ddd6dadc8150dd20","bce7bfff1a7469e64d6a11cc36778849"
"LG's Gaming Soundbar Misses Where It Counts","Wired","I'd love a portable, desktop soundbar for headset-free chat while gaming. Just … not this one.","2021-11-04 12:00:00","Technology","https://www.wired.com/review/lg-ultragear-gp9-soundbar-review/","1d10cd389b2c107576bfa6bf89eb3e41c1d0b4cfb0f4db92ddd6dadc8150dd20","76a4f1739bba7e1933e93e60b5914287"
"The Best Laptop Stands to Save Your Achin' Neck","Wired","Help your back and posture by raising your computer screen up to eye level.","2021-11-04 14:00:00","Technology","https://www.wired.com/gallery/best-laptop-stands/","1d10cd389b2c107576bfa6bf89eb3e41c1d0b4cfb0f4db92ddd6dadc8150dd20","6473115d5535bab6ef827cd1c306cc81"
"The Guide for the Next Decade of Space Research Just Dropped","Wired","The Astro2020 Decadal Survey's top priorities include new telescopes, the search for habitable exoplanets, and far-infrared and x-ray probe missions.","2021-11-04 15:41:04","Technology","https://www.wired.com/story/the-guide-for-the-next-decade-of-space-research-just-dropped/","1d10cd389b2c107576bfa6bf89eb3e41c1d0b4cfb0f4db92ddd6dadc8150dd20","c75af4731d236718a063a5f34d564c9b"
"The Best USB Flash Drives for Ultra-Portable Storage","Wired","These WIRED-tested memory sticks are a virtual filing cabinet in your pocket.","2021-11-04 15:00:00","Technology","https://www.wired.com/gallery/best-usb-flash-drives/","1d10cd389b2c107576bfa6bf89eb3e41c1d0b4cfb0f4db92ddd6dadc8150dd20","9ce389392aad244bdb74f064f070e2e9"
"The 35 Best Early Black Friday Deals at Best Buy","Wired","Due to shipping delays, the retailer's holiday sale event started early this year. It will refund the difference if a product is cheaper during Black Friday.","2021-11-04 19:45:00","Technology","https://www.wired.com/story/best-buy-early-black-friday-deals-2021/","1d10cd389b2c107576bfa6bf89eb3e41c1d0b4cfb0f4db92ddd6dadc8150dd20","754d29db3c532f87b36a2d59dac389aa"
"The Skyrim and Sopranos Meme Universes Are Colliding","Wired","The way we remember our pop culture favorites is increasingly inseparable from the memes they generate. But those memes can take on a life of their own.","2021-11-05 11:00:00","Technology","https://www.wired.com/story/sopranos-skyrim-memes/","1d10cd389b2c107576bfa6bf89eb3e41c1d0b4cfb0f4db92ddd6dadc8150dd20","a0160655be8ed2c067e7be10d3857209"
"Ignore China’s New Data Privacy Law at Your Peril","Wired","The Personal Information Protection Law gives authorities the power to impose huge fines and blacklist companies. But the biggest impact may be felt outside the country.","2021-11-05 11:00:00","Technology","https://www.wired.com/story/china-personal-data-law-pipl/","1d10cd389b2c107576bfa6bf89eb3e41c1d0b4cfb0f4db92ddd6dadc8150dd20","fa0cf1da9681f9ccb048c678d2c5c770"
"It’s Time to Delete Carbon From the Atmosphere. But How?","Wired","It’s not enough to drastically slash emissions. To stave off the worst of climate change, humanity needs to capture the carbon that's already in the air.","2021-11-05 11:00:00","Technology","https://www.wired.com/story/its-time-to-delete-carbon-from-the-atmosphere-but-how/","1d10cd389b2c107576bfa6bf89eb3e41c1d0b4cfb0f4db92ddd6dadc8150dd20","c4773f237b832a89082a2fa382c8f6fc"
"Lenovo's Newest ThinkPad X1 Extreme Is a Windows Workhorse","Wired","Ports aplenty, optional RTX 3080 power, and a very nice keyboard make this an extremely good laptop for power users.","2021-11-05 11:00:00","Technology","https://www.wired.com/review/lenovo-thinkpad-x1-extreme/","1d10cd389b2c107576bfa6bf89eb3e41c1d0b4cfb0f4db92ddd6dadc8150dd20","29592d67a1db1a1775565c609f0d5c40"
"These Robots Follow You to Learn Where to Go","Wired","Burro makes carts that help growers of trees and vineyards with harvests. Meanwhile, the maker of Vespa scooters wants to carry your groceries.","2021-11-05 11:00:00","Technology","https://www.wired.com/story/robots-follow-learn-where-go/","1d10cd389b2c107576bfa6bf89eb3e41c1d0b4cfb0f4db92ddd6dadc8150dd20","dce4adab571bc6cf0802aed268697afe"
"Don't Expect That New PS5 or Ebike to Arrive by the Holidays","Wired","This week, we break down what’s happening with the global supply chain and offer some tips on how to get your gifts in time.","2021-11-05 12:00:00","Technology","https://www.wired.com/story/gadget-lab-podcast-528/","1d10cd389b2c107576bfa6bf89eb3e41c1d0b4cfb0f4db92ddd6dadc8150dd20","196d146bf11f6b1269a4d711b9b1a1bd"
"The Best Mechanical Keyboards for Work and Play","Wired","Whether you're looking to boost your productivity or your Fortnite stats, these are the top typing peripherals for the job.","2021-11-05 13:00:00","Technology","https://www.wired.com/gallery/best-keyboards/","1d10cd389b2c107576bfa6bf89eb3e41c1d0b4cfb0f4db92ddd6dadc8150dd20","b1396f77d539cc351cd5f57870da4bf0"
"Want to Lie on a Bed of Nails? Physics Has Your Back","Wired","This is the science of why you can recline on an array of very sharp things without getting the pointy end of the stick.","2021-11-05 13:00:00","Technology","https://www.wired.com/story/want-to-lie-on-a-bed-of-nails-physics-has-your-back/","1d10cd389b2c107576bfa6bf89eb3e41c1d0b4cfb0f4db92ddd6dadc8150dd20","1738ca399e8e7da324d3155713426eec"
"The Metaverse Is Mark Zuckerberg’s Mobile Do-Over","Wired","Plus: Facebook’s Home flop, the trouble with Covid answers, and good and bad news from Gaia.","2021-11-05 13:00:00","Technology","https://www.wired.com/story/plaintext-metaverse-mark-zuckerberg-mobile-do-over/","1d10cd389b2c107576bfa6bf89eb3e41c1d0b4cfb0f4db92ddd6dadc8150dd20","5f72d065aa9b9a2fda60cf55aa4a336f"
"The Real Problem With Eternals","Wired","Director Chloé Zhao’s foray into the Marvel Cinematic Universe was simply asked to do too much.","2021-11-05 13:00:00","Technology","https://www.wired.com/story/eternals-review/","1d10cd389b2c107576bfa6bf89eb3e41c1d0b4cfb0f4db92ddd6dadc8150dd20","2494ca9e266e513954a44aaa53d48f2c"
"Open Source Doesn't Mean More Software Is Better Software","Wired","The battle between Mastodon and Trump’s Truth Social is a reminder that while the internet has changed, the ideals of free software haven't. That's a problem.","2021-11-05 13:00:00","Technology","https://www.wired.com/story/more-software-isnt-better-software/","1d10cd389b2c107576bfa6bf89eb3e41c1d0b4cfb0f4db92ddd6dadc8150dd20","b0d02a57e89f9967919d77f0a85d0281"
"Dune Is a Novel Adaptation Done Right","Wired","Denis Villeneuve's version of Frank Herbert's 1965 novel actually respects its source material.","2021-11-05 16:00:00","Technology","https://www.wired.com/2021/11/geeks-guide-dune-good-adaptation/","1d10cd389b2c107576bfa6bf89eb3e41c1d0b4cfb0f4db92ddd6dadc8150dd20","446c2d4c17c4b842229b1bf714170b7e"
"The Wild Rise of Moonbug—YouTube’s Magic Money Machine","Wired","The company, which runs several channels full of children's content, just sold for $3 billion. Disney, look out.","2021-11-05 16:44:26","Technology","https://www.wired.com/story/moonbug-cocomelon-youtube-kids/","1d10cd389b2c107576bfa6bf89eb3e41c1d0b4cfb0f4db92ddd6dadc8150dd20","86956155c11a386d313d6cad12b9ec81"
"16 Great Deals from Target’s Early Holiday Sale","Wired","Find stand mixers, Nest security cameras, and robot vacuums discounted at stellar prices.","2021-11-05 16:30:00","Technology","https://www.wired.com/story/target-early-black-friday-deals-2021/","1d10cd389b2c107576bfa6bf89eb3e41c1d0b4cfb0f4db92ddd6dadc8150dd20","1ba67aee7804b8bbabed517714457a5e"
"A Drone Tried to Disrupt the Power Grid. It Won't Be the Last","Wired","An attack attempt in 2020 proves the UAS threat is real—and not enough is being done to stop it.","2021-11-05 18:42:48","Technology","https://www.wired.com/story/drone-attack-power-substation-threat/","1d10cd389b2c107576bfa6bf89eb3e41c1d0b4cfb0f4db92ddd6dadc8150dd20","e01b43ac1fba9a7f1bb2e75398a71c17"
"The Best Vibrators and Sex Toys for Every Body","Wired","These are our favorite gender-inclusive adult devices to give you and your partner(s) a helping hand.","2021-11-07 15:00:00","Technology","https://www.wired.com/gallery/best-sex-toys-and-tech/","1d10cd389b2c107576bfa6bf89eb3e41c1d0b4cfb0f4db92ddd6dadc8150dd20","d7ff3c7062dbc877dc469dec6fb8dfcf"
"The 15 Best (and Worst) Mattresses You Can Buy Online","Wired","We tested dozens of bed-in-a-box hybrid, foam, innerspring, latex, and certified organic mattresses.","2021-11-07 15:00:00","Technology","https://www.wired.com/gallery/best-mattresses/","1d10cd389b2c107576bfa6bf89eb3e41c1d0b4cfb0f4db92ddd6dadc8150dd20","d3ae7d41cc1eb78a2468924eb0118796"
"The US Puts a $10M Bounty on DarkSide Ransomware Hackers","Wired","Plus: a “Trojan Source” bug, Russian hackers exposed, and more of the week's top security news.","2021-11-07 14:17:18","Technology","https://www.wired.com/story/darkside-ransomware-ukraine-russia-trojan-source-security-news/","1d10cd389b2c107576bfa6bf89eb3e41c1d0b4cfb0f4db92ddd6dadc8150dd20","3deaefc6e4d755878d94e1cd4d30c2ef"
"Lidar Uncovers Hundreds of Lost Maya and Olmec Ruins","Wired","An aerial survey in southern Mexico discovered a host of ceremonial sites that could date as far back as 1100 BC.","2021-11-07 14:00:00","Technology","https://www.wired.com/story/lidar-uncovers-lost-maya-olmec-ruins/","1d10cd389b2c107576bfa6bf89eb3e41c1d0b4cfb0f4db92ddd6dadc8150dd20","7481c52a87748bcbc9b2f7a61e46a0d8"
"The Husqvarna 435X AWD Automower Manicures Your Lawn","Wired","The Husqvarna 435X is a silent, automatic robot that will save you from mowing your grass ever again. But it's not cheap.","2021-11-07 14:00:00","Technology","https://www.wired.com/review/husqvarna-435x-awd-automower/","1d10cd389b2c107576bfa6bf89eb3e41c1d0b4cfb0f4db92ddd6dadc8150dd20","7097598ac28e678b7544984961c9eb79"
"How to Troubleshoot Someone Else’s Phone Remotely","Wired","A friend or family member needs help with their phone, but you're not with them—here's what you need to do.","2021-11-07 13:00:00","Technology","https://www.wired.com/story/how-to-troubleshoot-phone-remotely/","1d10cd389b2c107576bfa6bf89eb3e41c1d0b4cfb0f4db92ddd6dadc8150dd20","0bac76b6040a0d9382844cbbfe8904ec"
"Mathematicians Finally Prove That Melting Ice Stays Smooth","Wired","They now have a complete understanding of the complicated equations that model the motion of free boundaries, like the one between ice and water.","2021-11-07 13:00:00","Technology","https://www.wired.com/story/mathematicians-finally-prove-that-melting-ice-stays-smooth/","1d10cd389b2c107576bfa6bf89eb3e41c1d0b4cfb0f4db92ddd6dadc8150dd20","8dc6ac6d6f76a996815c34f8e2706b32"
"Big Tech's Psychedelics Grift","Wired","There's no need for expensive clinics with woo accoutrements—real transformation means access for all.","2021-11-07 12:00:00","Technology","https://www.wired.com/story/psychedelics-psychiatry-big-tech-mental-health/","1d10cd389b2c107576bfa6bf89eb3e41c1d0b4cfb0f4db92ddd6dadc8150dd20","084949e5da360badebad3d2030825ae6"
"Salt Bae’s Next Great Act? Endless Content","Wired","Turkish chef Nusret Gökçe's restaurants serve something different: moments sure to go viral on social media.","2021-11-07 12:00:00","Technology","https://www.wired.com/story/salt-bae-restaurant-viral-videos/","1d10cd389b2c107576bfa6bf89eb3e41c1d0b4cfb0f4db92ddd6dadc8150dd20","bcf4882b9a03cdd76d1d7f25b7a24e9f"
"Honor May Not Be as Free From Huawei as It Claims","Wired","With remarkably similar phones and user interfaces, Honor has a long way to go to separate itself from its former owner.","2021-11-07 12:00:00","Technology","https://www.wired.com/story/honor-huawei-smartphones-separation/","1d10cd389b2c107576bfa6bf89eb3e41c1d0b4cfb0f4db92ddd6dadc8150dd20","fea1d1821ea0d5c0c52404e4b58d52bf"
"Kia's EV6 Is One Fine Tech-Boosted Ride","Wired","The Korean company's superb new electric flagship gets so much right it's almost a shame to point out the few missteps.","2021-11-06 18:33:00","Technology","https://www.wired.com/review/kia-ev6/","1d10cd389b2c107576bfa6bf89eb3e41c1d0b4cfb0f4db92ddd6dadc8150dd20","344c7b5d3609c26c9b3c61648a271791"
"The Best Base Layers to Keep You Warm","Wired","Nail the basics with our favorite blended, merino wool, and synthetic base layer tops.","2021-11-06 14:00:00","Technology","https://www.wired.com/gallery/best-base-layers-winter/","1d10cd389b2c107576bfa6bf89eb3e41c1d0b4cfb0f4db92ddd6dadc8150dd20","1a135e9f37adc9ff6467e9c92d13a995"
"The 13 Best Electric Bikes for Every Kind of Ride","Wired","A battery-powered motor lets you enjoy most of the benefits of biking, minus the sweat.","2021-11-06 13:00:00","Technology","https://www.wired.com/gallery/best-electric-bikes/","1d10cd389b2c107576bfa6bf89eb3e41c1d0b4cfb0f4db92ddd6dadc8150dd20","89ebf2ddf4bbc915e8b94710e87828f1"
"Kenji Eno Broke New Ground for Video Games","Wired","The visionary developer was one of the first to implement cinematic stylings, package titles with freebies, and roll out limited editions.","2021-11-06 13:00:00","Technology","https://www.wired.com/story/kenji-eno-retrospective/","1d10cd389b2c107576bfa6bf89eb3e41c1d0b4cfb0f4db92ddd6dadc8150dd20","b65392da93a2ad43db0ac903fbf343ac"
"Bright Spots in the Global Coral Reef Catastrophe","Wired","The first major report on the world’s reefs presents a grim picture of losses from global warming. But there are signs corals can recover if given a reprieve.","2021-11-06 12:00:00","Technology","https://www.wired.com/story/there-are-bright-spots-in-the-global-coral-reef-catastrophe/","1d10cd389b2c107576bfa6bf89eb3e41c1d0b4cfb0f4db92ddd6dadc8150dd20","7f13ff933a5713dc51168acbc06962b4"
"The Best Coffee Grinders to Amp Up Your Morning Brew","Wired","Get more joy from your java. These conical burr, flatt burr, and blade grinders let you enjoy freshly ground whole beans in every cup.","2021-11-06 12:00:00","Technology","https://www.wired.com/gallery/best-coffee-grinders/","1d10cd389b2c107576bfa6bf89eb3e41c1d0b4cfb0f4db92ddd6dadc8150dd20","eaa69ca355c699baaaaf9830e7daaa0f"
"How to Prepare for Power Outages","Wired","Whether there's a flood or a fallen tree, your power will go out eventually. Here's how to prepare for an outage that lasts minutes, hours, or days.","2021-11-06 12:00:00","Technology","https://www.wired.com/story/how-to-prepare-power-outage/","1d10cd389b2c107576bfa6bf89eb3e41c1d0b4cfb0f4db92ddd6dadc8150dd20","c29c44c73d41ccfab7963049ceb9e961"
"1.8 TB of Police Helicopter Surveillance Footage Leaks Online","Wired","DDoSecrets published the trove Friday afternoon. Privacy advocates say it shows how pervasive law enforcement's eye has become, and how lax its data protection can be.","2021-11-05 23:30:51","Technology","https://www.wired.com/story/ddosecrets-police-helicopter-data-leak/","1d10cd389b2c107576bfa6bf89eb3e41c1d0b4cfb0f4db92ddd6dadc8150dd20","03fc78aa55c2ba34a1366e576e458bb9"
"Dyson's Entry-Level Stick Vacuum Is $130 Off Right Now","Wired","The V8 Motorhead Origin is lightweight, cordless, and quickly converts into a hand vac. What's not to love?","2021-11-05 19:00:00","Technology","https://www.wired.com/story/dyson-v8-deal-november-2021/","1d10cd389b2c107576bfa6bf89eb3e41c1d0b4cfb0f4db92ddd6dadc8150dd20","3a6e8051b5a7082b9700343fae4096a7"
"Terminator: Dark Fate Didn't Need an Exploding Airplane","Wired","The new movie in the franchise is too focused on trying to top the previous films.","2021-11-08 06:56:29","Technology","https://www.wired.com/2019/11/geeks-guide-terminator-dark-fate/","1d10cd389b2c107576bfa6bf89eb3e41c1d0b4cfb0f4db92ddd6dadc8150dd20","18f39180b71e6b6fb7eba0b74fbb436d"
"How to Watch RE:WIRED 2021","Wired","Join us for two days packed with conversations about how to build a better future.","2021-11-08 11:00:00","Technology","https://www.wired.com/story/how-to-watch-rewired-2021/","1d10cd389b2c107576bfa6bf89eb3e41c1d0b4cfb0f4db92ddd6dadc8150dd20","c5da5d4930378a96bc7df7ca8e92f90b"
"How To Fix Email … With Science!","Wired","Email isn’t broken—it’s the people who are the problem. But if you start treating it like old-fashioned snail mail, suddenly it makes sense again.","2021-11-08 12:00:00","Technology","https://www.wired.com/story/how-to-fix-email-science/","1d10cd389b2c107576bfa6bf89eb3e41c1d0b4cfb0f4db92ddd6dadc8150dd20","292576c9335e1ce615517e6120471eb4"
"The Best Tea Accessories for Sipping Steamy Beverages","Wired","Making tea can be a simple as dropping a bag in a cup. But if you want to elevate your tea experience, try a few of our favorite handy gadgets.","2021-11-08 12:00:00","Technology","https://www.wired.com/gallery/tea-guide/","1d10cd389b2c107576bfa6bf89eb3e41c1d0b4cfb0f4db92ddd6dadc8150dd20","9f8e5c4827469f1d212320a4f7f8678d"
"A New Dementia Test Raises More Questions Than Answers","Wired","A 5-minute assessment on an iPad could transform how we screen for dementia—or overwhelm the health care system with worried test-takers.","2021-11-08 12:00:00","Technology","https://www.wired.com/story/new-dementia-test-more-questions-than-answers/","1d10cd389b2c107576bfa6bf89eb3e41c1d0b4cfb0f4db92ddd6dadc8150dd20","3950a214d1d743c95ac9f42184ba977b"
"The Next Big Thing for RNA? Fixing Moldy Food","Wired","Covid vaccines alerted to the world to RNA's potential. Now the technology is being used as an alternative to pesticides.","2021-11-08 12:00:00","Technology","https://www.wired.com/story/rna-crop-sprays-presticides/","1d10cd389b2c107576bfa6bf89eb3e41c1d0b4cfb0f4db92ddd6dadc8150dd20","f8e94fd13a89454c7956b03a317ed42a"
"Sodium Batteries May Power Your New Electric Car","Wired","As EV sales increase, supplies of lithium may get tight. So some companies are incorporating cells with sodium, which provides almost as big a charge.","2021-11-08 12:00:00","Technology","https://www.wired.com/story/sodium-batteries-power-new-electric-car/","1d10cd389b2c107576bfa6bf89eb3e41c1d0b4cfb0f4db92ddd6dadc8150dd20","0d776e20db79141be103986ff2e13a44"
"All Our Favorite Accessories for the Nintendo Switch","Wired","Did you pick up the handheld console recently? Here are some screen protectors, chargers, and other extras for your new best friend.","2021-11-08 14:00:00","Technology","https://www.wired.com/gallery/best-nintendo-switch-accessories/","1d10cd389b2c107576bfa6bf89eb3e41c1d0b4cfb0f4db92ddd6dadc8150dd20","13bbeaeb633468e9f757e7086fa6f2be"
"The Turing Test Is Bad For Business","Wired","Artificial intelligence needs to focus on the augmentation game, not the imitation game.","2021-11-08 14:00:00","Technology","https://www.wired.com/story/artificial-intelligence-turing-test-economics-business/","1d10cd389b2c107576bfa6bf89eb3e41c1d0b4cfb0f4db92ddd6dadc8150dd20","edc49dbd068cdb37da340ddeec27322f"
"The Biggest Ransomware Bust Yet Might Actually Make an Impact","Wired","By arresting one alleged hacker associated with REVil and seizing millions from another, the US has made it clear that ransomware comes with a cost.","2021-11-09 00:55:14","Technology","https://www.wired.com/story/ransomware-revil-arrest-kaseya/","1d10cd389b2c107576bfa6bf89eb3e41c1d0b4cfb0f4db92ddd6dadc8150dd20","963bdc2e7b11d5eca27965cb1a4e7530"
"‘AR Is Where the Real Metaverse Is Going to Happen’","Wired","Facebook might aim to build an all-immersive digital matrix, but Niantic CEO John Hanke tells us that what he plans to do is take reality—and make it better.","2021-11-08 18:00:00","Technology","https://www.wired.com/story/john-hanke-niantic-augmented-reality-real-metaverse/","1d10cd389b2c107576bfa6bf89eb3e41c1d0b4cfb0f4db92ddd6dadc8150dd20","f2c8f1a803d168ca0d376dc503fcade8"
"5 Things You May Not Know About the Infrastructure Bill","Wired","Pedestrians and transit systems will benefit from the $1.2 trillion plan. So will the nation's broadband networks and climate change measures.","2021-11-09 12:00:00","Technology","https://www.wired.com/story/5-things-may-not-know-infrastructure-bill/","1d10cd389b2c107576bfa6bf89eb3e41c1d0b4cfb0f4db92ddd6dadc8150dd20","620839e6f65a528933071c5e3829e3c0"
"Netflix, Please Add a ‘Watched It’ Button Already","Wired","Wait a minute ... I've seen this before! Why is it so hard to filter out movies and shows on streaming services?","2021-11-09 12:00:00","Technology","https://www.wired.com/story/streaming-services-netflix-watched-it-rant/","1d10cd389b2c107576bfa6bf89eb3e41c1d0b4cfb0f4db92ddd6dadc8150dd20","7901260a5713e58893655ae1fd9b5b98"
"The Long Search for a Computer That Speaks Your Mind","Wired","The trick is to use data from the brain to synthesize speech in real time so users can practice and the machine can learn. New systems are getting there.","2021-11-09 12:00:00","Technology","https://www.wired.com/story/the-long-search-for-a-computer-that-speaks-your-mind/","1d10cd389b2c107576bfa6bf89eb3e41c1d0b4cfb0f4db92ddd6dadc8150dd20","d6a7827f6aa922a20ba23f684168e40e"
"The Infrastructure Bill: 5 Key Takeaways","Wired","Pedestrians and transit systems will benefit from the $1.2 trillion plan. So will the nation's broadband networks and climate change measures.","2021-11-09 12:00:00","Technology","https://www.wired.com/story/5-things-may-not-know-infrastructure-bill/","1d10cd389b2c107576bfa6bf89eb3e41c1d0b4cfb0f4db92ddd6dadc8150dd20","346c9e79d625d25455e1583ac842b4e8"
"The Long Search for a Brain Computer Interface That Speaks Your Mind","Wired","The trick is to use data from the brain to synthesize speech in real time so users can practice and the machine can learn. New BCI systems are getting there.","2021-11-09 12:00:00","Technology","https://www.wired.com/story/the-long-search-for-a-computer-that-speaks-your-mind/","1d10cd389b2c107576bfa6bf89eb3e41c1d0b4cfb0f4db92ddd6dadc8150dd20","67d2b7bb75a3d0a2ed305424be7b976a"
"The Best Crossplay Games for Consoles and PC","Wired","These titles let you keep playing across Xbox, PC, Switch, and even mobile.","2021-11-09 13:00:00","Technology","https://www.wired.com/story/crossplay-games-console-pc-switch-mobile/","1d10cd389b2c107576bfa6bf89eb3e41c1d0b4cfb0f4db92ddd6dadc8150dd20","fcf7237e1d03f188763b7aaa8eb08efa"
"Astronaut Gear of the Future May Fight Bone and Muscle Loss","Wired","New space suits and muscle stimulators could keep spacefarers fit on long voyages.","2021-11-09 13:00:00","Technology","https://www.wired.com/story/astronaut-gear-of-the-future-may-fight-bone-and-muscle-loss/","1d10cd389b2c107576bfa6bf89eb3e41c1d0b4cfb0f4db92ddd6dadc8150dd20","1c2291c82af0da589ec5afe025be3192"
"The Hidden Dangers of 'Buy Now, Pay Later' Apps","Wired","Services such as Afterpay, Affirm, and Klarna are soaring in popularity and valuation. But consumer advocates say they make it easy to get overextended.","2021-11-09 13:00:00","Technology","https://www.wired.com/story/hidden-dangers-buy-now-pay-later-apps/","1d10cd389b2c107576bfa6bf89eb3e41c1d0b4cfb0f4db92ddd6dadc8150dd20","ed424070326ba13be64af42498d2c4be"
"Dragon Ball FighterZ and the Elusive Art of Anime Adaptation","Wired","Video games based on anime don't usually live up to the original—but this one is the exception.","2021-11-09 14:00:00","Technology","https://www.wired.com/story/dragon-ball-fighterz-good-anime-game/","1d10cd389b2c107576bfa6bf89eb3e41c1d0b4cfb0f4db92ddd6dadc8150dd20","bfcdb3ed8fe6af9ebb0a9ed1d21ecdfc"
"Get the Most Out of Your iPad With These Accessories","Wired","These are some of our favorite stands, cases, keyboards, and Pencils no matter which iPad you have.","2021-11-09 14:00:00","Technology","https://www.wired.com/gallery/best-ipad-accessories/","1d10cd389b2c107576bfa6bf89eb3e41c1d0b4cfb0f4db92ddd6dadc8150dd20","8f34180c314627c14460be9628beaa87"
"The 22 Best Early Black Friday Deals at Best Buy","Wired","The retailer's holiday sale event started early this year, and you'll find Chromebooks, smart home gadgets, and phones on sale.","2021-11-09 16:45:00","Technology","https://www.wired.com/story/best-buy-early-black-friday-deals-2021-1/","1d10cd389b2c107576bfa6bf89eb3e41c1d0b4cfb0f4db92ddd6dadc8150dd20","96ceb7089b4ff40ac997d34e67d89a3c"
"RE:WIRED 2021: Kai-Fu Lee and Yoky Matsuoka Imagine AI's Potential for Good","Wired","The investor and entrepreneur discuss human-in-the-loop technology, and how artificial intelligence might be used for health and caregiving.","2021-11-09 16:42:27","Technology","https://www.wired.com/story/rewired-2021-kai-fu-lee-yoky-matysuoka-gideon-lichfield/","1d10cd389b2c107576bfa6bf89eb3e41c1d0b4cfb0f4db92ddd6dadc8150dd20","7a6806cbd7ab6764d3c88f34b2df95a5"
"Jony Ive on Why the iPod Was Apple's First Wearable","Wired","The iconic creator of iconic devices talks with Anna Wintour about design, the power of curiosity, and how wearables will eventually move under our skin.","2021-11-09 18:08:10","Technology","https://www.wired.com/story/rewired-2021-jony-ive-anna-wintour/","1d10cd389b2c107576bfa6bf89eb3e41c1d0b4cfb0f4db92ddd6dadc8150dd20","54e8364dbcdb43a631364a1014d5ed13"
"14 Great Deals From Target’s Early Holiday Sale","Wired","Find stick vacuums, Nest smart speakers, and robot vacuums discounted at stellar prices.","2021-11-09 19:30:00","Technology","https://www.wired.com/story/target-early-black-friday-deals-2021-1/","1d10cd389b2c107576bfa6bf89eb3e41c1d0b4cfb0f4db92ddd6dadc8150dd20","161536dc23651ca41ef87434f222f04d"
"Prince Harry ‘Warned’ Jack Dorsey Before the Capitol Riots","Wired","At the RE:WIRED conference, the Duke of Sussex spoke with Stanford's Renee DiResta and activist Rashad Robinson about misinformation's deadly consequences.","2021-11-10 00:07:55","Technology","https://www.wired.com/story/rewired-2021-prince-harry-renee-diresta-rashad-robinson/","1d10cd389b2c107576bfa6bf89eb3e41c1d0b4cfb0f4db92ddd6dadc8150dd20","82cbda5206ce7f2a647f30ac51a2c6b8"
"RE:WIRED 2021: Timnit Gebru Says Artificial Intelligence Needs to Slow Down","Wired","The AI researcher, who left Google last year, says the incentives around AI research are all wrong.","2021-11-09 21:05:12","Technology","https://www.wired.com/story/rewired-2021-timnit-gebru/","1d10cd389b2c107576bfa6bf89eb3e41c1d0b4cfb0f4db92ddd6dadc8150dd20","20cb32c732b6a699e20bbd62979aa33c"
"Your Essential Guide to the Best Tequilas","Wired","From celebrity brands to artisan drams, silver, blanco, reposado or añejo, there’s a choice here for straight shooters and cocktail connoisseurs alike.","2021-11-10 12:00:00","Technology","https://www.wired.com/gallery/best-tequila/","1d10cd389b2c107576bfa6bf89eb3e41c1d0b4cfb0f4db92ddd6dadc8150dd20","bffe9c6289cef7656c9922faa1f266ce"
"NASA Tries to Save Hubble, Again","Wired","The space telescope’s latest hardware problem has kept it offline for two weeks, raising concerns that the decades-old spacecraft is running out of time.","2021-11-10 12:00:00","Technology","https://www.wired.com/story/nasa-tries-to-save-hubble-again/","1d10cd389b2c107576bfa6bf89eb3e41c1d0b4cfb0f4db92ddd6dadc8150dd20","752daf3e4ea18d0e0a2ef35e57b21b56"
"The Best Chromebooks for Every Budget","Wired","All-in on Google services? Then check out our favorite Chrome OS laptops and 2-in-1 tablets for school, work, or home.","2021-11-10 13:00:00","Technology","https://www.wired.com/gallery/best-chromebooks/","1d10cd389b2c107576bfa6bf89eb3e41c1d0b4cfb0f4db92ddd6dadc8150dd20","9b6136d64036780eccaa5ddbe0e1d46c"
"Give Your Back a Break With Our Favorite Office Chairs","Wired","Upgrade your home office and work in style with these comfy seats.","2021-11-10 13:00:00","Technology","https://www.wired.com/gallery/best-office-chairs/","1d10cd389b2c107576bfa6bf89eb3e41c1d0b4cfb0f4db92ddd6dadc8150dd20","57a9d93c4cd39dba3986796064807cf9"
"Watch Highlights From Our RE:WIRED 2021 Event","Wired","We spoke with AI experts, an NFT artist, and more about how to build a better future. Here's what they said.","2021-11-11 03:18:00","Technology","https://www.wired.com/story/how-to-watch-rewired-2021/","1d10cd389b2c107576bfa6bf89eb3e41c1d0b4cfb0f4db92ddd6dadc8150dd20","c437477e13e0bc808b82de511660fbed"
"John Cho and André Nemec on Giving Cowboy Bebop More Soul","Wired","For the star and showrunner, the real challenge with adapting the classic '90s anime was finding the essence of its iconic trio.","2021-11-11 00:27:24","Technology","https://www.wired.com/story/rewired-2021-john-cho-andre-nemec-cowboy-bebop/","1d10cd389b2c107576bfa6bf89eb3e41c1d0b4cfb0f4db92ddd6dadc8150dd20","6cc3082f2392f760e1824a47114db088"
"RE:WIRED 2021: Neal Stephenson on Building and Fixing Worlds","Wired","The science fiction author spoke with WIRED senior correspondent Adam Rogers about climate change and big solutions.","2021-11-10 20:46:00","Technology","https://www.wired.com/story/rewired-2021-neal-stephenson/","1d10cd389b2c107576bfa6bf89eb3e41c1d0b4cfb0f4db92ddd6dadc8150dd20","3971e790f2462ca524cd8c2005ddf3f7"
"RE:WIRED 2021: Jen Easterly Wants Hackers to Help US Cyber Defense","Wired","The retired Army officer played offense at the NSA and the Pentagon. Now she's learning to play defense.","2021-11-10 20:20:22","Technology","https://www.wired.com/story/rewired-2021-jen-easterly/","1d10cd389b2c107576bfa6bf89eb3e41c1d0b4cfb0f4db92ddd6dadc8150dd20","ae4f740bd1cf0bf674473e60f88f16d8"
"Beeple Will Update a New $29M Piece ‘For the Rest of My Life’","Wired","The digital artist calls Human One the first portrait of a human born in the metaverse.","2021-11-10 19:50:21","Technology","https://www.wired.com/story/rewired-2021-beeple-greg-williams/","1d10cd389b2c107576bfa6bf89eb3e41c1d0b4cfb0f4db92ddd6dadc8150dd20","d869f9643eb245d70846a3408ccab893"
"Moderna's CEO on the Fight Over the Covid-19 Vaccine's Future","Wired","The roadblocks to getting the Covid-19 vaccine into poorer countries partially come down to a contentious patent dispute.","2021-11-10 18:09:17","Technology","https://www.wired.com/story/rewired-2021-stephane-bancel-nahid-bhadelia/","1d10cd389b2c107576bfa6bf89eb3e41c1d0b4cfb0f4db92ddd6dadc8150dd20","99da7c172b0f207fdc64ad9b9caaab05"
"The 10,000 Faces That Launched an NFT Revolution","Wired","When two Canadian coders started an online project called CryptoPunks, they had no idea they’d spark a hyped-up, blockchain-fueled cultural juggernaut.","2021-11-11 11:00:00","Technology","https://www.wired.com/story/the-10000-faces-that-launched-an-nft-revolution/","1d10cd389b2c107576bfa6bf89eb3e41c1d0b4cfb0f4db92ddd6dadc8150dd20","924c01e278a684f3b2c3ec599de46839"
"This Company Tapped AI for Its Website—and Landed in Court","Wired","Under pressure to make their sites accessible to visually impaired users, firms turn to software. But advocates say the tech isn't always up to the task.","2021-11-11 13:00:00","Technology","https://www.wired.com/story/company-tapped-ai-website-landed-court/","1d10cd389b2c107576bfa6bf89eb3e41c1d0b4cfb0f4db92ddd6dadc8150dd20","735136b8e953d6e0e2599e90528b1828"
"The Beats Fit Pro Are Apple's Best Earbuds Ever","Wired","The latest Beats in-ears are by far the best everyday headphones for iPhone owners.","2021-11-11 13:00:00","Technology","https://www.wired.com/review/beats-fit-pro/","1d10cd389b2c107576bfa6bf89eb3e41c1d0b4cfb0f4db92ddd6dadc8150dd20","eb546033b1da79de71a95f99a9d207c4"
"Why Zillow Couldn’t Make Algorithmic House Pricing Work","Wired","The real estate site went into the business of buying and selling homes. But the pandemic messed up its predictions.","2021-11-11 12:00:00","Technology","https://www.wired.com/story/zillow-ibuyer-real-estate/","1d10cd389b2c107576bfa6bf89eb3e41c1d0b4cfb0f4db92ddd6dadc8150dd20","863accd8400e75443ceea3490385d445"
"Climate Pledges Fall Dangerously Short of the 1.5 °C Target","Wired","Countries at COP26 have committed to slashing emissions, in the hope of limiting global warming to 1.5 °C. It's not enough.","2021-11-11 12:00:00","Technology","https://www.wired.com/story/cop26-climate-change-targets/","1d10cd389b2c107576bfa6bf89eb3e41c1d0b4cfb0f4db92ddd6dadc8150dd20","519317316b19f43ccd3ac08bb2174b7f"
"A Vaccine Against Valley Fever Finally Works—for Dogs","Wired","People and canines suffer horribly from the disease, caused by a fungus spreading through the increasingly dry US Southwest.","2021-11-11 12:00:00","Technology","https://www.wired.com/story/a-vaccine-against-valley-fever-finally-works-for-dogs/","1d10cd389b2c107576bfa6bf89eb3e41c1d0b4cfb0f4db92ddd6dadc8150dd20","19f101cf29b249e4fa280e593c6a6a95"
"How to Pick the Perfect Phone Case","Wired","Protect your smartphone—and your sanity—with this helpful expert guidance.","2021-11-11 14:00:00","Technology","https://www.wired.com/story/how-to-pick-a-phone-case/","1d10cd389b2c107576bfa6bf89eb3e41c1d0b4cfb0f4db92ddd6dadc8150dd20","d176c0bad1a54d2655a20d1437e19554"
"When Databases Get to Define Family","Wired","Pakistan's national database encodes social expectations—like that every citizen has two married parents—and raises important questions about digital IDs.","2021-11-11 14:00:00","Technology","https://www.wired.com/story/pakistan-digital-database-family-design/","1d10cd389b2c107576bfa6bf89eb3e41c1d0b4cfb0f4db92ddd6dadc8150dd20","d51a1b760fdd7de8eb8d5657761edf8b"
"The Best Weighted Blankets for Calm and Comfort","Wired","These accessories might not cure your anxiety or insomnia, but they can feel like a hug when you really need one.","2021-11-11 15:00:00","Technology","https://www.wired.com/gallery/best-weighted-blankets/","1d10cd389b2c107576bfa6bf89eb3e41c1d0b4cfb0f4db92ddd6dadc8150dd20","8632866c514ee92b18fe88c31f575859"
"Doom’s Creator Goes After ‘Doomscroll’","Wired","A metal guitarist thought Doomscroll would be a great name for a band. Video game developer Id Software had other ideas.","2021-11-11 19:42:27","Technology","https://www.wired.com/story/doom-creator-goes-after-doomscroll/","1d10cd389b2c107576bfa6bf89eb3e41c1d0b4cfb0f4db92ddd6dadc8150dd20","451431469d5195d7785223e8f1be0d46"
"Hackers Targeted Hong Kong Apple Devices in Widespread Attack","Wired","Visitors to pro-democracy and media sites in the region were infected with malware that could download files, steal data, and more.","2021-11-11 18:25:46","Technology","https://www.wired.com/story/ios-macos-hacks-hong-kong-watering-hole/","1d10cd389b2c107576bfa6bf89eb3e41c1d0b4cfb0f4db92ddd6dadc8150dd20","b1092ffbc0beace5feff6add732a51dd"
"The Sneaky Way TikTok Is Connecting You to Real-Life Friends","Wired","The social network got huge by ignoring who you know. That's increasingly no longer the case.","2021-11-12 12:00:00","Technology","https://www.wired.com/story/tiktok-friends-contacts-people-you-may-know/","1d10cd389b2c107576bfa6bf89eb3e41c1d0b4cfb0f4db92ddd6dadc8150dd20","9fed6d097e2e3ce8fa7cb764059bc7f7"
"Why the Chip Shortage Drags On and On … and On","Wired","Demand is still surging, but it takes time to build new factories. And a history of highs and lows may deter some investors.","2021-11-12 12:00:00","Technology","https://www.wired.com/story/why-chip-shortage-drags-on/","1d10cd389b2c107576bfa6bf89eb3e41c1d0b4cfb0f4db92ddd6dadc8150dd20","a0894ee58ec13bfe7b81859ab80a838a"
"20 Great Deals From Amazon's Early Black Friday Sale","Wired","We've found TVs, smartphones, and wireless earbuds at steep discounts.","2021-11-12 12:00:00","Technology","https://www.wired.com/story/amazon-early-black-friday-deals-2021/","1d10cd389b2c107576bfa6bf89eb3e41c1d0b4cfb0f4db92ddd6dadc8150dd20","f7c79f870130ea89b2ecee0a550a5c79"
"PS5 vs. Xbox Series X: How They Compare 1 Year Later","Wired","Sony and Microsoft have had a year to address supply shortages and improve game libraries for their new consoles. Here's how they stack up.","2021-11-12 12:00:00","Technology","https://www.wired.com/story/playstation-5-vs-xbox-series-x/","1d10cd389b2c107576bfa6bf89eb3e41c1d0b4cfb0f4db92ddd6dadc8150dd20","dbb1687fca4c67a0620b7aa0a745df73"
"Meta Isn’t the Only Company Building the Metaverse","Wired","This week, we look at Niantic and Snap, whose augmented reality plans are quite different than what’s being hyped elsewhere.","2021-11-12 13:00:00","Technology","https://www.wired.com/story/gadget-lab-podcast-529/","1d10cd389b2c107576bfa6bf89eb3e41c1d0b4cfb0f4db92ddd6dadc8150dd20","c6784b635072e2858a2687227326f78f"
"This Intrepid Robot Is the WALL-E of the Deep Sea","Wired","Here's how engineers got the car-sized Benthic Rover II to roam the seafloor 13,000 feet deep without immediately breaking down.","2021-11-12 13:00:00","Technology","https://www.wired.com/story/this-intrepid-robot-is-the-wall-e-of-the-deep-sea/","1d10cd389b2c107576bfa6bf89eb3e41c1d0b4cfb0f4db92ddd6dadc8150dd20","39076bc6ecaef9104f73586cf0a8d6ab"
"The Man, the Myth, and the Metaverse","Wired","Mark Zuckerberg wants you to believe his metaverse is the final frontier. The misconception comes with over a century of warnings.","2021-11-12 13:00:00","Technology","https://www.wired.com/story/the-man-the-myth-and-the-metaverse/","1d10cd389b2c107576bfa6bf89eb3e41c1d0b4cfb0f4db92ddd6dadc8150dd20","b4a060c60af050bbfd7181e08fcac026"
"In Celebration of Adele’s Finsta","Wired","The singer told Rolling Stone she knows how to “trace something online like no one’s business.”","2021-11-12 14:00:00","Technology","https://www.wired.com/story/adele-finsta-social-media/","1d10cd389b2c107576bfa6bf89eb3e41c1d0b4cfb0f4db92ddd6dadc8150dd20","69fddca7bd2bf1a22b73761c22dfcd98"
"How Metadata From Encrypted Messages Can Keep Everyone Safer","Wired","Sharing “metadata of the metadata” is crucial for informing product design that will fight misinformation without allowing security backdoors.","2021-11-12 14:00:00","Technology","https://www.wired.com/story/encrypted-messaging-privacy-security-metadata/","1d10cd389b2c107576bfa6bf89eb3e41c1d0b4cfb0f4db92ddd6dadc8150dd20","962d0a92400ddc807f05d9d265970d5a"
"John Doerr Wants to Stop Climate Change—With OKRs","Wired","Plus: Bill Gates’ climate plan, real estate in the metaverse, and a different kind of mirrorworld.","2021-11-12 14:00:00","Technology","https://www.wired.com/story/plaintext-john-doerr-book-climate-change/","1d10cd389b2c107576bfa6bf89eb3e41c1d0b4cfb0f4db92ddd6dadc8150dd20","3a95d4fcb1333fae328dff26bf9f1ed0"
"Our Favorite Gear for Everyday Sun Protection","Wired","The sun is a giver of life—but get too much of it and you’re toast. These are the best hats, arm coverings, and shirts to shield yourself.","2021-11-12 14:00:00","Technology","https://www.wired.com/gallery/everyday-sun-protection/","1d10cd389b2c107576bfa6bf89eb3e41c1d0b4cfb0f4db92ddd6dadc8150dd20","7287bcc77ec8b88500443407f955734c"
"E-Cigarettes Could Be the New Nicotine Patch","Wired","England will allow doctors to prescribe vaping devices to people who want to quit smoking—if manufacturers can develop a product that works.","2021-11-12 15:00:00","Technology","https://www.wired.com/story/e-cigarettes-smoking-prescription/","1d10cd389b2c107576bfa6bf89eb3e41c1d0b4cfb0f4db92ddd6dadc8150dd20","0c5023f16c2af3358d6505e7a64def80"
"Our Favorite Audiophile-Grade Gear for Serious Listening","Wired","Ready to get the best sound quality of your life? From speakers and headphones to streaming amps, here are our favorite tools for gold-plated listening.","2021-11-12 15:00:00","Technology","https://www.wired.com/story/audiophile-gear-guide/","1d10cd389b2c107576bfa6bf89eb3e41c1d0b4cfb0f4db92ddd6dadc8150dd20","48ff32c0f6a46590c395717fb6fdde0b"
"'The Beast Adjoins' Is Seriously Creepy Sci-Fi","Wired","Let's just say that the fate of humanity looks pretty bleak in Ted Kosmatka’s horrific short story about an AI uprising.","2021-11-12 17:00:00","Technology","https://www.wired.com/2021/11/geeks-guide-beast-adjoins/","1d10cd389b2c107576bfa6bf89eb3e41c1d0b4cfb0f4db92ddd6dadc8150dd20","ba71281abbd943b66922731c8a5f6ed1"
"Power Up Anywhere With the Best Travel Adapters","Wired","When going abroad, the right plugs are essential to keeping your gadgets charged. These are our favorites.","2021-11-12 16:00:00","Technology","https://www.wired.com/gallery/best-travel-adapters/","1d10cd389b2c107576bfa6bf89eb3e41c1d0b4cfb0f4db92ddd6dadc8150dd20","b0eddc98758f90df3408197eabc0e8a6"
"Substack Is Now a Playground for the Deplatformed","Wired","The company’s CEO says the old way of social media is broken—but is his alternative much different?","2021-11-12 17:24:07","Technology","https://www.wired.com/story/substack-future-chris-best/","1d10cd389b2c107576bfa6bf89eb3e41c1d0b4cfb0f4db92ddd6dadc8150dd20","6eebf4ea34c5cdef95d5035e84abc7ce"
"Good VR Is Not Always Going to Be High Fidelity","Wired","Timoni West, the head of augmented and virtual reality at Unity Technology, talks to WIRED about the future of XR.","2021-11-12 17:00:00","Technology","https://www.wired.com/story/timoni-west-unity-vr-ar-interview/","1d10cd389b2c107576bfa6bf89eb3e41c1d0b4cfb0f4db92ddd6dadc8150dd20","9d3a7bbf5885281daab88ff8c6c0cb9a"
"What Is Imax Enhanced, and Should You Care?","Wired","Disney+ has added a new way to stream Marvel movies. We break down what it means and if you can take advantage of it.","2021-11-12 19:00:00","Technology","https://www.wired.com/story/what-is-imax-enhanced/","1d10cd389b2c107576bfa6bf89eb3e41c1d0b4cfb0f4db92ddd6dadc8150dd20","1c549badf84cbd4348ec7028d1a3d8c8"
"The Best Desktop Gaming PCs We’ve Played With","Wired","These five rigs will keep you at the top of your game.","2021-11-14 14:00:00","Technology","https://www.wired.com/gallery/best-gaming-desktop-pcs/","1d10cd389b2c107576bfa6bf89eb3e41c1d0b4cfb0f4db92ddd6dadc8150dd20","bd8947fa3c8055414f094125be5c2f02"
"Nvidia GeForce Now Is the Best Way to Get an RTX 3080","Wired","It's great that you can rent an RTX 3080 now because we wish you Godspeed if you're trying to buy one.","2021-11-14 13:00:00","Technology","https://www.wired.com/review/review-geforce-now-rtx-3080/","1d10cd389b2c107576bfa6bf89eb3e41c1d0b4cfb0f4db92ddd6dadc8150dd20","6d68e7f09a4e45fe14eee61ed954b2d4"
"Sponge Genes Hint at the Origins of Neurons and Other Cells","Wired","A new gene expression study reveals broad cellular diversity as well as possibly ancient connections between the nervous, immune, and digestive systems.","2021-11-14 13:00:00","Technology","https://www.wired.com/story/sponge-genes-hint-at-the-origins-of-neurons-and-other-cells/","1d10cd389b2c107576bfa6bf89eb3e41c1d0b4cfb0f4db92ddd6dadc8150dd20","5cebdde312924d9c0617f3f144087412"
"Gear and Tips to Winter-Proof Your Home","Wired","Don't become a snowman in your own house. Here's how to keep your place toasty warm.","2021-11-14 13:00:00","Technology","https://www.wired.com/story/gear-to-winter-proof-your-home/","1d10cd389b2c107576bfa6bf89eb3e41c1d0b4cfb0f4db92ddd6dadc8150dd20","6c49c5e55aa217916342a558613d963c"
"Everything You Need to Work From Home Like a Pro","Wired","Gear can make or break your home office setup. Here’s our ultimate list of the best monitors, desks, webcams, headphones, and more.","2021-11-14 12:00:00","Technology","https://www.wired.com/story/work-from-home-home-office-gear-guide/","1d10cd389b2c107576bfa6bf89eb3e41c1d0b4cfb0f4db92ddd6dadc8150dd20","1d4b5535a04f60030fdfc1fe4b2c6607"
"A Black Woman Invented Home Security. Why Did It Go So Wrong?","Wired","Surveillance systems, no matter the intention, will always exist to serve power.","2021-11-14 12:00:00","Technology","https://www.wired.com/story/black-inventor-home-security-system-surveillance/","1d10cd389b2c107576bfa6bf89eb3e41c1d0b4cfb0f4db92ddd6dadc8150dd20","fbe89fff8ef2c7c2d355defe9ed33d6a"
"16 Gifts for PlayStation Lovers","Wired","From a branded bomber to a classic game, every PlayStation fan deserves a little treat.","2021-11-14 12:00:00","Technology","https://www.wired.com/gallery/gift-ideas-for-sony-playstation-owners-2021/","1d10cd389b2c107576bfa6bf89eb3e41c1d0b4cfb0f4db92ddd6dadc8150dd20","81570770ee59aeed91c3d10aa73fbf40"
"Glowing Worms Could Shed Light On the Secrets of Regeneration","Wired","Cut a panther worm into thirds and each section will grow a new body. Researchers injected some with a fluorescent protein to study how.","2021-11-13 14:00:00","Technology","https://www.wired.com/story/panther-worms-regeneration/","1d10cd389b2c107576bfa6bf89eb3e41c1d0b4cfb0f4db92ddd6dadc8150dd20","3d6e3b2083dfea7931ef6fc6728ebb37"
"The Polish Simulator Company Gamers Love to Hate","Wired","PlayWay's big library of vocational games makes it an investor favorite. But some say it's more like a pyramid scheme of glorified prototypes and prologues.","2021-11-13 14:00:00","Technology","https://www.wired.com/story/playway-polish-simulator-game-company/","1d10cd389b2c107576bfa6bf89eb3e41c1d0b4cfb0f4db92ddd6dadc8150dd20","121347f26d308601fbe4d7f8b8d396ae"
"Someone Snuck a Card Skimmer Into Costco to Nab Shopper Data","Wired","Plus: A Robinhood breach, NSO Group spyware, and more of the week's top security news.","2021-11-13 14:00:00","Technology","https://www.wired.com/story/costco-card-skimmer-nso-group-robinhood-hack-security-news/","1d10cd389b2c107576bfa6bf89eb3e41c1d0b4cfb0f4db92ddd6dadc8150dd20","b4364c09d4da7093701a5d3cdcc69400"
"Early Evidence of How Wildfire Smoke Alters Bird Migration","Wired","A team tracking the flights of four Tule geese from Alaska to California documented how the birds changed course in response to dense smoke.","2021-11-13 13:00:00","Technology","https://www.wired.com/story/early-evidence-of-how-wildfire-smoke-alters-bird-migration/","1d10cd389b2c107576bfa6bf89eb3e41c1d0b4cfb0f4db92ddd6dadc8150dd20","8216e829a08eadf5d30c92ad7fbcefef"
"Which Amazon Echo or Alexa Speaker Is Best for You?","Wired","We've rounded up our favorites, from house-made options to the Sonos Roam and a voice-enabled Yamaha soundbar.","2021-11-13 13:00:00","Technology","https://www.wired.com/gallery/best-alexa-and-amazon-echo-speakers/","1d10cd389b2c107576bfa6bf89eb3e41c1d0b4cfb0f4db92ddd6dadc8150dd20","4c0c9c72a33bf54ca8e069f78ec420a8"
"Meet the Duke Nukem Fan Re-Creating Britain in All Its Glory","Wired","From sacks of wet eggs to Michael Gove raving in a nightclub, Duke Smoochem perfectly captures the farcical reality of Brexit Britain.","2021-11-13 12:00:00","Technology","https://www.wired.com/story/duke-smoochem-brexit-britain/","1d10cd389b2c107576bfa6bf89eb3e41c1d0b4cfb0f4db92ddd6dadc8150dd20","36fe903bf085121d337a4bb659297d53"
"The Fashion Industry Could Reduce Emissions—if It Wanted To","Wired","It’s common practice for apparel brands to hop from factory to factory in search of cost savings. Experts say this keeps companies hooked on fossil fuels.","2021-11-13 12:00:00","Technology","https://www.wired.com/story/fashion-industry-reduce-emissions/","1d10cd389b2c107576bfa6bf89eb3e41c1d0b4cfb0f4db92ddd6dadc8150dd20","d1ffa691bdf6cc90b2145f9e73376d2c"
"10 Gift Ideas to Tempt the Home Chef","Wired","From the real everyday pan to the best book for odds and ends, we have ideas that will keep the curious cook in your life tinkering away.","2021-11-13 12:00:00","Technology","https://www.wired.com/gallery/gift-ideas-for-the-home-chef-2021/","1d10cd389b2c107576bfa6bf89eb3e41c1d0b4cfb0f4db92ddd6dadc8150dd20","67353ba686848867cdd3674c0815e8ce"
"The Best Early Black Friday Deals on Laptops, TVs, and More","Wired","Beat the holiday rush with truly good discounts on our favorite gear.","2021-11-13 12:00:00","Technology","https://www.wired.com/story/early-black-friday-deals-2021/","1d10cd389b2c107576bfa6bf89eb3e41c1d0b4cfb0f4db92ddd6dadc8150dd20","cec0809c50ffdf2569657ec315f79bf5"
"Randonauting Promised Adventure. It Led to Dumpsters","Wired","Powered by the Randonautica app, the practice blew up on TikTok and Reddit following last year's lockdowns. Since then, it's left many users disappointed.","2021-11-13 12:00:00","Technology","https://www.wired.com/story/randonautica-social-media/","1d10cd389b2c107576bfa6bf89eb3e41c1d0b4cfb0f4db92ddd6dadc8150dd20","5ba45cb95285d7c88b6bd37d7b13f6b0"
"Twitter Blue Is for People Who Love Reading the News","Wired","The platform's first subscription feature has a specific target audience.","2021-11-13 12:00:00","Technology","https://www.wired.com/story/twitter-blue-is-not-for-everyone/","1d10cd389b2c107576bfa6bf89eb3e41c1d0b4cfb0f4db92ddd6dadc8150dd20","f0ff264b830c27067e7a61dfd327cde0"
"The 15 Best Personal Tech Gifts for Kids","Wired","Your child has spent years watching you tap away on your phone or laptop. Give them a turn on an age-appropriate device of their own.","2021-11-15 12:00:00","Technology","https://www.wired.com/gallery/tech-gifts-for-kids-2021/","1d10cd389b2c107576bfa6bf89eb3e41c1d0b4cfb0f4db92ddd6dadc8150dd20","e426414fc4efca3c89ebf99e824e7882"
"Twitter Vigilantes Are Hunting Down Crypto Scammers","Wired","Open source investigators are struggling to maintain law and order in the wildest recesses of cryptocurrency’s Wild West.","2021-11-15 12:00:00","Technology","https://www.wired.com/story/twitters-crypto-vigilantes-are-just-getting-started/","1d10cd389b2c107576bfa6bf89eb3e41c1d0b4cfb0f4db92ddd6dadc8150dd20","2403de435d776328cac4e01327ac4c16"
"Finally, A Practical Use for Nuclear Fusion","Wired","Researchers used the roiling temperatures of an experimental fusion reactor for a surprising purpose—testing heat shield materials for spacecraft.","2021-11-15 12:00:00","Technology","https://www.wired.com/story/nuclear-fusion-spacecraft-jupiter/","1d10cd389b2c107576bfa6bf89eb3e41c1d0b4cfb0f4db92ddd6dadc8150dd20","bbb5d4ee20a10aa6d203025b9d1fb573"
"You Don’t Have to WFH at Home—Try These Places Instead","Wired","Mix up your new normal by seeking out quirky local coworking spaces—or find some inspiration in a museum.","2021-11-15 12:00:00","Technology","https://www.wired.com/story/remote-working-alternatives-tips-productivity/","1d10cd389b2c107576bfa6bf89eb3e41c1d0b4cfb0f4db92ddd6dadc8150dd20","525891f6fede62d27cb879f737d71a8d"
"How a VR Company Became the Airbnb for NFTs","Wired","Yes, that’s a really a thing now.","2021-11-15 12:00:00","Technology","https://www.wired.com/story/spatial-airbnb-for-nfts/","1d10cd389b2c107576bfa6bf89eb3e41c1d0b4cfb0f4db92ddd6dadc8150dd20","c2d9c4b396594b4371ac589bfbd9305d"
"How to Run Your Own Secure, Portable PC From a USB Stick","Wired","Build a super-safe computer you can take anywhere.","2021-11-15 13:00:00","Technology","https://www.wired.com/story/how-to-run-tails-secure-portable-pc-usb-stick/","1d10cd389b2c107576bfa6bf89eb3e41c1d0b4cfb0f4db92ddd6dadc8150dd20","433250cac588fbf77b1b4345d4fdafa7"
"6 Affordable Automatic Watches That Feel Luxe","Wired","No, you don't need to spend thousands to get a proper self-winding mechanical timepiece.","2021-11-15 13:00:00","Technology","https://www.wired.com/gallery/best-budget-watches-2021/","1d10cd389b2c107576bfa6bf89eb3e41c1d0b4cfb0f4db92ddd6dadc8150dd20","4fb667da1a0079b6db979d83e9d97999"
"India's New Rules for Map Data Betray Its Small Farmers","Wired","The country says that more open access to terrestrial data will help rural farmers. More likely, will make it easier for corporations to control their land.","2021-11-15 14:00:00","Technology","https://www.wired.com/story/india-geospatial-data-surveillance-business/","1d10cd389b2c107576bfa6bf89eb3e41c1d0b4cfb0f4db92ddd6dadc8150dd20","0bc24ec25d0db0cb28ab965c3f72f658"
"Oura's Gen3 Launch is Marred by an Unhealthy Business Model","Wired","A monthly subscription fee and delayed features contribute to a disappointing launch for this health tracker.","2021-11-15 14:00:00","Technology","https://www.wired.com/review/oura-ring-gen3/","1d10cd389b2c107576bfa6bf89eb3e41c1d0b4cfb0f4db92ddd6dadc8150dd20","09783b499bc5c24a29a28be9d821e69e"
"Finally, a Practical Use for Nuclear Fusion","Wired","Researchers used the roiling temperatures of an experimental fusion reactor for a surprising purpose—testing heat shield materials for spacecraft.","2021-11-15 12:00:00","Technology","https://www.wired.com/story/nuclear-fusion-spacecraft-jupiter/","1d10cd389b2c107576bfa6bf89eb3e41c1d0b4cfb0f4db92ddd6dadc8150dd20","39c72c2aaad0f0220a1af3497fbe3804"
"The Science Museum Wants Their Plastic Samples. They Refused","Wired","Three microplastic researchers have backed out of an arrangement to send materials to the Science Museum in London to protest a controversial deal with Shell.","2021-11-16 07:00:00","Technology","https://www.wired.com/story/science-museum-microplastics/","1d10cd389b2c107576bfa6bf89eb3e41c1d0b4cfb0f4db92ddd6dadc8150dd20","34b9f8557b8434cc922237862bb699ce"
"At the End of the World, It’s Hyperobjects All the Way Down","Wired","Do you feel lost? Alone? Powerless in the face of forces beyond your control? Timothy Morton can help—if you’re ready to have your reality blown apart.","2021-11-16 11:00:00","Technology","https://www.wired.com/story/timothy-morton-hyperobjects-all-the-way-down/","1d10cd389b2c107576bfa6bf89eb3e41c1d0b4cfb0f4db92ddd6dadc8150dd20","2b7718ec1e514786b0cc7af4d62b7ac4"
"Tiger King 2 and the Weird Rise of Documentary Sequels","Wired","Hours-long multipart documentaries should be able to tell a whole story. And yet, more and more of them just keep going.","2021-11-16 12:00:00","Technology","https://www.wired.com/story/tiger-king-documentary-sequels/","1d10cd389b2c107576bfa6bf89eb3e41c1d0b4cfb0f4db92ddd6dadc8150dd20","b0df7ccab59cb379b984847df15128d0"
"Used EVs Are in Hotter Demand Than Ever","Wired","Congress is now considering an incentive that could help low- and moderate-income buyers go electric.","2021-11-16 12:00:00","Technology","https://www.wired.com/story/used-evs-hotter-demand-ever/","1d10cd389b2c107576bfa6bf89eb3e41c1d0b4cfb0f4db92ddd6dadc8150dd20","8cbcfbc7376461d35ecaebf5837a8b06"
"This Dam Simple Trick Is a Big Green Energy Win","Wired","Only a small fraction of dams actually produce electricity. Transforming them them into hydropower plants might stop new ones from being built.","2021-11-16 12:00:00","Technology","https://www.wired.com/story/retrofitting-dams-green-energy/","1d10cd389b2c107576bfa6bf89eb3e41c1d0b4cfb0f4db92ddd6dadc8150dd20","4bd4864de88a9dfb1640b2ae6d843fc5"
"How the Black Girl Gamers Community Became a Lifeline","Wired","Jay-Ann Lopez’s Twitch channel and Facebook group are safe spaces for thousands of players.","2021-11-16 12:00:00","Technology","https://www.wired.com/story/black-girl-gamers-community/","1d10cd389b2c107576bfa6bf89eb3e41c1d0b4cfb0f4db92ddd6dadc8150dd20","e03076411cb4e884afeb714b58622bb2"
"Inside the Lucrative World of Console Resellers","Wired","Yes, the PS5, Xbox, and high-end graphics cards are tough to buy. But some have an in—and are paying off medical bills and buying houses with the profits.","2021-11-16 13:00:00","Technology","https://www.wired.com/story/gaming-console-sellers/","1d10cd389b2c107576bfa6bf89eb3e41c1d0b4cfb0f4db92ddd6dadc8150dd20","8cf87fc3dc222136807b4159e94ed4e2"
"The 13 Best Subscription Boxes for Gifting","Wired","We have options for plant lovers, foodies, pets, and even those who are hard to shop for with these gifts that keep on giving.","2021-11-16 13:00:00","Technology","https://www.wired.com/gallery/best-subscription-gift-boxes/","1d10cd389b2c107576bfa6bf89eb3e41c1d0b4cfb0f4db92ddd6dadc8150dd20","af2d5108fdbef7c5ec060a55c00807fa"
"How Apps Commandeered the Age-Old Idea of Takeout","Wired","Third-party delivery services have convinced us they are an essential part of our busy lives. But humans have managed to order food to-go for centuries.","2021-11-16 14:00:00","Technology","https://www.wired.com/story/delivery-apps-age-old-idea-takeout/","1d10cd389b2c107576bfa6bf89eb3e41c1d0b4cfb0f4db92ddd6dadc8150dd20","342eded480a3d1c2589e6e010b68070e"
"Considering a MacBook? Here Are Our Favorites","Wired","Apple’s laptops are expensive, and you’ll have to make some hard choices to pick the right one. Let us help.","2021-11-16 14:00:00","Technology","https://www.wired.com/story/which-macbook-should-you-buy/","1d10cd389b2c107576bfa6bf89eb3e41c1d0b4cfb0f4db92ddd6dadc8150dd20","36bbfc49327ef0d3547940b89b187650"
"Tiger King 2 Provides More Memes Than Answers","Wired","Netflix's chaotic and confusing new installment of the salacious docuseries reveals an accidental new genre: true-ish crime.","2021-11-17 08:01:00","Technology","https://www.wired.com/story/tiger-king-2-review/","1d10cd389b2c107576bfa6bf89eb3e41c1d0b4cfb0f4db92ddd6dadc8150dd20","462d06ba42335d5a480bfc5a11c869e1"
"Activision Blizzard Employees Are Done With CEO Bobby Kotick","Wired","As Kotick’s handling of alleged sexual misconduct draws headlines, workers staged their second walkout this year.","2021-11-17 02:12:32","Technology","https://www.wired.com/story/activision-blizzard-employees-done-with-ceo-bobby-kotick/","1d10cd389b2c107576bfa6bf89eb3e41c1d0b4cfb0f4db92ddd6dadc8150dd20","245e268a0772fb30640b281470c0a7d8"
"Facebook Reaches for More Realistic VR With Haptic Gloves","Wired","The company has unveiled a new prototype wearable that mimics the feeling of handling real objects in the virtual world.","2021-11-16 18:00:00","Technology","https://www.wired.com/story/facebook-haptic-gloves-vr/","1d10cd389b2c107576bfa6bf89eb3e41c1d0b4cfb0f4db92ddd6dadc8150dd20","79b12e2f79751c2b42baab0dd8cf74a2"
"‘Ghostwriter’ Looks Like a Purely Russian Op—Except It's Not","Wired","Security researchers have found signs that the pervasive hacking and misinformation campaign comes not from Moscow but from Minsk.","2021-11-16 16:50:00","Technology","https://www.wired.com/story/ghostwriter-hackers-belarus-russia-misinformationo/","1d10cd389b2c107576bfa6bf89eb3e41c1d0b4cfb0f4db92ddd6dadc8150dd20","8f81634a358578f5f91be513e9d6660e"
"How to Increase Your PS5's Internal Storage Capacity","Wired","Your Sony console has an expansion slot so you can add more storage space for games, and installing a drive is fairly easy.","2021-11-17 12:00:00","Technology","https://www.wired.com/story/how-to-install-m2-ssd-storage-ps5/","1d10cd389b2c107576bfa6bf89eb3e41c1d0b4cfb0f4db92ddd6dadc8150dd20","5801aae744610c270b2c3959407efb62"
"The US Space Force Wants to Clean Up Junk in Orbit","Wired","Debris from a Russian anti-satellite weapons test adds new urgency to international and government efforts to get rid of high-flying trash.","2021-11-17 12:00:00","Technology","https://www.wired.com/story/the-us-space-force-wants-to-clean-up-junk-in-orbit/","1d10cd389b2c107576bfa6bf89eb3e41c1d0b4cfb0f4db92ddd6dadc8150dd20","c40e9f464ba833399b21e2a6cfeba74d"
"18 Analog Gifts For People Who Need a Digital Detox","Wired","Remember when your hobbies didn't come with a screen and constant notifications? We rounded up all the best gifts to use IRL.","2021-11-17 12:00:00","Technology","https://www.wired.com/gallery/analog-gift-guide/","1d10cd389b2c107576bfa6bf89eb3e41c1d0b4cfb0f4db92ddd6dadc8150dd20","774f36b340afbadab6a09647eb5b1d04"
"You Need a Password Manager. Here Are the Best Ones","Wired","Keep your logins locked down with our favorite apps for PC, Mac, Android, iPhone, and web browsers.","2021-11-17 14:00:00","Technology","https://www.wired.com/story/best-password-managers/","1d10cd389b2c107576bfa6bf89eb3e41c1d0b4cfb0f4db92ddd6dadc8150dd20","4f8243bcf83d575d0596edf656b2fcca"
"The Problem With Motorola Phones","Wired","The smartphone maker ranks No. 3 in the US, but its software update strategy is one of the worst in the industry. And that's not all.","2021-11-17 14:00:00","Technology","https://www.wired.com/story/motorola-software-updates-rant/","1d10cd389b2c107576bfa6bf89eb3e41c1d0b4cfb0f4db92ddd6dadc8150dd20","ef17ef2bb1c0f1eacf1e53a34b0c982d"
"Help, I’m Stuck in Cutscene Hell","Wired","The cutscenes in Yakuza: Like a Dragon are great—until you need to put down your controller in a hurry.","2021-11-17 14:00:00","Technology","https://www.wired.com/story/yakuza-like-a-dragon-cutscene-hell/","1d10cd389b2c107576bfa6bf89eb3e41c1d0b4cfb0f4db92ddd6dadc8150dd20","257beeeda8f3bb97c24f2e0fce045184"
"Another Intel Chip Flaw Puts a Slew of Gadgets at Risk","Wired","The vulnerability allows an attacker with physical access to the CPU to bypass the security measures protecting some of its most sensitive data.","2021-11-17 14:00:00","Technology","https://www.wired.com/story/intel-chip-flaw-puts-gadgets-at-risk/","1d10cd389b2c107576bfa6bf89eb3e41c1d0b4cfb0f4db92ddd6dadc8150dd20","3d7d654a47aceb821feaba33499e1130"
"This Couch Hides Built-In Surround Sound in the Cushions","Wired","These comfortable couches now come with surround sound.","2021-11-17 13:00:00","Technology","https://www.wired.com/review/lovesac-stealthtech/","1d10cd389b2c107576bfa6bf89eb3e41c1d0b4cfb0f4db92ddd6dadc8150dd20","cf3240d8943efdc90873b575fbcdb46c"
"Patient Testimonials Are Unethical And Should Be Banned","Wired","Patients shouldn’t have to drum up new business for their doctors.","2021-11-17 13:00:00","Technology","https://www.wired.com/story/ban-patient-testimonials-ethics/","1d10cd389b2c107576bfa6bf89eb3e41c1d0b4cfb0f4db92ddd6dadc8150dd20","004a207cdc9661bb97bc6418649b536a"
"Your TV Sounds Terrible. These Soundbars Can Fix That","Wired","Every television deserves a dedicated row of speakers to call its own. These are our favorites.","2021-11-17 15:00:00","Technology","https://www.wired.com/gallery/best-soundbars/","1d10cd389b2c107576bfa6bf89eb3e41c1d0b4cfb0f4db92ddd6dadc8150dd20","5d812467f541388b4fe9b1d6a6a0d3aa"
"16 Best Early Black Friday Deals on Outdoor Gear","Wired","GoPros, Garmin fitness trackers, and REI Co-op jackets are all on sale right now so you can spend Thanksgiving doing the turkey trot.","2021-11-17 19:00:00","Technology","https://www.wired.com/story/best-black-friday-outdoors-deals-rei-2021/","1d10cd389b2c107576bfa6bf89eb3e41c1d0b4cfb0f4db92ddd6dadc8150dd20","488fbe7c855e9788d691ebc0990dcd5b"
"Apple Finally Makes It Easier to Fix Your Own iPhone","Wired","In an unexpected right to repair win, the company will make manuals and tools publicly available for a number of its most popular devices.","2021-11-17 18:01:25","Technology","https://www.wired.com/story/apple-self-service-repair-right-to-repair-iphone-mac/","1d10cd389b2c107576bfa6bf89eb3e41c1d0b4cfb0f4db92ddd6dadc8150dd20","f2e5fd952227618c9db1444863349909"
"Apple Finally Makes It Easier to Repair Your Own iPhone","Wired","In an unexpected right to repair win, the company will make manuals and tools publicly available for a number of its most popular devices.","2021-11-17 18:01:25","Technology","https://www.wired.com/story/apple-self-service-repair-right-to-repair-iphone-mac/","1d10cd389b2c107576bfa6bf89eb3e41c1d0b4cfb0f4db92ddd6dadc8150dd20","436a7c1c3e2ed0bbafae877d8ba647b5"
"The 25 Best Early Black Friday Deals at Best Buy","Wired","The retailer's holiday sale event started early this year, and you'll find Chromebooks, smart home gadgets, and phones on sale.","2021-11-17 23:40:00","Technology","https://www.wired.com/story/best-buy-early-black-friday-deals-2021-2/","1d10cd389b2c107576bfa6bf89eb3e41c1d0b4cfb0f4db92ddd6dadc8150dd20","ffb83758c5df40019ab40d7f1ccd313e"
"The Bold Gamble to Make Halo Infinite Last Forever","Wired","To reinvent the shooter in the present, the team behind the iconic franchise had to study the game’s past.","2021-11-19 08:00:00","Technology","https://www.wired.com/story/halo-infinite-interview-live-service/","1d10cd389b2c107576bfa6bf89eb3e41c1d0b4cfb0f4db92ddd6dadc8150dd20","8080c55c1c4466c6959cb88352d07ad2"
"How Iran Tried to Undermine the 2020 US Presidential Election","Wired","From faked emails to a hacked voter registration database, a new indictment offers fresh details on the attempted interference.","2021-11-18 22:33:55","Technology","https://www.wired.com/story/iran-2020-election-interference/","1d10cd389b2c107576bfa6bf89eb3e41c1d0b4cfb0f4db92ddd6dadc8150dd20","d2b751b1602a9302352f1360bf48d3ae"
"The Best Wireless Earbuds for Working Out","Wired","Rock your inner jock with a pair of sturdy, sweatproof, and tangle-proof headphones. Here are our favorites.","2021-11-18 15:00:00","Technology","https://www.wired.com/gallery/best-wireless-workout-headphones/","1d10cd389b2c107576bfa6bf89eb3e41c1d0b4cfb0f4db92ddd6dadc8150dd20","960c298589927a047e376958249ebb20"
"How to Re-Waterproof Your Old Rain Jacket","Wired","All clothing loses its water resistance over time. Here's how to get it back, so you don't have to buy new outerwear.","2021-11-18 14:00:00","Technology","https://www.wired.com/story/how-to-waterproof-rain-jacket/","1d10cd389b2c107576bfa6bf89eb3e41c1d0b4cfb0f4db92ddd6dadc8150dd20","bff75d8e2de38f08738abd0d4c4079a2"
"DuckDuckGo Wants to Stop Apps From Tracking You on Android","Wired","The privacy-focused tech company's latest update promises to block invasive data collection across your whole phone.","2021-11-18 14:00:00","Technology","https://www.wired.com/story/duckduckgo-android-app-tracking-block/","1d10cd389b2c107576bfa6bf89eb3e41c1d0b4cfb0f4db92ddd6dadc8150dd20","86a412743b8215bcb1970145f5679ca6"
"Humans Are On Track to Export Our Environmental Woes to Space","Wired","The cosmos is turning into the playground for entrepreneurs, so the outdated legal spacescape needs to directly address space pollution.","2021-11-18 13:00:00","Technology","https://www.wired.com/story/space-law-debris-pollution-business/","1d10cd389b2c107576bfa6bf89eb3e41c1d0b4cfb0f4db92ddd6dadc8150dd20","0ddf52fc4a416f4a92afe65bbed2c129"
"3G Service Is Going Away Next Year. Here's What That Means","Wired","As companies shut down their aging 3G equipment to make room for 5G networks, older devices like phones, alarm systems, and wearables will lose functionality.","2021-11-18 13:00:00","Technology","https://www.wired.com/story/3g-service-sunset-what-it-means/","1d10cd389b2c107576bfa6bf89eb3e41c1d0b4cfb0f4db92ddd6dadc8150dd20","99e94ceccc6dec5228c384db8ac52a59"
"How 'Green' Are Wood Pellets as a Fuel Source?","Wired","Europe is betting big on wood to replace coal, but the industry is taking heat for stoking carbon emissions and air pollution.","2021-11-18 13:00:00","Technology","https://www.wired.com/story/how-green-are-wood-pellets-as-a-fuel-source/","1d10cd389b2c107576bfa6bf89eb3e41c1d0b4cfb0f4db92ddd6dadc8150dd20","82bbd4cb6b968af258ca6a8527ef941d"
"How to Use Wi-Fi Calling on Your Smartphone","Wired","Are you struggling to get a signal in your home or office? Switch to Wi-Fi calling for clearer chats.","2021-11-18 13:00:00","Technology","https://www.wired.com/story/how-to-use-wifi-calling/","1d10cd389b2c107576bfa6bf89eb3e41c1d0b4cfb0f4db92ddd6dadc8150dd20","91a3fffd3997a936c6adac7373a0c4ff"
"Norway Is Running Out of Gas-Guzzling Cars to Tax","Wired","The oil producing nation is learning what happens after a country fills its roads with electric vehicles.","2021-11-18 12:00:00","Technology","https://www.wired.com/story/norway-electric-vehicle-tax/","1d10cd389b2c107576bfa6bf89eb3e41c1d0b4cfb0f4db92ddd6dadc8150dd20","6b5e7892f9b64e582a6a7727e35ec0db"
"3 Years After the Maven Uproar, Google Cozies to the Pentagon","Wired","The company has contracts to detect corrosion on Navy ships and help maintain Air Force jets. Now it wants to bid for a lucrative cloud contract.","2021-11-18 12:00:00","Technology","https://www.wired.com/story/3-years-maven-uproar-google-warms-pentagon/","1d10cd389b2c107576bfa6bf89eb3e41c1d0b4cfb0f4db92ddd6dadc8150dd20","7bf77555db06f7dbda6602da7d19cca3"
"25 Amazing Gift Ideas Under $25","Wired","Just because these gifts are cheap doesn't mean they're not totally awesome.","2021-11-18 12:00:00","Technology","https://www.wired.com/gallery/25-amazing-holiday-gift-ideas-under-25-2021/","1d10cd389b2c107576bfa6bf89eb3e41c1d0b4cfb0f4db92ddd6dadc8150dd20","e8ec56ad69982f1627d1c9cc9d70296a"
"6 Essential Numbers to Understand the Glasgow Climate Pact","Wired","Last week nearly 200 countries agreed to take key steps to tackle the climate crisis. Here's what you need to know.","2021-11-18 12:00:00","Technology","https://www.wired.com/story/cop26-climate-change-numbers/","1d10cd389b2c107576bfa6bf89eb3e41c1d0b4cfb0f4db92ddd6dadc8150dd20","44df432edde5b46f928c626d4fbc2980"
"12 Great Deals From Target’s Early Holiday Sale","Wired","Find iPhone 13 cases, Nest smart speakers, and electric toothbrushes discounted at stellar prices.","2021-11-18 11:00:00","Technology","https://www.wired.com/story/target-early-black-friday-deals-2021-2/","1d10cd389b2c107576bfa6bf89eb3e41c1d0b4cfb0f4db92ddd6dadc8150dd20","919ea51209782aac7c3b9f1565079901"
"Amazon's Dark Secret: It Has Failed to Protect Your Data","Wired","Voyeurs. Sabotaged accounts. Backdoor schemes. For years, the retail giant has handled your information less carefully than it handles your packages.","2021-11-18 11:00:00","Technology","https://www.wired.com/story/amazon-failed-to-protect-your-data-investigation/","1d10cd389b2c107576bfa6bf89eb3e41c1d0b4cfb0f4db92ddd6dadc8150dd20","99e09c05f6830feca20938755eb91db8"
