"At COP26, Biden Calls for Climate Action Amid Wide Divisions","WSJ","The U.S. president said the coming decade will be decisive, as world leaders faced large gaps over how to slash emissions quickly enough to avoid the most destructive effects of global warming.","2021-11-01 15:43:00","Top News","https://www.wsj.com/articles/cop26-kicks-off-in-glasgow-amid-sharp-divides-over-climate-goals-11635767355","4288464f77b21d159a5c90ee1315701313e12cf4a1997b77343c918c0200a81a","0d7185254fc4f3f73169cfd1cb7216f1"
"Lebanon Faces Deepening Economic Crisis as Saudis Cut Ties Over Iran","WSJ","Saudi Arabia banned imports from Lebanon and, along with three other Gulf states, expelled its ambassador following remarks by an official about the war in Yemen.","2021-11-01 13:07:00","Top News","https://www.wsj.com/articles/lebanon-faces-deepening-economic-crisis-as-saudis-cut-ties-over-iran-11635772026","4288464f77b21d159a5c90ee1315701313e12cf4a1997b77343c918c0200a81a","d3f4acc96c81c02ff828d08387f0cab4"
"Some of the World's Last Covid-19 Travel Holdouts Are Reopening","WSJ","Australia is allowing its citizens to travel freely into and out of the country if they are vaccinated, while Thailand began permitting vaccinated tourists from many countries to enter without requiring extended quarantines.","2021-11-01 12:19:00","Top News","https://www.wsj.com/articles/some-of-the-worlds-last-covid-19-travel-holdouts-are-reopening-11635769187","4288464f77b21d159a5c90ee1315701313e12cf4a1997b77343c918c0200a81a","381a70b3cc77e1a27b887cf6a27a61a5"
"Japanese Elections Fail to Produce Gains for Women","WSJ","The result of Japan’s election—a victory for the long-ruling Liberal Democratic Party—was familiar in another way as well. Less than one in 10 of the victorious candidates were women.","2021-11-01 11:14:00","Top News","https://www.wsj.com/articles/japanese-elections-fail-to-produce-gains-for-women-11635765296","4288464f77b21d159a5c90ee1315701313e12cf4a1997b77343c918c0200a81a","b9a04dc318c19c5178cc7720da7a2e38"
"Stranded Mariners Can Now Get Covid Vaccines at Port","WSJ","Crews on cargo ships are receiving shots world-wide, preventing more supply-chain disruptions and allowing them to finally disembark.","2021-11-01 09:30:00","Top News","https://www.wsj.com/articles/mariners-can-now-get-covid-19-vaccines-at-port-after-months-stranded-at-sea-11635759001","4288464f77b21d159a5c90ee1315701313e12cf4a1997b77343c918c0200a81a","0aa744ba52e9b30be9e32b222fd49219"
"At COP26, Biden Calls for More Action on Climate as Divides Widen","WSJ","As U.S. president says the coming decade will be decisive for avoiding the most destructive effects of global warming, India gives slower-than-expected deadline for slashing its carbon emissions.","2021-11-01 22:37:00","Top News","https://www.wsj.com/articles/cop26-kicks-off-in-glasgow-amid-sharp-divides-over-climate-goals-11635767355","4288464f77b21d159a5c90ee1315701313e12cf4a1997b77343c918c0200a81a","71e63531d6a52c4ae3744aff2e4453c1"
"At Least 23 Killed in Two Explosions, Gunfire at Kabul's Main Military Hospital","WSJ","The complex attack bore the hallmarks of Islamic State, which has intensified the tempo of strikes against Taliban targets and the country’s Shiite minority in recent weeks.","2021-11-02 11:56:00","Top News","https://www.wsj.com/articles/afghanistans-main-military-hospital-hit-by-two-explosions-gunfire-11635847126","4288464f77b21d159a5c90ee1315701313e12cf4a1997b77343c918c0200a81a","756ad1d2c65010a73de2400908f7f50a"
"Yahoo Quits China, Ending a Rocky Two-Decade Relationship","WSJ","The company cited an increasingly challenging business and legal environment in the country, and is the second well-known U.S. tech firm to downsize China operations in less than a month.","2021-11-02 11:15:00","Top News","https://www.wsj.com/articles/yahoo-pulls-out-of-china-ending-tumultuous-two-decade-relationship-11635848926","4288464f77b21d159a5c90ee1315701313e12cf4a1997b77343c918c0200a81a","c6b45149cade38eaa93fa49268aaa4d5"
"Leaders Agree to End Deforestation by 2030","WSJ","World leaders at the COP26 summit, including the U.S., China and Brazil, agreed to a deal aimed at ending and then reversing deforestation by 2030, committing nearly $20 billion of public and private funds to protect and restore forests.","2021-11-02 10:49:00","Top News","https://www.wsj.com/articles/cop26-leaders-agree-to-end-deforestation-by-2030-11635844937","4288464f77b21d159a5c90ee1315701313e12cf4a1997b77343c918c0200a81a","701895da2f9ebea0b4649db9e34f6813"
"Attack on Kabul Military Hospital Leaves at Least 23 Dead","WSJ","The complex attack bore the hallmarks of Islamic State, which has intensified the tempo of strikes against Taliban targets and the country’s Shiite minority in recent weeks.","2021-11-02 14:00:00","Top News","https://www.wsj.com/articles/afghanistans-main-military-hospital-hit-by-two-explosions-gunfire-11635847126","4288464f77b21d159a5c90ee1315701313e12cf4a1997b77343c918c0200a81a","be7a75858e3048f592deb8bbd1338497"
"A Rabbi Searches for a Congregation in Saudi Arabia, Birthplace of Islam","WSJ","Jacob Herzog wants to offer religious services to Jewish expats. So far, the kingdom isn’t interested, but he’s undaunted; ‘Have to make a leap of faith.’","2021-11-02 14:49:00","Top News","https://www.wsj.com/articles/a-rabbi-searches-for-a-congregation-in-saudi-arabia-birthplace-of-islam-11635864559","4288464f77b21d159a5c90ee1315701313e12cf4a1997b77343c918c0200a81a","7b6a11624d1406f9f66913ed967adfd2"
"Tariffs to Tackle Climate Change Gain Momentum. The Idea Could Reshape Industries.","WSJ","Wealthy nations are proposing tariffs on imports like steel and cement that result in high carbon emissions. The proposals could boost U.S. manufacturers—but could also undermine world trade rules and even trigger trade disputes.","2021-11-02 14:22:00","Top News","https://www.wsj.com/articles/tariffs-climate-change-greenhouse-gases-manufacturing-steel-11635862305","4288464f77b21d159a5c90ee1315701313e12cf4a1997b77343c918c0200a81a","2d5b20ab0cc6312346079de900a8f7f8"
"Reserve Bank of Australia Abandons Key Stimulus Tool","WSJ","The RBA said it would stop using yield caps and abandoned a view that its benchmark interest rate won’t rise until 2024, joining other central banks that are tightening policy as inflation risks mount.","2021-11-02 06:19:00","Top News","https://www.wsj.com/articles/reserve-bank-of-australia-abandons-key-stimulus-tool-11635833961","4288464f77b21d159a5c90ee1315701313e12cf4a1997b77343c918c0200a81a","aaa61c8236e6730f273c18fd94883635"
"Netflix Pulls 'Pine Gap' Episodes as China's Rivals Object","WSJ","The Philippines and Vietnam have taken issue with how the series portrays Beijing’s territorial claims in the South China Sea.","2021-11-02 15:49:00","Top News","https://www.wsj.com/articles/netflix-pulls-pine-gap-episodes-as-chinas-rivals-object-11635868179","4288464f77b21d159a5c90ee1315701313e12cf4a1997b77343c918c0200a81a","3fc05a4ad5caddb302b9dfa6b26e80c3"
"Biden Says Xi, Putin Cede Climate Influence by Missing Glasgow Summit","WSJ","The comments marked the second time in recent days that President Biden had singled out Chinese President Xi Jinping and Russian President Vladimir Putin for not attending the climate summit in person.","2021-11-02 22:41:00","Top News","https://www.wsj.com/articles/biden-says-xi-putin-cede-climate-influence-by-missing-glasgow-summit-11635888947","4288464f77b21d159a5c90ee1315701313e12cf4a1997b77343c918c0200a81a","795cc9d0eab47718300e5fb87465b127"
"Visa Restrictions on Chinese Students Endanger U.S. Innovation","WSJ","A Trump-era ban has made it all but impossible for Chinese nationals from universities with close ties to China’s defense industry to obtain visas to study in the U.S.","2021-11-02 12:26:00","Top News","https://www.wsj.com/articles/visa-restrictions-on-chinese-students-endanger-u-s-innovation-edge-universities-say-11635856001","4288464f77b21d159a5c90ee1315701313e12cf4a1997b77343c918c0200a81a","570e7e830ead958dd61ea7dc8d07ff6b"
"Financial System Makes Big Promises on Climate Change at COP26 Summit","WSJ","The global finance industry, its regulators and investors pledged trillions in funding to reduce carbon emissions.","2021-11-03 12:33:00","Top News","https://www.wsj.com/articles/financial-system-makes-big-promises-on-climate-change-at-cop26-summit-11635897675","4288464f77b21d159a5c90ee1315701313e12cf4a1997b77343c918c0200a81a","67f24af1dbd42b9d37744cab1eafe67c"
"Military Coups in Africa at Highest Level Since End of Colonialism","WSJ","Sudan’s military coup—the fourth in Africa this year—underscores the increasingly complex international backdrop that is helping fuel a surge in military takeovers that have almost disappeared in other parts of the globe.","2021-11-03 12:17:00","Top News","https://www.wsj.com/articles/military-coups-in-africa-at-highest-level-since-end-of-colonialism-11635941829","4288464f77b21d159a5c90ee1315701313e12cf4a1997b77343c918c0200a81a","753f57b394544ec14ed7c777fcfcf998"
"Afghan Men Use Taliban Rule to Victimize Women, Settle Scores","WSJ","Since the Taliban’s takeover of Afghanistan, women across the country say they have had to flee or marry family friends to avoid being forcibly married off.","2021-11-03 11:02:00","Top News","https://www.wsj.com/articles/if-you-dont-have-money-you-have-sisters-afghan-men-use-taliban-rule-to-settle-scores-11635937324","4288464f77b21d159a5c90ee1315701313e12cf4a1997b77343c918c0200a81a","b4e8e5d02947512f3bef0e4d2f0529a2"
"Financial Sector's Role in Solving Climate Change","WSJ","At COP26 in Glasgow, former central banker Mark Carney worked to reach global agreements with the financial sector to use their sway to reduce emissions. Here are some of the key points and what they mean.","2021-11-03 10:46:00","Top News","https://www.wsj.com/articles/how-the-financial-sector-is-addressing-climate-change-and-why-it-matters-11635936383","4288464f77b21d159a5c90ee1315701313e12cf4a1997b77343c918c0200a81a","75acac25eb60b6efe6bc8a1f947d64cc"
"COP26 Negotiators Make Progress on Carbon-Trading Rules","WSJ","A U.N.-backed framework for cross-border carbon markets could foster a system long sought by many businesses.","2021-11-03 17:31:00","Top News","https://www.wsj.com/articles/cop26-negotiators-make-progress-on-carbon-trading-rules-11635959365","4288464f77b21d159a5c90ee1315701313e12cf4a1997b77343c918c0200a81a","a02de65c6b1bf3cb45aa37061a5eb13a"
"French-Australian Ties Deteriorate In Wake of U.S. Submarine Pact","WSJ","Paris and Canberra trade barbs over September’s deal for Washington to share submarine technology with Australia.","2021-11-03 17:03:00","Top News","https://www.wsj.com/articles/french-australian-ties-deteriorate-in-wake-of-u-s-submarine-pact-11635959019","4288464f77b21d159a5c90ee1315701313e12cf4a1997b77343c918c0200a81a","2e774d28f7381c9276a75c35f8075627"
"Pentagon Review Cites Pressures, Mistakes in Deadly Kabul Strike","WSJ","An investigation found U.S. errors and misinterpretations, including failing to spot children nearby minutes before the August drone strike, but said no international laws of war were violated.","2021-11-03 22:53:00","Top News","https://www.wsj.com/articles/pentagon-review-cites-pressures-mistakes-in-kabul-strike-that-killed-civilians-11635972064","4288464f77b21d159a5c90ee1315701313e12cf4a1997b77343c918c0200a81a","20abaae26f3dbd50f6b6a71a5bdd24ae"
"Chinese Tennis Star Peng Shuai's Accusation Against a Retired Top Leader Causes Online Stir","WSJ","Professional athlete Peng Shuai’s post alleging sexual assault by former Vice Premier Zhang Gaoli disappeared after about 20 minutes, but the claim has turned a spotlight on perceived abuses by powerful political figures.","2021-11-03 19:04:00","Top News","https://www.wsj.com/articles/chinese-tennis-stars-accusation-against-retired-top-leader-causes-a-stir-online-11635966240","4288464f77b21d159a5c90ee1315701313e12cf4a1997b77343c918c0200a81a","28004f9de8a94139b570397cd040d7d2"
"North Korea Can Make More Uranium for Nuclear Bombs Than Previously Thought","WSJ","North Korea has the capacity to make more base ingredients for nuclear bombs than previously believed, according to new research.","2021-11-04 06:09:00","Top News","https://www.wsj.com/articles/north-korea-can-make-more-uranium-for-nuclear-bombs-than-previously-thought-11636006162","4288464f77b21d159a5c90ee1315701313e12cf4a1997b77343c918c0200a81a","11fe7df9c06fbbf2fd218a9d398a15bd"
"Merck Covid-19 Pill Cleared for Use in U.K.","WSJ","U.K. health regulators cleared molnupiravir, becoming the first country to authorize the pill that can be taken at home and promises to keep people out of the hospital. The U.S. is expected to follow in coming months.","2021-11-04 10:59:00","Top News","https://www.wsj.com/articles/merck-ridgeback-covid-19-pill-cleared-for-use-in-u-k-11636023388","4288464f77b21d159a5c90ee1315701313e12cf4a1997b77343c918c0200a81a","6461262a318b6bbf45a822f63140bee5"
"Merck Covid-19 Pill Cleared for Use in U.K., Its First Authorization","WSJ","U.K. health regulators cleared molnupiravir, becoming the first country to authorize the pill that can be taken at home and promises to keep people out of the hospital. The U.S. is expected to follow in coming months.","2021-11-04 11:50:00","Top News","https://www.wsj.com/articles/merck-ridgeback-covid-19-pill-cleared-for-use-in-u-k-11636023388","4288464f77b21d159a5c90ee1315701313e12cf4a1997b77343c918c0200a81a","d49c3e5fc9b2d7bab036dbcf3284122f"
"Covid-19 Lockdowns Ripple Across China","WSJ","As the Delta variant puts China through one of its biggest Covid-19 outbreaks since it first closed off Wuhan in early 2020, new lockdowns and other strict controls are taking place across the country.","2021-11-04 11:36:00","Top News","https://www.wsj.com/articles/covid-19-lockdowns-ripple-across-chinai-wonder-how-long-i-can-hang-on-11636025787","4288464f77b21d159a5c90ee1315701313e12cf4a1997b77343c918c0200a81a","10cbae6f5088a75531acf857f2d723ed"
"Hong Kong's Top Court Narrows Scope for Charging Protesters","WSJ","The city’s highest court ruled against the government in a rioting case, a decision likely to draw greater scrutiny from Beijing of the Chinese territory’s British-style justice system.","2021-11-04 15:31:00","Top News","https://www.wsj.com/articles/hong-kongs-top-court-narrows-scope-for-charging-protesters-11636027743","4288464f77b21d159a5c90ee1315701313e12cf4a1997b77343c918c0200a81a","7717c438a59c15e0de672e918ee25f6d"
"China, India and Other Developing Nations Seek $1.3 Trillion a Year in Climate Finance","WSJ","Most of the world’s developing countries have backed a demand for wealthy nations to channel at least $1.3 trillion in climate finance to them annually starting in 2030, the opening salvo in one of the most contentious negotiating topics at the COP26 climate summit.","2021-11-04 15:23:00","Top News","https://www.wsj.com/articles/climate-finance-china-india-11636039142","4288464f77b21d159a5c90ee1315701313e12cf4a1997b77343c918c0200a81a","fe7c40c9134773310c6314bd43bb0405"
"Inside the World's Most Blatant Covid-19 Coverup","WSJ","Tanzania denied the existence of the pandemic for months, even as thousands likely died. The country is a clue to its hidden global toll; “This is one of the government’s coronavirus cemeteries, but we’re not allowed to call it that.”","2021-11-04 16:13:00","Top News","https://www.wsj.com/articles/covid-19-coronavirus-coverup-tanzania-11636042309","4288464f77b21d159a5c90ee1315701313e12cf4a1997b77343c918c0200a81a","f8642ed1518406dd3cddf4e044ae3036"
"Inside the World's Most Blatant Covid-19 Coverup: Secret Burials, a Dead President","WSJ","Tanzania denied the existence of the pandemic for months, even as thousands likely died. The country is a clue to its hidden global toll; “This is one of the government’s coronavirus cemeteries, but we’re not allowed to call it that.”","2021-11-04 16:13:00","Top News","https://www.wsj.com/articles/covid-19-coronavirus-coverup-tanzania-11636042309","4288464f77b21d159a5c90ee1315701313e12cf4a1997b77343c918c0200a81a","1ce82c485b505f46b35bd396b096df92"
"Canada Strips Military of Powers to Investigate Sexual Misconduct","WSJ","Defense minister says all investigations and prosecutions of sexual offenses in the military will be handled now by civilian law enforcement.","2021-11-04 23:09:00","Top News","https://www.wsj.com/articles/canada-strips-military-of-powers-to-investigate-sexual-misconduct-11636060090","4288464f77b21d159a5c90ee1315701313e12cf4a1997b77343c918c0200a81a","3d37cc8439b7d50d3138cf2c52945d4b"
"New Galápagos Conservation Efforts Aim to Counter China Fishing Fleet","WSJ","Environmentalists applaud the plan by Ecuador and others to create a vast area off-limits to industrial fishing, but enforcement will be a challenge.","2021-11-04 21:18:00","Top News","https://www.wsj.com/articles/new-galapagos-conservation-efforts-aim-to-counter-china-fishing-fleet-11636054242","4288464f77b21d159a5c90ee1315701313e12cf4a1997b77343c918c0200a81a","b6be23bff316b96edb498ecc425a659b"
"U.S.-EU Steel Tariffs Deal Is Onerous for Smaller Importers","WSJ","Complex quota system for metals will be tough to navigate, trade lawyers say, but supporters say it will help ease a supply crunch while preventing a flood of cheap imports.","2021-11-05 09:30:00","Top News","https://www.wsj.com/articles/biden-europe-steel-aluminum-tariffs-11636063074","4288464f77b21d159a5c90ee1315701313e12cf4a1997b77343c918c0200a81a","b88ff4fc1fe782df0e38a3dd100fb2eb"
"Japan Lifts Covid-19 Ban on Business Travelers, Foreign Workers","WSJ","As neighbor China sticks to its zero-Covid policy, Japan aligns itself closer with U.S. and Europe.","2021-11-05 10:52:00","Top News","https://www.wsj.com/articles/japan-lifts-covid-19-ban-on-business-travelers-foreign-workers-11636109518","4288464f77b21d159a5c90ee1315701313e12cf4a1997b77343c918c0200a81a","36a432f119ebb9e98545621418aba10e"
"German Navy, Eyes on China, Adds to Europe's Pacific Presence","WSJ","The frigate Bayern docked in Tokyo on Friday and will join the U.S., Japanese and other allied navies to build interoperability skills this month.","2021-11-05 12:01:00","Top News","https://www.wsj.com/articles/german-navy-eyes-on-china-adds-to-europes-pacific-presence-11636113718","4288464f77b21d159a5c90ee1315701313e12cf4a1997b77343c918c0200a81a","61d67fd0a84204ddf3e164c11c15bb02"
"Greta Thunberg Takes On Role as Harsh COP26 Critic","WSJ","The Swedish activist is headlining what is expected to be a rowdy, hourslong march and rally in Glasgow after calling the summit ‘a two week celebration of business as usual and blah blah blah.’","2021-11-05 11:30:00","Top News","https://www.wsj.com/articles/greta-thunberg-takes-on-role-as-cop26-critic-11636111801","4288464f77b21d159a5c90ee1315701313e12cf4a1997b77343c918c0200a81a","5adbc55e8eb8172571a9337267edecfb"
"Thunberg Leads Climate Protest, Criticizing COP26 Talks","WSJ","The Swedish activist is headlining what is expected to be a rowdy, hourslong march and rally in Glasgow after calling the summit ‘a two week celebration of business as usual and blah blah blah.’","2021-11-05 13:44:00","Top News","https://www.wsj.com/articles/greta-thunberg-takes-on-role-as-cop26-critic-11636111801","4288464f77b21d159a5c90ee1315701313e12cf4a1997b77343c918c0200a81a","fd3b970c5b781fbaf3749f36a08d8b59"
"Auschwitz Tattoo-Kit Auction Fuels Debate in Israel","WSJ","A court halted the auction of a rare set of tattoo needles that had purportedly been used to mark inmates at Auschwitz and had reignited a debate over whether Nazi-era artifacts should be bought or sold.","2021-11-05 12:56:00","Top News","https://www.wsj.com/articles/auschwitz-tattoo-kit-auction-fuels-debate-in-israel-11636116964","4288464f77b21d159a5c90ee1315701313e12cf4a1997b77343c918c0200a81a","bf347576416145a0bb80876568e9a9d4"
"Covid-19 Certificates Look Likely to Linger in Europe","WSJ","The health passes that restrict access to restaurants, gyms and other venues were supposed to be transitory, but with the specter of a winter resurgence of Covid-19 infections, they look likely to remain into next year.","2021-11-05 14:24:00","Top News","https://www.wsj.com/articles/covid-19-certificates-look-likely-to-linger-in-europe-11636122278","4288464f77b21d159a5c90ee1315701313e12cf4a1997b77343c918c0200a81a","944a59189523e99aa3037fcc9d20f207"
"Global Food Prices Surge as Inflation Spreads","WSJ","Bad harvests and supply bottlenecks are leaving poor families hungry in the developing world, from Peru to the Philippines.","2021-11-05 13:36:00","Top News","https://www.wsj.com/articles/global-food-prices-surge-as-inflation-spreads-11636119367","4288464f77b21d159a5c90ee1315701313e12cf4a1997b77343c918c0200a81a","1ddcb190fa7d8460f0769a8b2920d834"
"How DNA Tests Helped a Jewish Man Trace a Holocaust Mystery to Israel","WSJ","Born in Nazi-occupied Poland, Bolek Krutz settled in New Jersey in 1969 and became an X-ray technician. For decades, he wondered who he really was.","2021-11-05 13:31:00","Top News","https://www.wsj.com/articles/how-dna-tests-helped-a-jewish-man-trace-a-holocaust-mystery-to-israel-11636119082","4288464f77b21d159a5c90ee1315701313e12cf4a1997b77343c918c0200a81a","575ab22cc2a195ffd271000192c53cdc"
"Getting Vaccines to the World Next Time","WSJ","We can now develop vaccines at record speed in response to a pandemic, but we need new ways to distribute them to everyone on the planet","2021-11-05 13:29:00","Top News","https://www.wsj.com/articles/getting-vaccines-to-the-world-next-time-11636118973","4288464f77b21d159a5c90ee1315701313e12cf4a1997b77343c918c0200a81a","472e221d090112549b6fd0fc889ae5ea"
"Climate Promises by Businesses Face New Scrutiny","WSJ","Businesses have lined up to declare their carbon-neutral goals during the Glasgow climate summit. Investors and regulators will be watching to see if they follow through.","2021-11-05 09:30:00","Top News","https://www.wsj.com/articles/climate-promises-by-businesses-face-new-scrutiny-11636104600","4288464f77b21d159a5c90ee1315701313e12cf4a1997b77343c918c0200a81a","39be19a4c981f68b449501e0687118eb"
"Ortega Expected to Win Re-Election as Nicaragua Veers Into Dictatorship","WSJ","President Daniel Ortega is expected to win a fourth consecutive term after he imprisoned seven would-be presidential candidates. The U.S. and European Union have described the elections as a sham.","2021-11-07 20:08:00","Top News","https://www.wsj.com/articles/nicaraguan-president-ortega-expected-to-win-re-election-as-country-veers-into-dictatorship-11636312154","4288464f77b21d159a5c90ee1315701313e12cf4a1997b77343c918c0200a81a","e2148d45f9f27a6cb973306cbfbc27ad"
"Iraqi Prime Minister Targeted in Assassination Attempt","WSJ","An explosive-laden drone attacked the residence of Iraqi Prime Minister Mustafa al-Kadhimi in Baghdad. The prime minister said he wasn’t hurt.","2021-11-07 19:49:00","Top News","https://www.wsj.com/articles/iraqs-prime-minister-survives-assassination-attempt-government-says-11636248485","4288464f77b21d159a5c90ee1315701313e12cf4a1997b77343c918c0200a81a","536abcdd07994ec8844381978b487bd0"
"Rebels Advance Toward Capital As Ethiopia Moves Deeper Into War","WSJ","The move threatens to widen a civil war raging in Africa’s second-most populous nation marked by allegations of ethnically motivated atrocities and man-made famine.","2021-11-07 19:06:00","Top News","https://www.wsj.com/articles/rebels-advance-toward-capital-as-ethiopia-moves-deeper-into-war-11636311997","4288464f77b21d159a5c90ee1315701313e12cf4a1997b77343c918c0200a81a","6e7713b2a5a06a5ac58bc779ee51dbce"
"Tale of Gym Bag Stuffed With Cash Ensnares Top Opponent of Mexico's President","WSJ","Conservative politician Ricardo Anaya says López Obrador is prosecuting him on fabricated charges. He has plenty of company.","2021-11-07 17:57:00","Top News","https://www.wsj.com/articles/mexico-bribery-case-ricardo-anaya-lopez-obrador-odebrecht-lozoya-11636307232","4288464f77b21d159a5c90ee1315701313e12cf4a1997b77343c918c0200a81a","7e6e23fa599313c9832761c57d985547"
"Farmers Who Protect the Amazon Rainforest Would Like to Be Paid","WSJ","Some in Brazil say they would protect forests on their land if compensated through a carbon-credit program on the agenda at the climate-change summit now under way in Glasgow.","2021-11-07 17:48:00","Top News","https://www.wsj.com/articles/brazilian-farmers-who-protect-the-amazon-rainforest-would-like-to-be-paid-11636281003","4288464f77b21d159a5c90ee1315701313e12cf4a1997b77343c918c0200a81a","9d3f6678c15098726279a04911ad0791"
"The Economic Rebound From Covid-19 Was Easy. Now Comes the Hard Part.","WSJ","As supply-chain disruptions worsen and inflation surges, executives and policy makers must navigate a delicate transition to a more normal economy.","2021-11-07 15:45:00","Top News","https://www.wsj.com/articles/the-economic-rebound-from-covid-19-was-easy-now-comes-the-hard-part-11636299941","4288464f77b21d159a5c90ee1315701313e12cf4a1997b77343c918c0200a81a","cd9742c86e2d750960e8ab1348a6a690"
"One of the World's Hottest Real-Estate Markets Tries to Cool Down","WSJ","New Zealand is pulling every lever to tame property prices without shaking its economy and crashing the market.","2021-11-07 15:00:00","Top News","https://www.wsj.com/articles/one-of-the-worlds-hottest-real-estate-markets-tries-to-cool-down-11636297200","4288464f77b21d159a5c90ee1315701313e12cf4a1997b77343c918c0200a81a","bd7eadf293c173957ea300f3d7ea4d02"
"Ortega Set to Cement Power in Nicaragua","WSJ","President Daniel Ortega is expected to win a fourth consecutive term after he imprisoned seven would-be presidential candidates. The U.S. and European Union have described the elections as a sham.","2021-11-08 02:17:00","Top News","https://www.wsj.com/articles/nicaraguan-president-ortega-expected-to-win-re-election-as-country-veers-into-dictatorship-11636312154","4288464f77b21d159a5c90ee1315701313e12cf4a1997b77343c918c0200a81a","b7b47d0c450e0a68ad3c5c35a226bc1a"
"COP26 Negotiators Turn to Plan B as Climate Pledges Fall Short","WSJ","Officials are seeking ways to pressure each other to revisit emissions more frequently to keep global warming in check.","2021-11-07 16:48:00","Top News","https://www.wsj.com/articles/cop26-negotiators-turn-to-plan-b-as-climate-pledges-fall-short-11636303732","4288464f77b21d159a5c90ee1315701313e12cf4a1997b77343c918c0200a81a","e46be189b8d068af6b282ef6698399b4"
"China to Allow Education Companies to Resume After-School Tutoring","WSJ","China’s government plans to issue more than a dozen licenses that would allow companies to offer after-school tutoring, according to people familiar with the matter.","2021-11-08 10:52:00","Top News","https://www.wsj.com/articles/china-to-issue-licenses-for-education-companies-to-resume-after-school-tutoring-11636368762","4288464f77b21d159a5c90ee1315701313e12cf4a1997b77343c918c0200a81a","0024c32c6954d0cd5de44ea31e7616d5"
"Nicaragua's President Ortega on Track for Controversial Fourth Term","WSJ","With 65% of the vote counted, the head of Nicaragua’s electoral authority said President Ortega had won 75% of the vote. Five small satellite parties controlled by Mr. Ortega split the difference and 35% abstained.","2021-11-08 10:52:00","Top News","https://www.wsj.com/articles/nicaraguas-president-ortega-on-track-for-controversial-fourth-term-11636368775","4288464f77b21d159a5c90ee1315701313e12cf4a1997b77343c918c0200a81a","07115a056a8858532150fc4c3919a20a"
"China's Economy Faces Risk of Yearslong Real-Estate Hangover","WSJ","China’s aggressive campaign to root out speculative real-estate activity could slow the country’s growth rate for years to come, economists say, even if a major housing correction is averted.","2021-11-08 12:00:00","Top News","https://www.wsj.com/articles/chinas-economy-faces-risk-of-yearslong-real-estate-hangover-11636372801","4288464f77b21d159a5c90ee1315701313e12cf4a1997b77343c918c0200a81a","2bfe583b8cea638a34c7ea817b574936"
"China's Army Furnishes Foreign Militaries With Covid-19 Vaccines","WSJ","The People’s Liberation Army has helped further Beijing’s global interests during the pandemic, bringing doses directly to militaries.","2021-11-08 11:08:00","Top News","https://www.wsj.com/articles/chinas-army-furnishes-foreign-militaries-with-covid-19-vaccines-11636369726","4288464f77b21d159a5c90ee1315701313e12cf4a1997b77343c918c0200a81a","1fa81e9483676cba9d079c5b91e32b89"
"U.S. Opens Borders to Vaccinated Europeans, Others, After More Than 18 Months","WSJ","Vaccinated non-American citizens from previously restricted countries—predominantly in Europe—are allowed to travel to the U.S. from today, if they have proof of vaccination and a negative Covid-19 test taken within the prior three days.","2021-11-08 15:41:00","Top News","https://www.wsj.com/articles/u-s-opens-borders-to-vaccinated-europeans-others-after-more-than-18-months-11636386116","4288464f77b21d159a5c90ee1315701313e12cf4a1997b77343c918c0200a81a","fa94360683dce1539e25f3f66f8296ed"
"Germany's Economy, Once Europe's Engine, Is Holding It Back","WSJ","Germany’s export-oriented businesses have fared poorly in a post-pandemic world of broken supply chains and rising energy prices. The malaise is fueling a debate over whether the German economy needs a reboot and what it should look like.","2021-11-08 15:13:00","Top News","https://www.wsj.com/articles/germany-economy-lagging-behind-europe-supply-chain-11636383954","4288464f77b21d159a5c90ee1315701313e12cf4a1997b77343c918c0200a81a","0145cc1e2c2e8501b679b139610cabe5"
"Cuba's Dissidents Dig In Despite Government Crackdown","WSJ","Activists, artists and professionals challenge the Communist regime even as hundreds of protesters face contempt, sedition and sabotage charges.","2021-11-08 15:00:00","Top News","https://www.wsj.com/articles/cubas-dissidents-dig-in-despite-government-crackdown-11636383600","4288464f77b21d159a5c90ee1315701313e12cf4a1997b77343c918c0200a81a","faee5dc27e78ec6cd5259b67f73cbe13"
"China Has Built Mock-Up of U.S. Aircraft Carrier, Warships in the Desert","WSJ","Satellite images indicate the People’s Liberation Army is focused on increasingly realistic training methods as tension over Taiwan rises.","2021-11-08 22:21:00","Top News","https://www.wsj.com/articles/china-has-built-mock-ups-of-u-s-aircraft-carrier-warships-in-the-desert-11636403790","4288464f77b21d159a5c90ee1315701313e12cf4a1997b77343c918c0200a81a","d1194c9e522a2e96436dcd29083379f6"
"U.S. and Europe Crack Down on REvil Ransomware Group","WSJ","The Justice Department said it had clawed back $6.1 million in ransomware and is seeking the extradition of a Ukrainian arrested in Poland.","2021-11-08 21:08:00","Top News","https://www.wsj.com/articles/hackers-linked-to-ransomware-attacks-on-jbs-kaseya-arrested-in-romania-11636390527","4288464f77b21d159a5c90ee1315701313e12cf4a1997b77343c918c0200a81a","86861c011c918bdca1f6a819eafd2ef6"
"U.S. Tests Israel's Iron Dome in Guam as Defense Against Chinese Cruise Missiles","WSJ","The Iron Dome test highlights the wide range of U.S. hardware heading to the Asia-Pacific region as the Pentagon addresses a Chinese buildup that it has called its No.1 challenge.","2021-11-09 10:53:00","Top News","https://www.wsj.com/articles/u-s-tests-israels-iron-dome-in-guam-as-defense-against-chinese-cruise-missiles-11636455224","4288464f77b21d159a5c90ee1315701313e12cf4a1997b77343c918c0200a81a","45ce77ce5924bbabbccfbeb60145d8a4"
"As Pandemic Rebounds Across Europe, Germany Hits Record Covid-19 Tally","WSJ","Germany’s recent success in fending off the virus left many people without natural immunity, a possible factor contributing to the current surge across the continent.","2021-11-08 20:21:00","Top News","https://www.wsj.com/articles/germany-hits-record-covid-19-tally-as-pandemic-rebounds-across-europe-11636393589","4288464f77b21d159a5c90ee1315701313e12cf4a1997b77343c918c0200a81a","6968b9afa20ba820f68396e9f6642f8f"
"Russia Keeps Europe Guessing With Tight Gas Supplies","WSJ","President Vladimir Putin said last month that Russia, which supplies almost half of Europe’s gas imports, would boost deliveries to stabilize the market, as prices are high and reserves are low ahead of the European winter.","2021-11-09 13:08:00","Top News","https://www.wsj.com/articles/russia-keeps-europe-guessing-with-tight-gas-supplies-11636463284","4288464f77b21d159a5c90ee1315701313e12cf4a1997b77343c918c0200a81a","ad984a2a0b3ef939becfce15bac553ae"
"Singapore Execution Stayed After Positive Covid-19 Test","WSJ","The case has drawn scrutiny over the death sentence for Nagaenthran Dharmalingam, a mentally disabled man who was convicted on drug charges.","2021-11-09 12:44:00","Top News","https://www.wsj.com/articles/singapore-execution-stayed-after-positive-covid-19-test-11636461886","4288464f77b21d159a5c90ee1315701313e12cf4a1997b77343c918c0200a81a","5fd546ed47daae8597ee27f2055f96ef"
"Chinese Journalist Who Reported From Wuhan Is Gravely Ill After Prison Hunger Strike","WSJ","Zhang Zhan had posted more than 120 YouTube videos chronicling conditions in Wuhan during the government-imposed lockdown, detailing what she saw as missteps in the government’s initial pandemic response.","2021-11-09 12:13:00","Top News","https://www.wsj.com/articles/chinese-journalist-who-reported-from-wuhan-is-gravely-ill-after-prison-hunger-strike-11636460027","4288464f77b21d159a5c90ee1315701313e12cf4a1997b77343c918c0200a81a","a61e87a801fefed83e3d9d7229d8466b"
"Nicaragua's Autocratic Shift Is Part of a Latin American Backslide","WSJ","President Daniel Ortega’s victory in elections that the U.S. called a sham is the latest evidence that the region’s democracy is unraveling amid waning U.S. influence, political analysts say.","2021-11-09 17:26:00","Top News","https://www.wsj.com/articles/nicaraguas-shift-towards-dictatorship-is-part-of-a-latin-american-backslide-11636476080","4288464f77b21d159a5c90ee1315701313e12cf4a1997b77343c918c0200a81a","79394970ca8accf9d968b888d878791c"
"Iraq Struggles to Control Iran-Allied Militias","WSJ","Iraqi officials are grappling with how to contain Iran-backed militias after a drone attack on the Iraqi premier’s residence highlighted the enduring threat the paramilitary groups pose to the Middle Eastern state.","2021-11-09 16:24:00","Top News","https://www.wsj.com/articles/iraq-struggles-to-control-iran-allied-militias-believed-responsible-for-attack-on-prime-minister-11636475084","4288464f77b21d159a5c90ee1315701313e12cf4a1997b77343c918c0200a81a","947c54224abae6ec61a85a542a99f423"
"Poland Tries to Repel Surge of Migrants Caught Up in EU-Belarus Standoff","WSJ","The presence of thousands of migrants amassed near Belarus’s border with Poland has escalated tensions between Minsk and the European Union, which blames Belarusian President Alexander Lukashenko for ushering the migrants to the bloc.","2021-11-09 16:14:00","Top News","https://www.wsj.com/articles/poland-tries-to-repel-crowds-of-migrants-caught-up-in-eu-belarus-standoff-11636470387","4288464f77b21d159a5c90ee1315701313e12cf4a1997b77343c918c0200a81a","059df40ab3219b6ba1416e6e385712fe"
"Biden Administration Stresses Shared Interests in Talks With Egypt","WSJ","The U.S. seeks to deepen economic and security cooperation with Cairo despite longstanding concerns over rights violations.","2021-11-09 14:06:00","Top News","https://www.wsj.com/articles/biden-administration-stresses-shared-interests-in-talks-with-egypt-11636466765","4288464f77b21d159a5c90ee1315701313e12cf4a1997b77343c918c0200a81a","fb27997f9c966f892a0802623594d515"
"U.S.-Canada Border Opening Sends Snowbirds Cruising South","WSJ","Canadians are again driving to the U.S. to escape a harsh winter, and businesses in Florida and other states are eager to welcome them.","2021-11-09 18:53:00","Top News","https://www.wsj.com/articles/u-s-canada-border-opening-sends-snowbirds-south-11636484009","4288464f77b21d159a5c90ee1315701313e12cf4a1997b77343c918c0200a81a","d9d2c6897de441d7208c30fb8e5f07ad"
"China Factory Inflation Grows at Record Pace on High Energy Prices","WSJ","China’s factory-gate prices surged at a record pace in October due to higher energy costs, adding to anxieties that global inflation will persist while constraining Beijing’s ability to stimulate the nation’s economy.","2021-11-10 06:43:00","Top News","https://www.wsj.com/articles/chinas-factory-inflation-grows-at-record-pace-on-soaring-energy-prices-11636523316","4288464f77b21d159a5c90ee1315701313e12cf4a1997b77343c918c0200a81a","b8c78dbfe2a14b0adb205e4e5078ee2c"
"Another Covid Winter Threatens Europe's More Vulnerable Nations","WSJ","People in Romania and Bulgaria are dying from the virus at record rates, but elsewhere in Europe infections are at a manageable level that policy makers say are the result of a suite of restrictive policies.","2021-11-10 14:44:00","Top News","https://www.wsj.com/articles/another-covid-winter-threatens-europes-more-vulnerable-nations-11636555455","4288464f77b21d159a5c90ee1315701313e12cf4a1997b77343c918c0200a81a","4b08c3ca659418019047469156dee318"
"China's Plan to Manage Evergrande: Take It Apart, Slowly","WSJ","Beijing is working on a controlled implosion of the real-estate giant, selling off some of its assets while limiting damage to home buyers and businesses involved in its unfinished projects.","2021-11-10 14:39:00","Top News","https://www.wsj.com/articles/evergrande-china-crisis-real-estate-developers-11636552507","4288464f77b21d159a5c90ee1315701313e12cf4a1997b77343c918c0200a81a","7a479094476638afc3c5b8399cc61a22"
"COP26 Draft Deal Seeks Quicker Emissions Cuts as Deadline Nears","WSJ","The U.K. released a proposed draft deal that urges governments to commit by the end of next year to deeper emissions cuts, a move aimed at bridging the gap between their planned cuts and those that scientists say are necessary.","2021-11-10 13:41:00","Top News","https://www.wsj.com/articles/cop26-draft-climate-deal-seeks-quicker-emissions-cuts-as-weekend-deadline-nears-11636547423","4288464f77b21d159a5c90ee1315701313e12cf4a1997b77343c918c0200a81a","a318102cd3e30c2fa190411654f95c1d"
"Miners Have a Pesky Pollution Problem: Their Customers","WSJ","Mining companies face pressure to reduce emissions produced by those who buy their commodities, but say their clients can’t be controlled.","2021-11-10 10:30:00","Top News","https://www.wsj.com/articles/miners-have-a-pesky-pollution-problem-their-customers-11636540201","4288464f77b21d159a5c90ee1315701313e12cf4a1997b77343c918c0200a81a","085ac67bffcf19e9fc326e68d224ed42"
"U.S., China Pledge to Step Up Efforts to Fight Climate Change at COP26","WSJ","The show of cooperation between the two rivals and the world’s two biggest greenhouse-gas emitters injected a surprise development into the talks as a weekend deadline for a deal approaches.","2021-11-10 22:15:00","Top News","https://www.wsj.com/articles/cop26-draft-climate-deal-seeks-quicker-emissions-cuts-as-weekend-deadline-nears-11636547423","4288464f77b21d159a5c90ee1315701313e12cf4a1997b77343c918c0200a81a","f89fb62a58cf1cc507a08dc2a1845a5f"
"Afghan Pilots Who Fled Taliban to Tajikistan Begin Transfer to U.S.","WSJ","A State Department representative said that 191 Afghans were on the departing flight.","2021-11-10 20:46:00","Top News","https://www.wsj.com/articles/afghan-pilots-who-fled-taliban-to-tajikistan-begin-transfer-to-u-s-11636575146","4288464f77b21d159a5c90ee1315701313e12cf4a1997b77343c918c0200a81a","b748cd5fde99e2b733d0039d68cc972c"
"China Weighs Moderating Property Curbs to Help Developers Unload Assets","WSJ","Beijing is wary that financial risks could spread through the economy as it tries to rein in the real-estate sector.","2021-11-10 19:31:00","Top News","https://www.wsj.com/articles/china-weighs-moderating-property-curbs-to-help-troubled-developers-unload-assets-11636572669","4288464f77b21d159a5c90ee1315701313e12cf4a1997b77343c918c0200a81a","d6a321726f19a00358551c1f1f2487b5"
"Russia Sends Warplanes to Belarus Amid Fight With EU Over Migrants","WSJ","The deployment of strategic bombers to Belarus’s airspace comes as tensions build between Belarus and Poland over a surge of migrants at their shared border and the positioning of several thousand Polish troops on the European Union’s eastern flank.","2021-11-10 16:03:00","Top News","https://www.wsj.com/articles/russia-sends-warplanes-to-belarus-amid-fight-with-eu-over-migrants-11636560216","4288464f77b21d159a5c90ee1315701313e12cf4a1997b77343c918c0200a81a","52c6662f6c979880d40450d4420ecaf5"
"Europe's Uneven Vaccine Rollout Leaves Some Countries Reeling","WSJ","People in Romania and Bulgaria are dying from the virus at record rates, but elsewhere in Europe infections are at a manageable level that policy makers say are the result of a suite of restrictive policies.","2021-11-10 14:44:00","Top News","https://www.wsj.com/articles/another-covid-winter-threatens-europes-more-vulnerable-nations-11636555455","4288464f77b21d159a5c90ee1315701313e12cf4a1997b77343c918c0200a81a","bfa8acaf794676049aed7b271ce28118"
"U.S., China Pledge to Accelerate Climate Effort","WSJ","The show of cooperation at COP26 between the two rivals and the world’s two biggest greenhouse-gas emitters injected a surprise development into the talks in Glasgow.","2021-11-10 22:15:00","Top News","https://www.wsj.com/articles/cop26-draft-climate-deal-seeks-quicker-emissions-cuts-as-weekend-deadline-nears-11636547423","4288464f77b21d159a5c90ee1315701313e12cf4a1997b77343c918c0200a81a","104ff0487d435b69e4499531bed44623"
"De Klerk, Last President of Apartheid South Africa, Dies","WSJ","The last leader of South Africa’s white-minority government, who formed a prickly relationship with the country’s first black president, died in his home in Cape Town following a struggle with cancer. He was 85.","2021-11-11 11:03:00","Top News","https://www.wsj.com/articles/f-w-de-klerk-south-african-president-who-helped-end-apartheid-dies-at-85-11636628616","4288464f77b21d159a5c90ee1315701313e12cf4a1997b77343c918c0200a81a","24961077cab0a7eab8c38f595c4781dd"
"'Captain America' Protester Gets Prison Time for Hong Kong Mall Chants","WSJ","A man who chanted protest slogans in Hong Kong’s shopping malls after China imposed a national security law was sentenced to five years and nine months in prison after being found guilty of promoting independence.","2021-11-11 10:06:00","Top News","https://www.wsj.com/articles/captain-america-protester-gets-nearly-six-years-in-prison-for-hong-kong-mall-chants-11636625197","4288464f77b21d159a5c90ee1315701313e12cf4a1997b77343c918c0200a81a","11309e36609db441c61906cb841088d3"
"China's Xi Designated an Historical Figure by Communist Party","WSJ","The Chinese leader has formally etched his name alongside the greatest figures in the annals of Communist Party history, paving the way for him to dominate a major reshuffling of power in the coming year and extend his rule.","2021-11-11 12:55:00","Top News","https://www.wsj.com/articles/chinas-xi-gains-power-as-communist-party-designates-him-historical-figure-11636635312","4288464f77b21d159a5c90ee1315701313e12cf4a1997b77343c918c0200a81a","e5a442220a355b2849ab2a39408bec14"
"Feud at Smithfield Foods Shows Messy Underside of Chinese Takeover","WSJ","The turmoil at WH Group marks an unexpected twist for a deal that raised political concerns amid a string of attempts by Chinese companies to buy up Western producers of resources needed to feed the country’s growing appetite.","2021-11-11 10:30:00","Top News","https://www.wsj.com/articles/feud-at-smithfield-foods-parent-company-shows-messy-underside-of-chinese-takeover-11636626600","4288464f77b21d159a5c90ee1315701313e12cf4a1997b77343c918c0200a81a","d25992f2bbe632bbd29652a58cf114ee"
"China's Xi Designated a Historical Figure by Communist Party","WSJ","The Chinese leader has formally etched his name alongside the greatest figures in the annals of Communist Party history, paving the way for him to dominate a major reshuffling of power in the coming year and extend his rule.","2021-11-11 13:27:00","Top News","https://www.wsj.com/articles/chinas-xi-gains-power-as-communist-party-designates-him-historical-figure-11636635312","4288464f77b21d159a5c90ee1315701313e12cf4a1997b77343c918c0200a81a","b118d0eed80c663bcc94d0d13a10db58"
"High Energy Prices Likely to Mean Less Oil Demand This Year, OPEC Says","WSJ","Soaring fuel costs amid a global energy crunch were showing signs of weighing on demand, said the Organization of the Petroleum Exporting Countries, and weaker than expected demand for oil in China and India was now likely.","2021-11-11 13:06:00","Top News","https://www.wsj.com/articles/high-energy-prices-likely-to-mean-less-oil-demand-this-year-opec-says-11636635602","4288464f77b21d159a5c90ee1315701313e12cf4a1997b77343c918c0200a81a","04fd002c6abe3292432ab438904bbe2f"
"China's Coal Shortage Threatens Farmers in India and Truckers in South Korea","WSJ","The countries rely on Chinese exports of urea, which is extracted from coal, for fertilizer and running diesel vehicles.","2021-11-11 13:00:00","Top News","https://www.wsj.com/articles/chinas-coal-shortage-threatens-farmers-in-india-and-truckers-in-south-korea-11636635601","4288464f77b21d159a5c90ee1315701313e12cf4a1997b77343c918c0200a81a","cec1c66473132d9eecd4d1b018b422a9"
"World Leaders Pressure Libya to Hold Elections on Time","WSJ","Vice President Kamala Harris and other world leaders are gathering to make a diplomatic push in support of elections in Libya that could make or break the peace process in a country that has been torn apart by war and political crisis for a decade.","2021-11-12 09:07:00","Top News","https://www.wsj.com/articles/world-leaders-pressure-libya-to-hold-elections-on-time-11636699373","4288464f77b21d159a5c90ee1315701313e12cf4a1997b77343c918c0200a81a","66837d5b435670bb8dd77c313423955b"
"U.S. Journalist Danny Fenster Sentenced in Myanmar to 11 Years in Prison","WSJ","American diplomats had lobbied for his release, and his family launched a petition asking President Biden to secure his freedom.","2021-11-12 07:53:00","Top News","https://www.wsj.com/articles/u-s-journalist-danny-fenster-sentenced-in-myanmar-to-11-years-in-prison-11636703618","4288464f77b21d159a5c90ee1315701313e12cf4a1997b77343c918c0200a81a","a0ea2e3c962a5c7ccfa9ff29232e8ae2"
"Biden and Xi to Hold Virtual Summit on Monday","WSJ","President Biden and Chinese President Xi Jinping plan to hold a virtual summit on Monday, people familiar with the matter said, as the two leading world economies pledge to work together on climate change but differences remain over Taiwan and other fronts.","2021-11-12 04:59:00","Top News","https://www.wsj.com/articles/biden-and-chinas-xi-to-hold-virtual-summit-on-monday-11636688117","4288464f77b21d159a5c90ee1315701313e12cf4a1997b77343c918c0200a81a","5fb3161e33ea112189e0fd5f0d8e5513"
"At-Risk Afghans Forced to Flee Safe Houses","WSJ","The volunteer group Task Force Argo said that it was unable to gain approval to fly the Afghans out of the country and that the cost of housing them was astronomical.","2021-11-11 22:46:00","Top News","https://www.wsj.com/articles/hundreds-seeking-evacuation-from-afghanistan-forced-to-leave-safehouses-11636670801","4288464f77b21d159a5c90ee1315701313e12cf4a1997b77343c918c0200a81a","d00e5d89293864ed6a68735da6df1b05"
"Europe Weighs Border Walls as Migrants Mass in Belarus at Poland's Frontier","WSJ","The European Union is adopting a tougher stance toward migration in response to what officials see as a hybrid attack from a close Russian ally.","2021-11-11 17:47:00","Top News","https://www.wsj.com/articles/europe-weighs-border-walls-as-migrants-mass-in-belarus-at-polands-frontier-11636649364","4288464f77b21d159a5c90ee1315701313e12cf4a1997b77343c918c0200a81a","b09db38499a5f15a5b56bbea14dffceb"
"South Africa Can't Afford to Quit Coal.  Will Rich Countries Pay for the Transition?","WSJ","Pressure to end coal-powered electricity generation has fired tensions between already-industrialized nations and developing ones, which have poured billions into coal infrastructure. South Africa is the most dependent on the fuel of any G-20 country.","2021-11-11 15:08:00","Top News","https://www.wsj.com/articles/south-africa-cant-afford-to-quit-coal-will-rich-countries-pay-for-the-transition-11636643299","4288464f77b21d159a5c90ee1315701313e12cf4a1997b77343c918c0200a81a","49fa506f34871b0a201cce05c78b5e97"
"COP26 Talks Enter Final Scheduled Day With Deal Still Elusive","WSJ","Negotiators seeking to reach a global deal to slow climate change entered the last scheduled day of talks still wrestling with big differences over the wording of what they hope will be a meaningful agreement.","2021-11-12 11:44:00","Top News","https://www.wsj.com/articles/cop26-talks-enter-final-scheduled-day-with-deal-still-elusive-11636717491","4288464f77b21d159a5c90ee1315701313e12cf4a1997b77343c918c0200a81a","65ee4eb467845629c335f0886ea21795"
"South Africa Seeks Help to Quit Coal","WSJ","Pressure to end coal-powered electricity generation has fired tensions between already-industrialized nations and developing ones, which have poured billions into coal infrastructure. South Africa is the most dependent on the fuel of any G-20 country.","2021-11-11 15:08:00","Top News","https://www.wsj.com/articles/south-africa-cant-afford-to-quit-coal-will-rich-countries-pay-for-the-transition-11636643299","4288464f77b21d159a5c90ee1315701313e12cf4a1997b77343c918c0200a81a","33264cde49d0dd3821ede8955a912316"
"Haiti Slides Deeper Into Chaos a Month After Missionaries' Kidnapping","WSJ","The U.S. is urging Americans to get out of Haiti as gangs block fuel terminals and carry out mass abductions in defiance of a weak government.","2021-11-12 12:00:00","Top News","https://www.wsj.com/articles/haiti-slides-deeper-into-chaos-a-month-after-missionaries-kidnapping-11636718401","4288464f77b21d159a5c90ee1315701313e12cf4a1997b77343c918c0200a81a","aea60738f1a6015404397a7901e45718"
"Biden and Xi Pressed for U.S.-China Climate Statement","WSJ","The announcement that the U.S. and China would cooperate on accelerating a transition to cleaner energy came after both President Biden and Chinese President Xi Jinping encouraged their delegates to find common ground.","2021-11-12 11:58:00","Top News","https://www.wsj.com/articles/biden-and-xi-pressed-for-u-s-china-climate-statement-11636718318","4288464f77b21d159a5c90ee1315701313e12cf4a1997b77343c918c0200a81a","5b491f36bbbc4a01d19fc8f95a5e9491"
"Europe Sees 'a New Type of War,' Accusing Belarus of Weaponizing Migrants","WSJ","European officials accuse Belarus of abetting human traffickers bringing migrants into their country and then of funneling the new arrivals toward the border in an effort to provoke a crisis—things Belarus denies.","2021-11-12 15:20:00","Top News","https://www.wsj.com/articles/europe-sees-a-new-type-of-war-accusing-belarus-of-weaponizing-migrants-11636724990","4288464f77b21d159a5c90ee1315701313e12cf4a1997b77343c918c0200a81a","1c40c584940c727394a85954dd066a5d"
"Netherlands Set to Revive Covid-19 Restrictions Despite High Vaccination Rate","WSJ","The country is set to renew curbs on public life, as a steep rise in coronavirus cases in parts of Europe raises concerns that hospitals could be overwhelmed.","2021-11-12 14:12:00","Top News","https://www.wsj.com/articles/netherlands-set-to-revive-covid-19-restrictions-despite-high-vaccination-rate-11636726327","4288464f77b21d159a5c90ee1315701313e12cf4a1997b77343c918c0200a81a","eae97e16122b0455b099a34b7f811bc1"
"Europe Says Belarus Is Weaponizing Migrants in 'New Type of War'","WSJ","European officials accuse Belarus of abetting human traffickers bringing migrants into their country and then of funneling the new arrivals toward the border in an effort to provoke a crisis—things Belarus denies.","2021-11-12 15:20:00","Top News","https://www.wsj.com/articles/europe-sees-a-new-type-of-war-accusing-belarus-of-weaponizing-migrants-11636724990","4288464f77b21d159a5c90ee1315701313e12cf4a1997b77343c918c0200a81a","b946114dda38478dc8640382184a6abb"
"COP26 Talks Continue With a Deal Still Elusive","WSJ","Negotiators seeking to reach a global deal to slow climate change extended talks into Friday evening as they wrestled with big differences over the wording of what they hope will be a meaningful agreement.","2021-11-12 21:20:00","Top News","https://www.wsj.com/articles/cop26-talks-enter-final-scheduled-day-with-deal-still-elusive-11636717491","4288464f77b21d159a5c90ee1315701313e12cf4a1997b77343c918c0200a81a","97cf99b12e085a9b457ae3223348fd6d"
"U.S. Briefs Allies on Possible Russian Threat Toward Ukraine","WSJ","As Russian troops continue movements near Ukraine border, U.S. urges pressure against Moscow; Kremlin dismisses concerns.","2021-11-12 23:54:00","Top News","https://www.wsj.com/articles/u-s-briefs-allies-on-possible-russian-threat-toward-ukraine-11636756959","4288464f77b21d159a5c90ee1315701313e12cf4a1997b77343c918c0200a81a","37ea2ea7e9b7eef12cee03aa73e64d80"
"Houthi Rebels in Yemen Occupy U.S. Embassy Compound, Take Hostages","WSJ","The majority of U.S.-employed Yemeni security personnel taken hostage in the capital San’a earlier this week have been freed, U.S. officials said.","2021-11-12 23:06:00","Top News","https://www.wsj.com/articles/houthi-rebels-in-yemen-storm-former-u-s-embassy-take-hostages-11636752761","4288464f77b21d159a5c90ee1315701313e12cf4a1997b77343c918c0200a81a","309d3858b88bdbf498880796729748a1"
"Covid-19 Shots Are Reaching Poor Countries, but Not People's Arms","WSJ","While more vaccines could be delivered in the coming weeks than countries have received this year, many countries lack the fridges and facilities needed to distribute the shots and are fighting misinformation and hesitancy.","2021-11-12 18:22:00","Top News","https://www.wsj.com/articles/covid-19-vaccines-are-now-reaching-poor-countries-but-not-peoples-arms-11636741322","4288464f77b21d159a5c90ee1315701313e12cf4a1997b77343c918c0200a81a","c3a4632bd1980b17e7bbda816f028f97"
"COP26 Climate Deal Shows Fragility of New Emissions-Cutting Pledge","WSJ","The new Glasgow pact calls for countries to bolster commitments again next year. Already, the U.S. says it likely won’t do so.","2021-11-14 22:59:00","Top News","https://www.wsj.com/articles/cop26-climate-deal-shows-fragility-of-new-emissions-cutting-pledge-11636920631","4288464f77b21d159a5c90ee1315701313e12cf4a1997b77343c918c0200a81a","0d078b85735d4dffcbf89dfa5eb5233b"
"What's Driving Xi Jinping's Economic Revamp? China's Social Mobility Has Stalled","WSJ","Academic research and data show that as the country’s economy matures, more opportunities go to the children of wealthy and politically connected elites, posing a challenge to the ruling Communist Party.","2021-11-14 18:45:00","Top News","https://www.wsj.com/articles/xi-jinping-china-economy-growth-poverty-tech-beijing-11636915358","4288464f77b21d159a5c90ee1315701313e12cf4a1997b77343c918c0200a81a","ab916316d060394784e2ce226c8a6acc"
"In Belarus Border Standoff, Europe's Debates Converge on Poland","WSJ","For half a decade, the country’s nationalist government has been locked in an escalating culture war within the European Union. Now, in a border standoff with neighboring Belarus, Poland finds itself on the front lines of Europe’s external conflict.","2021-11-14 18:30:00","Top News","https://www.wsj.com/articles/in-belarus-border-standoff-europes-debates-converge-on-poland-11636914600","4288464f77b21d159a5c90ee1315701313e12cf4a1997b77343c918c0200a81a","ff30d6909aa796ed108ce0501ad11681"
"Moammar Gadhafi's Son Launches Libyan Presidential Bid","WSJ","Saif al-Islam Gadhafi is running for president of his war-torn country, injecting a wildcard into elections that could make or break a peace process meant to end a decade of political crises.","2021-11-14 18:02:00","Top News","https://www.wsj.com/articles/moammar-gadhafis-son-launches-libyan-presidential-bid-11636912947","4288464f77b21d159a5c90ee1315701313e12cf4a1997b77343c918c0200a81a","4c22100d9fcea2e49700527276286154"
"Malaysia Tries Relying Less on Foreign Workers","WSJ","With Covid-19 reducing migrant labor in many countries, some governments are testing whether their economies can run with fewer foreign workers than in the past.","2021-11-14 10:30:00","Top News","https://www.wsj.com/articles/in-covid-era-experiment-malaysia-tries-dramatic-reduction-in-migrant-labor-11636885800","4288464f77b21d159a5c90ee1315701313e12cf4a1997b77343c918c0200a81a","0455dc8808ae783ae3c8d167f501ed3c"
"In the Shadow of the Holocaust, a Jewish Community Takes Root","WSJ","Poland’s Jewish community—nearly destroyed during World War II—is growing again, but connecting people with their heritage is a race against time.","2021-11-13 17:00:00","Top News","https://www.wsj.com/articles/in-the-shadow-of-the-holocaust-a-jewish-community-begins-to-take-root-11636822801","4288464f77b21d159a5c90ee1315701313e12cf4a1997b77343c918c0200a81a","1e92879689c6984004b73d7db03c2aec"
"Biden, Xi Teams Set Modest Hopes for Bilateral Talks","WSJ","With no concrete outcomes expected from their virtual meeting on Monday evening, the U.S. and China aim to build on signs of easing hostility between the two nations.","2021-11-15 10:00:00","Top News","https://www.wsj.com/articles/biden-xi-teams-set-modest-hopes-for-monday-talks-11636970400","4288464f77b21d159a5c90ee1315701313e12cf4a1997b77343c918c0200a81a","501cda7efc23497dae8f4cb155b61810"
"WTA Calls for Investigation Into Peng Shuai Sexual-Assault Allegations Against a Former Chinese Leader","WSJ","“Peng Shuai, and all women, deserve to be heard, not censored,” Women’s Tennis Association CEO Steve Simon said, risking backlash from Beijing.","2021-11-15 09:03:00","Top News","https://www.wsj.com/articles/wta-calls-for-investigation-into-peng-shuai-sexual-assault-allegations-against-a-former-chinese-leader-11636967014","4288464f77b21d159a5c90ee1315701313e12cf4a1997b77343c918c0200a81a","99704daa74043271e1884c2381eba980"
"China Posts Robust Growth in Factory Output and Consumer Spending","WSJ","Both cases highlighted how the world’s second-largest economy was able to buck widespread power shortages and a Covid-19 wave, though new signs of weakness in real estate underscored concerns for the outlook.","2021-11-15 07:35:00","Top News","https://www.wsj.com/articles/china-posts-robust-growth-in-factory-output-and-consumer-spending-11636961716","4288464f77b21d159a5c90ee1315701313e12cf4a1997b77343c918c0200a81a","65bafb4e338bf2949b9e46aba97b33f5"
"Japan Economy Shrinks, Hit by Supply Chain Troubles","WSJ","The world’s third-largest economy contracted 0.8% in the July-September period owing to a decline in exports caused by supply-chain constraints and lower consumer spending.","2021-11-15 04:05:00","Top News","https://www.wsj.com/articles/japan-economy-shrinks-slightly-hit-by-supply-chain-troubles-11636934752","4288464f77b21d159a5c90ee1315701313e12cf4a1997b77343c918c0200a81a","c1628f474d0ff5dad3b3fe0bf062d796"
"COP26 Opens Path to International Carbon Trading","WSJ","A U.N.-certified carbon credit could be used by regulated markets and standardize more informal ones.","2021-11-14 21:49:00","Top News","https://www.wsj.com/articles/cop26-opens-path-to-international-carbon-trading-11636922314","4288464f77b21d159a5c90ee1315701313e12cf4a1997b77343c918c0200a81a","3c9bbb699658b4e5709e705bdd7b0ee4"
"U.S. Journalist Danny Fenster Released by Myanmar","WSJ","The 37-year-old journalist, who is expected home in the U.S. soon, was freed following a trip to Myanmar by Bill Richardson, a former U.S. diplomat who has been involved in the release of hostages before.","2021-11-15 11:35:00","Top News","https://www.wsj.com/articles/u-s-journalist-danny-fenster-released-by-myanmar-11636976141","4288464f77b21d159a5c90ee1315701313e12cf4a1997b77343c918c0200a81a","a63524fee5e00c6e233e942f4548c41f"
"China Bought Italian Military-Drone Maker Without Authorities' Knowledge","WSJ","Italian and European authorities weren’t aware that a Chinese state-controlled company bought an Italian military-drone manufacturer and transferred its know-how and technology, revealing how Beijing is skirting weak investment-screening in Europe to acquire sensitive technology.","2021-11-15 10:35:00","Top News","https://www.wsj.com/articles/china-bought-italian-military-drone-maker-without-authorities-knowledge-11636972513","4288464f77b21d159a5c90ee1315701313e12cf4a1997b77343c918c0200a81a","1de7614dd11d77158819945aa5a67b49"
"Belarus Border Standoff Prompts Broader EU Sanctions","WSJ","The European Union agreed to broaden its sanctions regime against Belarus over the migrant border standoff, brushing off threats by President Alexander Lukashenko to cut gas flows to the continent.","2021-11-15 12:41:00","Top News","https://www.wsj.com/articles/belarus-border-standoff-prompts-broader-eu-sanctions-11636980109","4288464f77b21d159a5c90ee1315701313e12cf4a1997b77343c918c0200a81a","2764d4dc20b05b54a1905935c84a8a97"
"U.K. Police Say Liverpool Taxi Explosion Was Terrorist Act","WSJ","A would-be attacker in Liverpool killed himself when he detonated an explosive device in the back of a taxi in an act police characterized as terrorism.","2021-11-15 15:47:00","Top News","https://www.wsj.com/articles/arrests-made-following-car-explosion-outside-u-k-hospital-11636939092","4288464f77b21d159a5c90ee1315701313e12cf4a1997b77343c918c0200a81a","576ee07d87c151a69554f5b5a84e2b0f"
"Austria Imposes Restrictions for Unvaccinated, Considers Full Covid-19 Lockdown","WSJ","Austria ordered around two million people who aren’t fully vaccinated against Covid-19 to remain in their homes, as it debates reintroducing restrictions for everyone following a steep rise in infections.","2021-11-15 13:38:00","Top News","https://www.wsj.com/articles/austria-imposes-restrictions-for-unvaccinated-considers-full-covid-19-lockdown-11636983501","4288464f77b21d159a5c90ee1315701313e12cf4a1997b77343c918c0200a81a","34bef1db6bf6dd34fdb763f801a88065"
"EU Sanctions Russia's Wagner Group to Thwart Private Military","WSJ","European diplomats warned that the Russian mercenary company, which some EU countries and the U.S. say is a proxy force for Russia’s Defense Ministry, poses a growing threat to EU interests.","2021-11-15 16:56:00","Top News","https://www.wsj.com/articles/eu-sanctions-russias-wagner-group-to-thwart-private-military-11636995416","4288464f77b21d159a5c90ee1315701313e12cf4a1997b77343c918c0200a81a","4ceeb07dd66d57c133cc4b6085c7f367"
"U.K. Raises Terrorist Threat Level After Liverpool Taxi Explosion","WSJ","Police said investigators were working to determine whether anyone else was involved in the Sunday incident.","2021-11-15 20:06:00","Top News","https://www.wsj.com/articles/arrests-made-following-car-explosion-outside-u-k-hospital-11636939092","4288464f77b21d159a5c90ee1315701313e12cf4a1997b77343c918c0200a81a","1b29312361e649128cafb2cdcbddc256"
"Biden, Xi Cool Down Hostilities in Virtual Meeting","WSJ","The White House said the U.S. and Chinese presidents discussed a variety of topics including Afghanistan, North Korea and Iran, as well as human rights, climate change and concerns over Taiwan.","2021-11-16 07:23:00","Top News","https://www.wsj.com/articles/biden-xi-teams-set-modest-hopes-for-monday-talks-11636970400","4288464f77b21d159a5c90ee1315701313e12cf4a1997b77343c918c0200a81a","196bb8f6b9c61c23498d0a31c7062a8d"
"Cuba's Government Deploys Security Forces to Prevent Protest","WSJ","Police officers flooded streets in Havana and other cities and detained some activists, and the government stationed police and civilian militants at the homes of pro-democracy organizers to keep them from taking action.","2021-11-15 23:02:00","Top News","https://www.wsj.com/articles/cubas-government-deploys-security-forces-to-prevent-protest-11637008806","4288464f77b21d159a5c90ee1315701313e12cf4a1997b77343c918c0200a81a","80da9a11f538c4d9b13dcbc376213a21"
"Afghanistan's Shiite Minority Cautiously Embraces Taliban Rule","WSJ","This emergence of Shiite Taliban shows how the country’s new rulers are trying to blunt the sectarian divide and position themselves as a pan-Afghan national-liberation movement.","2021-11-16 10:30:00","Top News","https://www.wsj.com/articles/afghanistans-shiite-minority-cautiously-embraces-taliban-rule-seeking-protection-11637058601","4288464f77b21d159a5c90ee1315701313e12cf4a1997b77343c918c0200a81a","260a56fe7276b773bb0037ee41f2e2d7"
"Ugandan Capital Hit by Twin Explosions","WSJ","Two blasts ripped through locations in the center of Uganda’s capital during morning rush hour in a suspected terrorist attack targeting a police facility and a building complex housing commercial offices.","2021-11-16 09:27:00","Top News","https://www.wsj.com/articles/ugandan-capital-kampala-hit-by-twin-explosions-11637054105","4288464f77b21d159a5c90ee1315701313e12cf4a1997b77343c918c0200a81a","f666df828f8326cf16661459c8e9023a"
"Ugandan Capital Kampala Hit by Double Suicide Bombings","WSJ","Two powerful explosions ripped through the center of Uganda’s capital, including outside the country’s Parliament, in what police said was a terrorist attack carried out by a local ally of Islamic State.","2021-11-16 12:54:00","Top News","https://www.wsj.com/articles/ugandan-capital-kampala-hit-by-twin-explosions-11637054105","4288464f77b21d159a5c90ee1315701313e12cf4a1997b77343c918c0200a81a","38bb9e1b60bf19def9faed06fb05f443"
"'It Is a Very Large Bank'---Hong Kong Defends Letting Jamie Dimon Skip Quarantine","WSJ","A whirlwind visit by JPMorgan’s chief executive came just after the city tightened its Covid-19 restrictions","2021-11-16 12:23:00","Top News","https://www.wsj.com/articles/it-is-a-very-large-bankhong-kong-defends-letting-jamie-dimon-skip-quarantine-11637065381","4288464f77b21d159a5c90ee1315701313e12cf4a1997b77343c918c0200a81a","4734412423c6f0d7ad1d6c9d58912ced"
"Hong Kong Defends Letting Jamie Dimon Skip Quarantine","WSJ","A whirlwind visit by JPMorgan’s chief executive came just after the city tightened its Covid-19 restrictions","2021-11-16 12:23:00","Top News","https://www.wsj.com/articles/it-is-a-very-large-bankhong-kong-defends-letting-jamie-dimon-skip-quarantine-11637065381","4288464f77b21d159a5c90ee1315701313e12cf4a1997b77343c918c0200a81a","219587b21abf564465c2fd486160e966"
"Biden, Xi Open to Nuclear-Arms Talks, White House Says","WSJ","President Biden and President Xi Jinping of China have agreed to explore talks on arms control, a top White House official said, a day after the two used a virtual meeting to emphasize the need to avoid conflict on regional security and economic matters.","2021-11-16 21:36:00","Top News","https://www.wsj.com/articles/biden-xi-open-to-nuclear-arms-talks-white-house-says-11637098592","4288464f77b21d159a5c90ee1315701313e12cf4a1997b77343c918c0200a81a","f510332288a097d80b2164b5e91f8022"
"Islamic State Claims Deadly Bombings in Ugandan Capital","WSJ","Suicide bombers set off two powerful explosions in the center of Uganda’s capital during rush hour in an attack later claimed by Islamic State.","2021-11-16 20:21:00","Top News","https://www.wsj.com/articles/ugandan-capital-kampala-hit-by-twin-explosions-11637054105","4288464f77b21d159a5c90ee1315701313e12cf4a1997b77343c918c0200a81a","3e478968cf2f0c5197f26d9a9f9af62c"
"Belarus Migrant Crisis Exposes Tensions Within European Union","WSJ","German Chancellor Angela Merkel’s call to Belarus leader Alexander Lukashenko causes fear among East Europe nations about being sidelined in standoff with Russian ally.","2021-11-16 17:23:00","Top News","https://www.wsj.com/articles/belarus-migrant-crisis-exposes-tensions-within-european-union-11637083429","4288464f77b21d159a5c90ee1315701313e12cf4a1997b77343c918c0200a81a","1679fc89c7b4cff39716d41b53c284bc"
"Libyan Militia Leader Says He Will Run for President","WSJ","Khalifa Haftar registered his candidacy in his military stronghold of Benghazi where his militia forces control a swath of eastern Libya. His 14-month offensive to oust the internationally-recognized government in Tripoli ended in a United Nations-brokered truce last year.","2021-11-16 16:23:00","Top News","https://www.wsj.com/articles/libyan-warlord-announces-presidential-bid-11637079780","4288464f77b21d159a5c90ee1315701313e12cf4a1997b77343c918c0200a81a","ccd5ec2acc821882ab4bbe263010ed79"
"Iran Resumes Production of Nuclear-Program Parts, Diplomats Say","WSJ","The resumption at a site the U.N.’s atomic energy agency has been unable to monitor or gain access to for months presents a new challenge for the Biden administration as it prepares for nuclear talks.","2021-11-16 16:15:00","Top News","https://www.wsj.com/articles/iran-resumes-production-of-advanced-nuclear-program-parts-diplomats-say-11637079334","4288464f77b21d159a5c90ee1315701313e12cf4a1997b77343c918c0200a81a","4b5811b2e979b774c546728afe2690d9"
"U.S. Moves to Bolster Asia Trade Ties in Bid to Counter China's Influence","WSJ","Trade Representative Katherine Tai and Commerce Secretary Gina Raimondo are set to discuss economic issues in countries including Japan, South Korea and India.","2021-11-16 15:34:00","Top News","https://www.wsj.com/articles/u-s-moves-to-bolster-asia-trade-ties-in-bid-to-counter-chinas-influence-11637076879","4288464f77b21d159a5c90ee1315701313e12cf4a1997b77343c918c0200a81a","cffdfa0fdbcb527ecaa7b69c2c3be276"
"Iran's Stockpile of Near-Weapons- Grade Nuclear Fuel Grows, U.N. Finds","WSJ","Iran’s stockpile of near-weapons-grade nuclear fuel has jumped significantly, according to a confidential report by the United Nations atomic agency that found Tehran has almost doubled its output of highly enriched uranium in recent months.","2021-11-17 13:54:00","Top News","https://www.wsj.com/articles/irans-nuclear-fuel-production-is-accelerating-u-n-finds-11637157259","4288464f77b21d159a5c90ee1315701313e12cf4a1997b77343c918c0200a81a","4fc2aaad0edd858eb87e4571efe9b50a"
"Two Dynasties Accused of Rights Abuses Join Forces in the Philippines","WSJ","Ferdinand Marcos Jr., son of a former dictator, and Sara Duterte-Carpio, daughter of the current president, have created a formidable election ticket, uniting two powerful families that have faced allegations of human-rights abuses.","2021-11-17 10:30:00","Top News","https://www.wsj.com/articles/two-powerful-dynasties-accused-of-rights-abuses-join-forces-in-the-philippines-11637145001","4288464f77b21d159a5c90ee1315701313e12cf4a1997b77343c918c0200a81a","8a5a65543f914ddfc2e1ff17a7f9b9e5"
"Australia to Beef Up High-Tech Prowess After Security Pact With U.S.","WSJ","Australia will strengthen its capabilities in technologies that could be used to counter threats from China, providing more detail on the type of innovations Australia might develop alongside the U.S. under a new security partnership.","2021-11-17 06:15:00","Top News","https://www.wsj.com/articles/australia-to-beef-up-high-tech-prowess-after-security-pact-with-u-s-11637129732","4288464f77b21d159a5c90ee1315701313e12cf4a1997b77343c918c0200a81a","d66f20d3531150770a572c6fc422554b"
"Blinken Urges End to Ethiopian Civil War on Africa Trip","WSJ","Secretary of State Antony Blinken warned that the civil war in Ethiopia was risking the stability of Africa’s second-most populous nation, and said that regional allies such as Kenya were critical to ending the conflict and other regional crises.","2021-11-17 15:46:00","Top News","https://www.wsj.com/articles/blinken-urges-end-to-ethiopian-civil-war-on-africa-trip-11637163997","4288464f77b21d159a5c90ee1315701313e12cf4a1997b77343c918c0200a81a","d64c9486e2ab067f0ca90e487ff501b2"
"U.S. Should Restrict Investment in China Due to Security Concerns, Panel Says","WSJ","The commission of security and economic experts convened by Congress recommended that the U.S. take more aggressive steps to dial back commercial ties with China, warning of heightened national security risks.","2021-11-17 15:30:00","Top News","https://www.wsj.com/articles/panel-urges-restricting-u-s-investment-in-china-over-security-concerns-11637163001","4288464f77b21d159a5c90ee1315701313e12cf4a1997b77343c918c0200a81a","371c8849e87d2b890740640a0f2d9cb6"
"Belarus Moves Some Migrants Away from Poland's Border","WSJ","The shift is a tentative sign of a de-escalation in the standoff between the European Union and Belarus President Alexander Lukashenko","2021-11-17 17:14:00","Top News","https://www.wsj.com/articles/belarus-moves-some-migrants-away-from-polands-border-11637169240","4288464f77b21d159a5c90ee1315701313e12cf4a1997b77343c918c0200a81a","05edd55e251136e59dd4ce761c61588d"
"U.K. Inflation Hits 10-Year High, Stirring Expectations of Rate Rise","WSJ","The rise in consumer prices has strengthened expectations the Bank of England will be the first major central bank to lift interest rates from pandemic lows as worries over global inflation intensify.","2021-11-17 14:26:00","Top News","https://www.wsj.com/articles/u-k-inflation-hits-10-year-high-stirring-expectations-of-rate-rise-11637159168","4288464f77b21d159a5c90ee1315701313e12cf4a1997b77343c918c0200a81a","ef8555fc9937f55e909e9e97a424cf1a"
"China, U.S. to Ease Limits on One Another's Journalists","WSJ","Beijing ejected U.S. reporters from The Wall Street Journal, other newspapers in 2020; the Trump administration limited China outlets’ personnel.","2021-11-17 22:09:00","Top News","https://www.wsj.com/articles/china-u-s-to-ease-limits-on-one-anothers-journalists-11637186985","4288464f77b21d159a5c90ee1315701313e12cf4a1997b77343c918c0200a81a","ced5e75d7ee6268f38c48e9a399b092a"
"Belarus Moves Some Migrants Away From Poland's Border","WSJ","The shift is a tentative sign of a de-escalation in the standoff between the European Union and Belarus President Alexander Lukashenko.","2021-11-17 17:14:00","Top News","https://www.wsj.com/articles/belarus-moves-some-migrants-away-from-polands-border-11637169240","4288464f77b21d159a5c90ee1315701313e12cf4a1997b77343c918c0200a81a","55e7eec250cead9f8a83b177f8a0e3e8"
"EV Spat Looms Over Biden's Meeting With Canadian, Mexican Leaders","WSJ","The U.S. president faces visitors who have accused his administration of promoting electric vehicles and union jobs at the expense of trading relationships.","2021-11-19 03:44:00","Top News","https://www.wsj.com/articles/electric-vehicle-spat-looms-over-bidens-meeting-with-canadian-mexican-leaders-11637236801","4288464f77b21d159a5c90ee1315701313e12cf4a1997b77343c918c0200a81a","b713f00e5d1cc7a6bb07445d21004df6"
"Biden Says U.S. Weighing Diplomatic Boycott of Beijing Olympics","WSJ","A diplomatic boycott could bar government officials from attending the Games.","2021-11-18 21:32:00","Top News","https://www.wsj.com/articles/biden-says-u-s-is-considering-diplomatic-boycott-of-beijing-winter-olympics-11637262767","4288464f77b21d159a5c90ee1315701313e12cf4a1997b77343c918c0200a81a","f75b7d264d4fcf7a30ddf045809571c2"
"Covid-19 Surge Prompts Renewed Lockdown in Parts of Europe","WSJ","In a painful political U-turn, officials in Germany and elsewhere impose new measures following a rise in infections among vaccinated people.","2021-11-18 20:28:00","Top News","https://www.wsj.com/articles/covid-19-surge-prompts-renewed-lockdown-in-parts-of-europe-11637267293","4288464f77b21d159a5c90ee1315701313e12cf4a1997b77343c918c0200a81a","23080153faac1da57cf0d0f15bc73718"
"Migrants at Polish Border Say Belarus Waved Them Through","WSJ","Two Iraqis said Belarusian border guards cut through a razor-wire barrier and pointed them toward Poland, as thousands from the Middle East remain marooned in Eastern Europe, looking for a way out.","2021-11-18 19:40:00","Top News","https://www.wsj.com/articles/at-polish-border-migrants-say-belarus-waved-them-through-11637264445","4288464f77b21d159a5c90ee1315701313e12cf4a1997b77343c918c0200a81a","c6a8ff481cc049b0110d41cba2f8f192"
"New Reconstruction Points to Animal Origins for Covid-19","WSJ","An evolutionary biologist reviewed data and reports on the first known cases to show most were clustered around Wuhan’s seafood market.","2021-11-18 19:31:00","Top News","https://www.wsj.com/articles/new-reconstruction-points-to-animal-origins-for-covid-19-11637262041","4288464f77b21d159a5c90ee1315701313e12cf4a1997b77343c918c0200a81a","f4b3ed5a488ac5312fd7dff6065538a1"
"Turkey Currency Crisis Threatens Economy, Posing Challenge to Erdogan Rule","WSJ","The lira fell to a record low after the country’s central bank cut its key rate as demanded by President Recep Tayyip Erdogan.","2021-11-18 18:59:00","Top News","https://www.wsj.com/articles/turkeys-lira-slides-to-historic-low-ahead-of-central-bank-meeting-11637231995","4288464f77b21d159a5c90ee1315701313e12cf4a1997b77343c918c0200a81a","137fa92fa379428afc7873b5a204ee27"
"Japan Plans $490 Billion Stimulus to Jolt Struggling Economy","WSJ","The government approved the package to support recovery from the Covid-19 pandemic, including cash payments to most families and some smaller companies.","2021-11-19 09:33:00","Top News","https://www.wsj.com/articles/japan-plans-490-billion-stimulus-to-jolt-struggling-economy-11637312665","4288464f77b21d159a5c90ee1315701313e12cf4a1997b77343c918c0200a81a","803d40d550d0db0eba01c83b85327f9e"
"India to Repeal Farming Laws Protested by Tens of Thousands","WSJ","Farmers who were opposed to the rules said they were worried they would mark the beginning of the dismantling of a system of regulations, subsidies and support that bolsters their incomes.","2021-11-19 06:52:00","Top News","https://www.wsj.com/articles/india-to-repeal-farming-laws-protested-by-tens-of-thousands-11637303531","4288464f77b21d159a5c90ee1315701313e12cf4a1997b77343c918c0200a81a","c9f099a086edcddfcebed7c236b1bc14"
