"These 20 Colonial Style Homes Will Have You Feeling Warm and Cozy","Trendir","A fireplace, several stories high, brick and family-oriented scenes inside, there’s something so special and welcoming about these kinds of houses. Vintage vibes have a way of tugging at our heartstrings and these 15 colonial-style homes will have you feeling warm and cozy with just a peek in their direction. Scroll through some of our […]The post These 20 Colonial Style Homes Will Have You Feeling Warm and Cozy appeared first on Trendir.","2021-10-22 08:55:09","Home","https://www.trendir.com/colonial-style-homes/?utm_source=feedburner&utm_medium=feed&utm_campaign=Feed%3A+trendir+%28Trendir%29","9aa0721705729f4b5ee059c07d75b12ee39c26febe52c4a8542dcbdc4e394d63","dc9562dcbedf760d6ab8360f78b1be7b"
"40 Metal Fire Pit Designs and Outdoor Setting Ideas","Trendir","Colder nights have began but no need to rush indoors – one of these 40 metal fire pits could extend your outdoors season with warmth and social fun. You’ll find one fire pit design that will suit your patio or outdoor setting. Whether you are a purist or you prefer a more dramatic style, some […]The post 40 Metal Fire Pit Designs and Outdoor Setting Ideas appeared first on Trendir.","2021-10-21 14:00:11","Home","https://www.trendir.com/metal-fire-pit-designs-outdoor-settings/?utm_source=feedburner&utm_medium=feed&utm_campaign=Feed%3A+trendir+%28Trendir%29","9aa0721705729f4b5ee059c07d75b12ee39c26febe52c4a8542dcbdc4e394d63","69101e86c6d3185a93bf02871d778528"
"45 Large Coffee Tables For Your Spacious Living Room","Trendir","Instead of an ottoman or a slew of poufs, focus your relaxation and seating around a different kind of piece. These 45 large coffee tables for your spacious living room will add gorgeous appeal and function too! Which one suits your living room? Well, that’s up to you and how your living room looks, what […]The post 45 Large Coffee Tables For Your Spacious Living Room appeared first on Trendir.","2021-10-18 09:26:41","Home","https://www.trendir.com/large-coffee-tables/?utm_source=feedburner&utm_medium=feed&utm_campaign=Feed%3A+trendir+%28Trendir%29","9aa0721705729f4b5ee059c07d75b12ee39c26febe52c4a8542dcbdc4e394d63","ab88d5278b7bb6217610c89073601eba"
"40 Trendy Soft Beds That are Just Like Clouds","Trendir","Trendy soft beds are quickly becoming a modern bedroom staple. They come in all sorts of shapes and finishes and with a varying degree of detail. They are comfy, safe, and have plenty to give decor-wise. Take a plunge, and see where you’d like to land every night. These soft beds will make you feel […]The post 40 Trendy Soft Beds That are Just Like Clouds appeared first on Trendir.","2021-10-14 10:20:00","Home","https://www.trendir.com/trendy-soft-beds/?utm_source=feedburner&utm_medium=feed&utm_campaign=Feed%3A+trendir+%28Trendir%29","9aa0721705729f4b5ee059c07d75b12ee39c26febe52c4a8542dcbdc4e394d63","41dcd29a1033c911045558de09a83ee8"
"25 Modern Backyard Home Office Sheds You Wouldn’t Want to Leave","Trendir","Remote work becomes more and more popular each year, encompassing ever more professions that don’t require workers to be at the office to perform their duties. And so does the rise of home office pods that you can plonk inside your garden, and enjoy working in peace and quiet.  As far as modern outdoor home […]The post 25 Modern Backyard Home Office Sheds You Wouldn’t Want to Leave appeared first on Trendir.","2021-10-04 13:48:12","Home","https://www.trendir.com/modern-outdoor-home-office-sheds/?utm_source=feedburner&utm_medium=feed&utm_campaign=Feed%3A+trendir+%28Trendir%29","9aa0721705729f4b5ee059c07d75b12ee39c26febe52c4a8542dcbdc4e394d63","c9760d89797d7209083f0125e906e15f"
"25 Curved Sectional Sofas: Find a Curved Couch for Your Family","Trendir","With these 25 curved sectional sofas you’ll have the space to entertain, relax with the family and utilize every bit of your living room. You do need a bit of space to fit a couch this size in your living room, but they’re all so gorgeous you’ll have a hard time picking.  Check out our […]The post 25 Curved Sectional Sofas: Find a Curved Couch for Your Family appeared first on Trendir.","2021-09-17 12:30:52","Home","https://www.trendir.com/curved-sectional-couches/?utm_source=feedburner&utm_medium=feed&utm_campaign=Feed%3A+trendir+%28Trendir%29","9aa0721705729f4b5ee059c07d75b12ee39c26febe52c4a8542dcbdc4e394d63","d608ff2fec1ebc98bf5050b57ba4d5e5"
"45 Two-Tone Kitchen Cabinets – Kitchen Ideas for the Next Remodel","Trendir","Whether you’re remodeling your kitchen or just want to grab some inspiration for the home you hope to move into one day, we’ve got some unique ideas to grab from today. The ultimate result will depend on your preferences, how the rest of your house looks, and, of course, the budget.  Nonetheless, whether you like […]The post 45 Two-Tone Kitchen Cabinets – Kitchen Ideas for the Next Remodel appeared first on Trendir.","2021-09-17 10:21:23","Home","https://www.trendir.com/two-tone-kitchen-cabinets/?utm_source=feedburner&utm_medium=feed&utm_campaign=Feed%3A+trendir+%28Trendir%29","9aa0721705729f4b5ee059c07d75b12ee39c26febe52c4a8542dcbdc4e394d63","11b05eab5d6a0360a633b8670f7bc717"
"25 Shower Tile Ideas to Help You Plan for a New Bathroom","Trendir","For many of us, shower time is when we get to relax, wash away our worries and just enjoy some me-time. However, if you want to set up the scene right, the shower tile and the whole way it looks also matter. In fact, we think it matters enough that we’re going to dive in […]The post 25 Shower Tile Ideas to Help You Plan for a New Bathroom appeared first on Trendir.","2021-09-09 11:33:43","Home","https://www.trendir.com/tile-shower-ideas/?utm_source=feedburner&utm_medium=feed&utm_campaign=Feed%3A+trendir+%28Trendir%29","9aa0721705729f4b5ee059c07d75b12ee39c26febe52c4a8542dcbdc4e394d63","85307ec14b6d28c06dc790106ebf4225"
"The Large Sectional Couch You Need at Home – 20 Best Sectional Sofas","Trendir","Today we’re featuring beautiful pieces that were made for cozying up with your loved one. While a regular couch will do for just you and your significant other, but when you have a big family or a large group of friends, you’ll need a sectional sofa to sit everyone.  The large sectional sofas require quite […]The post The Large Sectional Couch You Need at Home – 20 Best Sectional Sofas appeared first on Trendir.","2021-09-08 09:58:41","Home","https://www.trendir.com/large-sectional-sofas/?utm_source=feedburner&utm_medium=feed&utm_campaign=Feed%3A+trendir+%28Trendir%29","9aa0721705729f4b5ee059c07d75b12ee39c26febe52c4a8542dcbdc4e394d63","9cad21a7d97c6bd7f6bfb4c74ae5b60b"
"45 Modern Shipping Container Homes for Every Budget","Trendir","Modern shipping container homes are popular due to their versatility and affordability. Despite having a pre-made shape containers can be stacked in a lot of different ways to produce unusual forms for modern dwellings. Thanks to their low price (about 2,000 per container) they can be used to produce not only modern houses and retreats for […]The post 45 Modern Shipping Container Homes for Every Budget appeared first on Trendir.","2021-11-11 16:22:33","Home","https://www.trendir.com/modern-shipping-container-homes/","9aa0721705729f4b5ee059c07d75b12ee39c26febe52c4a8542dcbdc4e394d63","abcb428d65f14f8f033eeb074544a16d"
