"Why Is It Called “The Bronx” Instead of Just “Bronx”?","Mental Floss","The Bronx’s appellative history began with Jonas Bronck, an intrepid Swedish settler who didn't even live there for that long.","2021-11-01 17:00:00","Culture","https://www.mentalfloss.com/article/651933/why-its-called-the-bronx","b5fef0499ec50c5c2ef8e841bfcc81fc6cd538d86ddad26940c8579e55d8d90a","90ed0ae5984fd00c2121f8a78de6f823"
"Jodie Whittaker Considered Staying on Doctor Who Longer","Mental Floss","'Doctor Who' star Jodie Whittaker is saying goodbye to the series this season. But that wasn't a decision she made lightly.","2021-11-01 16:30:00","Culture","https://www.mentalfloss.com/article/651932/jodie-whittaker-considered-staying-doctor-who-longer","b5fef0499ec50c5c2ef8e841bfcc81fc6cd538d86ddad26940c8579e55d8d90a","8acfe1851bbdf1c3cc7cbe054a9484a3"
"Bring A New Hope To Your Christmas Tree With Hallmark's Star Wars Keepsake Ornaments","Mental Floss","The force is strong with these new Hallmark Christmas ornaments inspired by Star Wars: Episode IV - A New Hope, featuring Luke Skywalker and more.","2021-11-01 15:30:00","Culture","https://www.mentalfloss.com/article/651926/hallmark-christmas-ornaments-star-wars-new-hope","b5fef0499ec50c5c2ef8e841bfcc81fc6cd538d86ddad26940c8579e55d8d90a","9cd94de14858be7020ea7a3831f53d47"
"Why Do Cats Dip Their Paw in Water Bowls?","Mental Floss","Cats sometimes act like a bowl of water is something to approach with extreme caution. There's a reason for it, though.","2021-11-01 14:30:00","Culture","https://www.mentalfloss.com/article/651928/why-do-cats-dip-their-paw-water-bowls","b5fef0499ec50c5c2ef8e841bfcc81fc6cd538d86ddad26940c8579e55d8d90a","feb68ee1456fe8243b427f8ba00a968d"
"The 10 Tallest Roller Coasters on Earth","Mental Floss","Attention, adrenaline-junkies: The steel behemoths on this list of the tallest roller coasters in the world will not disappoint.","2021-11-01 12:00:00","Culture","https://www.mentalfloss.com/article/651788/tallest-roller-coasters","b5fef0499ec50c5c2ef8e841bfcc81fc6cd538d86ddad26940c8579e55d8d90a","b18976bf5dfa4cb5e395200b24c9f2b2"
"Monday's Best Amazon Deals Include the Samsung Galaxy Watch 4, the Apple iMac (2020), and Cosori Electric Kettles","Mental Floss"," ","2021-11-01 10:15:00","Culture","https://www.mentalfloss.com/shopping/651925/best-amazon-deals-november-1-2021","b5fef0499ec50c5c2ef8e841bfcc81fc6cd538d86ddad26940c8579e55d8d90a","e3a513d2c8744fe97188b78f53ce6145"
"The 8 Most Expensive Cat Breeds and 8 Most Expensive Dog Breeds","Mental Floss","English and French bulldogs are two of the most expensive dog breeds—but they don’t top the list.","2021-10-31 11:00:00","Culture","https://www.mentalfloss.com/article/651877/most-expensive-dog-cat-breeds","b5fef0499ec50c5c2ef8e841bfcc81fc6cd538d86ddad26940c8579e55d8d90a","16e1747ddf1069d5a11f6deed73ba235"
"This Weekend's Best Amazon Deals Include the Samsung Galaxy Buds Pro, Yours Cruelly, Elvira: Memoirs of the Mistress of the Dark, and Black+Decker Leaf Blowers","Mental Floss"," ","2021-10-30 09:00:00","Culture","https://www.mentalfloss.com/shopping/651872/best-amazon-deals-october-30-and-october-31-2021","b5fef0499ec50c5c2ef8e841bfcc81fc6cd538d86ddad26940c8579e55d8d90a","4e2f91f1e5cad3242ee509414415cf0d"
"Why Is It Called the Placebo Effect?","Mental Floss","What is a placebo? Technically, a Latin phrase meaning ‘I will please.’ It’s also a Catholic prayer and a clever insult.","2021-10-29 17:30:00","Culture","https://www.mentalfloss.com/article/651887/placebo-effect-how-it-got-its-name","b5fef0499ec50c5c2ef8e841bfcc81fc6cd538d86ddad26940c8579e55d8d90a","e46ee241b29fb0b3c0c55f6eca03d5fb"
"Skeet Ulrich Did Not Realize Scream Was Supposed to Be Funny Until He Started Filming","Mental Floss","Skeet Ulrich thought 'Scream' would be a far more serious depiction of a serial killer—until he got on set with co-star Matthew Lillard.","2021-10-29 16:30:00","Culture","https://www.mentalfloss.com/article/651875/skeet-ulrich-scream-horror-movie-confusion","b5fef0499ec50c5c2ef8e841bfcc81fc6cd538d86ddad26940c8579e55d8d90a","75cf627efc23500d2a416dead5ed17dc"
"14 Magical Gifts for Witches","Mental Floss","Whether they're into tarot cards or 'Hocus Pocus' merchandise, these gifts will help the witch in your life embrace their magical side.","2021-10-29 16:00:00","Culture","https://www.mentalfloss.com/article/651759/gifts-for-witches","b5fef0499ec50c5c2ef8e841bfcc81fc6cd538d86ddad26940c8579e55d8d90a","85641bb543851043af100ba9643a40fe"
"Warning: These Vintage Halloween Costumes May Give You Nightmares","Mental Floss","Here are vintage photos of terrifying costumes from Halloweens past. Sorry in advance for the nightmares.","2021-10-29 15:00:00","Culture","https://www.mentalfloss.com/article/651876/scary-vintage-halloween-costumes","b5fef0499ec50c5c2ef8e841bfcc81fc6cd538d86ddad26940c8579e55d8d90a","38fe98a2e3fc82ad12ad9aba257be4f7"
"Women’s Beach Handball Players No Longer Have to Compete in Bikini-Style Bottoms","Mental Floss","Months after the Norwegian women’s beach handball team protested the bikini mandate, the International Handball Federation has updated its rules.","2021-11-01 19:00:00","Culture","https://www.mentalfloss.com/article/651936/womens-beach-handball-players-can-compete-shorts","b5fef0499ec50c5c2ef8e841bfcc81fc6cd538d86ddad26940c8579e55d8d90a","b5e50b45f3c5daed85a88d7e300a66d2"
"Robert the Doll, Ötzi the Iceman, and 8 Other Reportedly Cursed Objects","Mental Floss","Robert the Doll hasn’t killed anyone. Ötzi the Iceman’s body count, meanwhile, is purportedly at least seven.","2021-11-01 18:30:00","Culture","https://www.mentalfloss.com/article/651896/cursed-objects-the-list-show","b5fef0499ec50c5c2ef8e841bfcc81fc6cd538d86ddad26940c8579e55d8d90a","aac1017f130668ebb2cb737ad6be6210"
"Kit Harington Is Feeling 'a Bit of Pain' Over HBO’s Game of Thrones Prequel Show","Mental Floss","After playing Jon Snow on 'Game of Thrones' for nearly a decade, Kit Harington said watching the prequel 'House of the Dragon' could be painful.","2021-11-01 18:00:00","Culture","https://www.mentalfloss.com/article/651935/house-of-the-dragon-kit-harington","b5fef0499ec50c5c2ef8e841bfcc81fc6cd538d86ddad26940c8579e55d8d90a","6e594d3709f7923a31f5187cb6a7c746"
"Tuesday's Best Amazon Deals Include the Le Creuset Cast-Iron Sauteuse Oven, iRobot Roomba j7+ Self-Emptying Robot Vacuum, and Fitbit Inspire 2","Mental Floss"," ","2021-11-02 09:45:00","Culture","https://www.mentalfloss.com/shopping/651958/best-amazon-deals-november-2-2021","b5fef0499ec50c5c2ef8e841bfcc81fc6cd538d86ddad26940c8579e55d8d90a","ce83f535da8f684e9248163607c7f949"
"6 Things to Know About Native American Heritage Month","Mental Floss","November has been proclaimed Native American Heritage Month for more than 30 years, but the movement to honor Indigenous cultures started long before that.","2021-11-02 10:00:00","Culture","https://www.mentalfloss.com/article/651931/native-american-heritage-month-facts","b5fef0499ec50c5c2ef8e841bfcc81fc6cd538d86ddad26940c8579e55d8d90a","ebca990bf434b900e42bc8aff5d25e8e"
"How to Keep the Vegetables in Your Fridge Fresh for Longer with Paper Towels","Mental Floss","If you have a paper towel roll in your kitchen, you can use this trick to keep the fruits and vegetables in your fridge fresh for longer.","2021-11-02 12:30:00","Culture","https://www.mentalfloss.com/article/651959/paper-towels-keep-vegetables-fresh-longer","b5fef0499ec50c5c2ef8e841bfcc81fc6cd538d86ddad26940c8579e55d8d90a","4cdd4b0a5bc3d02445ef39e6d8a98913"
"Play-Doh's New '90s-Inspired Set Features Scents Based on VHS Rental Stores, Mall Food Courts, and More","Mental Floss","The smells featured in Play-Doh's new Grown Up Scents: '90s Edition pack are meant to transport you back to the days of grunge rock and Blockbuster.","2021-11-02 13:30:00","Culture","https://www.mentalfloss.com/article/651962/play-doh-set-grown-ups-smells-90s","b5fef0499ec50c5c2ef8e841bfcc81fc6cd538d86ddad26940c8579e55d8d90a","ae4626c5b7ee22c9382dc6369c52e864"
"Bookversal Website Helps You Find More Diverse Children’s Books","Mental Floss","The best children’s books are whichever ones your kid loves and relates to—Bookversal can help you find them.","2021-11-02 13:00:00","Culture","https://www.mentalfloss.com/article/651961/diverse-childrens-books-bookversal","b5fef0499ec50c5c2ef8e841bfcc81fc6cd538d86ddad26940c8579e55d8d90a","0019dc1a14c6e28f710d974cf8e0db3a"
"Ayyyy! Happy Days Star Henry Winkler Is Selling His Original Fonzie Jacket","Mental Floss","The brown leather jacket has been in the possession of Henry Winkler for the last 40 years. It is not, sadly, the same jacket in which he jumped the shark.","2021-11-02 14:30:00","Culture","https://www.mentalfloss.com/article/651963/happy-days-star-henry-winkler-selling-original-fonzie-jacket","b5fef0499ec50c5c2ef8e841bfcc81fc6cd538d86ddad26940c8579e55d8d90a","4dfb7d7e6819ffee8103ceba90bc54b5"
"11 New Christmas Movies Premiering on Netflix in November 2021","Mental Floss","Check out the full slate of original Christmas movies debuting on Netflix to stream in November 2021.","2021-11-02 12:00:00","Culture","https://www.mentalfloss.com/article/651930/netflix-christmas-movies-november-2021","b5fef0499ec50c5c2ef8e841bfcc81fc6cd538d86ddad26940c8579e55d8d90a","09409c9a2b93ee9d262ad9232ef67cd6"
"Rava Roy’s Tribeca Apartment From Succession Can Be Yours for $23 Million","Mental Floss","This palatial loft in Tribeca’s Woolworth Building includes five bedrooms, six bathrooms, and zero Trojan horses.","2021-11-02 15:00:00","Culture","https://www.mentalfloss.com/article/651965/rava-roys-succession-apartment-sale","b5fef0499ec50c5c2ef8e841bfcc81fc6cd538d86ddad26940c8579e55d8d90a","c5a98778282922de86d1947ce19a4c61"
"Eternals Is Currently Marvel’s Lowest-Rated MCU Movie","Mental Floss","Marvel's latest superhero blockbuster, 'Eternals,' is also the company's lowest-rated MCU installment to date.","2021-11-02 15:30:00","Culture","https://www.mentalfloss.com/article/651966/marvel-eternals-rotten-tomatoes-score","b5fef0499ec50c5c2ef8e841bfcc81fc6cd538d86ddad26940c8579e55d8d90a","1f7a50e6c40ad69e09736418a5de12a7"
"This Early Black Friday Deal on the New Apple AirPods Pro Is Too Good To Skip","Mental Floss","This early Black Friday deal on the new Apple AirPods Pro with a MagSafe charging case is one of the best bargains to shop for on Amazon right now.","2021-11-02 17:30:00","Culture","https://www.mentalfloss.com/article/651970/early-black-friday-deal-new-apple-airpods-pro","b5fef0499ec50c5c2ef8e841bfcc81fc6cd538d86ddad26940c8579e55d8d90a","df672c818bb4cf31769e21901625f259"
"Wednesday's Best Amazon Deals Include Fire HD 8 Tablets, Colgate Smart Battery Toothbrush Kits, and Cordless String Trimmers","Mental Floss"," ","2021-11-03 09:45:00","Culture","https://www.mentalfloss.com/shopping/651994/best-amazon-deals-november-3-2021","b5fef0499ec50c5c2ef8e841bfcc81fc6cd538d86ddad26940c8579e55d8d90a","95ae9cc6de62aa83f902ae44def79ac4"
"How to Pick the Right-Sized Turkey for Your Thanksgiving Dinner","Mental Floss","“What size turkey do I need?” is not an impossible question to answer as long as you have a headcount.","2021-11-03 11:30:00","Culture","https://www.mentalfloss.com/article/651874/how-to-choose-right-sized-turkey-thanksgiving-dinner","b5fef0499ec50c5c2ef8e841bfcc81fc6cd538d86ddad26940c8579e55d8d90a","edca8c075f05a978805f2ad232d3c353"
"Why Do Car Rides Make You Feel Tired?","Mental Floss","You're excited to set out on a road trip. By hour two, you're nodding off. The answer may have something to do with highway hypnosis.","2021-11-03 13:00:00","Culture","https://www.mentalfloss.com/article/652006/why-do-car-rides-make-you-feel-tired","b5fef0499ec50c5c2ef8e841bfcc81fc6cd538d86ddad26940c8579e55d8d90a","a33a19f07808d500d9cd20d8fb304db1"
"What’s the Difference Between a Turtle and a Tortoise?","Mental Floss","What’s the difference between a turtle and a tortoise? Body type, habitat, and scientific classification all factor in.","2021-11-03 15:30:00","Culture","https://www.mentalfloss.com/article/652008/whats-difference-between-turtle-and-tortoise","b5fef0499ec50c5c2ef8e841bfcc81fc6cd538d86ddad26940c8579e55d8d90a","402201047169b631791f63a4571b0bdf"
"Where vs. Whereas: When to Use Each One Correctly","Mental Floss","One historical definition of ‘whereas’ is ‘preamble.’ But that’s probably not the one you’re looking for.","2021-11-03 18:00:00","Culture","https://www.mentalfloss.com/article/652015/where-vs-whereas-how-use-each","b5fef0499ec50c5c2ef8e841bfcc81fc6cd538d86ddad26940c8579e55d8d90a","6108d9eff24546f0c7927be996c8e86a"
"Avocado Just Released Early Black Friday Sales—Here's How to Save Hundreds of Dollars on Mattresses","Mental Floss","Avocado has started its early Black Friday mattress sales with hundreds of dollars in savings on hybrid and latex beds.","2021-11-03 17:30:00","Culture","https://www.mentalfloss.com/article/652010/early-black-friday-mattress-sales-avocado","b5fef0499ec50c5c2ef8e841bfcc81fc6cd538d86ddad26940c8579e55d8d90a","2ec10ec1eee2762fe370a6743748c8c5"
"Mail Delivery Is Going to Be Slower and More Expensive This Holiday Season, So Here’s How to Plan Ahead","Mental Floss","The USPS is increasing delivery times and shipping costs before the holidays. Here's how to ensure everyone on your list gets their gift on schedule.","2021-11-03 17:00:00","Culture","https://www.mentalfloss.com/article/652009/mail-delivery-going-be-slower-and-more-expensive","b5fef0499ec50c5c2ef8e841bfcc81fc6cd538d86ddad26940c8579e55d8d90a","73cb34667af0118153c7a435e5e31775"
"Explore the New Reebok x National Geographic Shoe Collection That's Inspired By Nature","Mental Floss","In collaboration with explorers, Reebok just debuted a new 'National Geographic' collection of shoes inspired by the natural world.","2021-11-03 16:30:00","Culture","https://www.mentalfloss.com/article/652007/reebok-national-geographic-shoe-collection","b5fef0499ec50c5c2ef8e841bfcc81fc6cd538d86ddad26940c8579e55d8d90a","11992959da877099a3a48a349767fd07"
"Shark Approved: 10 of the Best Shark Tank Products to Give as Gifts This Year","Mental Floss","From Ring video doorbells to the internet-famous Comfy, the best Shark Tank products of all time can also make great gifts during this holiday season.","2021-11-03 16:00:00","Culture","https://www.mentalfloss.com/article/651844/best-shark-tank-gifts","b5fef0499ec50c5c2ef8e841bfcc81fc6cd538d86ddad26940c8579e55d8d90a","2f7dfdf2478a96e48ae826779e648a49"
"Thursday's Best Amazon Deals Include Bose QuietComfort 35 II Headphones, Keurig K-Mini Coffee Makers, and Stone Lain Dinnerware","Mental Floss"," ","2021-11-04 09:45:00","Culture","https://www.mentalfloss.com/shopping/652039/best-amazon-deals-november-4-2021","b5fef0499ec50c5c2ef8e841bfcc81fc6cd538d86ddad26940c8579e55d8d90a","6360a50da223a58340070b3fffb3890b"
"8 Products Perfect for Organizing and Protecting Your Most Important Documents","Mental Floss","Keep your personal documents safe and secure with these eight highly rated organizational products from Amazon.","2021-11-04 10:00:00","Culture","https://www.mentalfloss.com/article/651971/products-organize-protect-important-documents","b5fef0499ec50c5c2ef8e841bfcc81fc6cd538d86ddad26940c8579e55d8d90a","c4170a3160354b201fd212f85cbbf7e3"
"Craft for Less Thanks to Cricut’s Early Black Friday Sales on DIY Machines and Materials","Mental Floss","These Cricut Black Friday deals can help you save a bundle on popular cutting machines like the Cricut Maker, Cricut Joy, and other items.","2021-11-04 11:00:00","Culture","https://www.mentalfloss.com/article/652013/cricut-black-friday-deals","b5fef0499ec50c5c2ef8e841bfcc81fc6cd538d86ddad26940c8579e55d8d90a","55707adc17b73adca837c744f286bd16"
"6 of the Best Space Heaters to Buy This Winter, According to Experts","Mental Floss","Shopping for the best space heaters? We spoke to three experts about everything from space heater safety to which models are worth buying now.","2021-11-04 12:00:00","Culture","https://www.mentalfloss.com/article/651960/best-space-heaters-expert-picks","b5fef0499ec50c5c2ef8e841bfcc81fc6cd538d86ddad26940c8579e55d8d90a","6d0b30e2ae0523bd2c1374f2f1227f8e"
"So Fresh And So Clean: These Best-selling Bidets Are On Sale On Amazon—But Hurry, This Deal Ends Tomorrow","Mental Floss","You can save at least 30 percent off of BioBidet products, courtesy of this early Black Friday deal on Amazon that ends on Friday, November 5.","2021-11-04 13:30:00","Culture","https://www.mentalfloss.com/article/652040/early-black-friday-deal-biobidet-amazon","b5fef0499ec50c5c2ef8e841bfcc81fc6cd538d86ddad26940c8579e55d8d90a","676c2d10d394fc48fbee5edcf2c9249e"
"A Version of Jurassic Park Where the Dinosaurs Are Replaced With Giant Cats Is a Movie We’d Pay to See","Mental Floss","In 'Jurassic Park but with a Cat,' OwlKitty plays the role of the 'T. rex' that terrorizes Sam Neill and Jeff Goldblum.","2021-11-04 14:30:00","Culture","https://www.mentalfloss.com/article/652042/jurassic-park-with-giant-cats-owlkitty-video","b5fef0499ec50c5c2ef8e841bfcc81fc6cd538d86ddad26940c8579e55d8d90a","d36674597bf06bfe9e6c11d05f38b81e"
"The 12 Most Valuable Movie Posters","Mental Floss","From 'Casablanca' to 'Dracula,' these are the movie posters collectors are willing to spend hundreds of thousands of dollars to own.","2021-11-04 14:00:00","Culture","https://www.mentalfloss.com/article/652005/most-valuable-movie-posters","b5fef0499ec50c5c2ef8e841bfcc81fc6cd538d86ddad26940c8579e55d8d90a","673b25ba9ecf3d208d2268e7d73c4a80"
"Common Misconceptions About the Maya Civilization","Mental Floss","And no, we don’t mean ‘Mayan Empire.’ Neither the idea of an empire nor the word ‘Mayan’ in that context makes much sense.","2021-11-04 13:00:00","Culture","https://www.mentalfloss.com/article/652024/maya-civilization-misconceptions","b5fef0499ec50c5c2ef8e841bfcc81fc6cd538d86ddad26940c8579e55d8d90a","e99628985fde24ba2b2e0a7678e67274"
"This Electric Gooseneck Kettle Is Perfect for Pour-Over Coffee Enthusiasts—And It's on Sale for $27","Mental Floss","The Bodum Melior gooseneck electric water kettle is now on sale on Amazon for $27, discounted 23 percent from its original price of $35.","2021-11-04 15:00:00","Culture","https://www.mentalfloss.com/article/652041/bodum-gooseneck-kettle-sale-amazon","b5fef0499ec50c5c2ef8e841bfcc81fc6cd538d86ddad26940c8579e55d8d90a","c7b1b331240b22d27645ad4d35f18b8d"
"No Mercy: 15 Gifts for Cobra Kai Fans","Mental Floss","Sweep the leg and pick up these budo-worthy gifts that would satisfy any 'Cobra Kai' and 'Karate Kid' fan in your life.","2021-11-04 16:00:00","Culture","https://www.mentalfloss.com/article/651980/cobra-kai-gift-guide-karate-kid-fans","b5fef0499ec50c5c2ef8e841bfcc81fc6cd538d86ddad26940c8579e55d8d90a","6377c3c01b64568092782da32c3c5e14"
"Raising Hell: How Iron Maiden Mounted the Bloodiest Heavy Metal Concert Ever","Mental Floss","In 1993, Iron Maiden teamed with macabre magician Simon Drake to put on a horror heavy metal concert that left some members of the audience feeling faint.","2021-11-04 18:00:00","Culture","https://www.mentalfloss.com/article/651599/iron-maiden-bloodiest-heavy-metal-concert","b5fef0499ec50c5c2ef8e841bfcc81fc6cd538d86ddad26940c8579e55d8d90a","a437c130f7ab0ed0b0767b14e4a5a864"
"Pickleball: How a Bored Teen Inspired His Dad to Invent Today's Fastest Growing Sport—In 1965","Mental Floss","Pickleball—the sports craze that has neighborhood associations from Brooklyn to Great Britain recruiting new players—isn’t a fresh take on fantasy football or some innovative P90X trend.","2021-11-04 17:30:00","Culture","https://www.mentalfloss.com/article/651772/who-invented-pickleball","b5fef0499ec50c5c2ef8e841bfcc81fc6cd538d86ddad26940c8579e55d8d90a","867a3cbbbe752c9eba4fb4a2909a4d33"
"The Witcher Boss Teases “Some Death” Coming in Season 3","Mental Floss","We don't know much about what the future holds for 'The Witcher,' but we do know that it'll involve some good old-fashioned death.","2021-11-04 17:00:00","Culture","https://www.mentalfloss.com/article/652064/the-witcher-season-3-death","b5fef0499ec50c5c2ef8e841bfcc81fc6cd538d86ddad26940c8579e55d8d90a","41480f4d1df54667139aa84f8d4110d3"
"You Can Become an Official Lord or Lady—and Help Protect the Scottish Highlands—For Less Than $50","Mental Floss","For less than $50, Highland Titles will sell you a single square foot of Scottish land—making you an official lord or lady.","2021-11-05 11:00:00","Culture","https://www.mentalfloss.com/article/652070/become-lord-or-lady-buying-small-plot-scottish-land","b5fef0499ec50c5c2ef8e841bfcc81fc6cd538d86ddad26940c8579e55d8d90a","73d801d96ba99dc062cae5f85bebec7d"
"How Many Danny DeVitos High Is Mount Everest? The Omni Calculator Can Tell You That, and Other Weird Measurements","Mental Floss","Plug a measurement into the Omni Calculator's Weird Units Converter and it will tell you what it is in Empire State Buildings, spaghetti strands, blue whales, and more.","2021-11-05 10:30:00","Culture","https://www.mentalfloss.com/article/652068/omni-calculator-weird-units-of-measurement","b5fef0499ec50c5c2ef8e841bfcc81fc6cd538d86ddad26940c8579e55d8d90a","dc77d868ab318261e768c1e53a7ee820"
"Friday's Best Amazon Deals Include KitchenAid Artisan Stand Mixers, the Echo Dot (3rd Gen), and AeroGarden Indoor Gardens","Mental Floss"," ","2021-11-05 09:15:00","Culture","https://www.mentalfloss.com/shopping/652099/best-amazon-deals-november-5-2021","b5fef0499ec50c5c2ef8e841bfcc81fc6cd538d86ddad26940c8579e55d8d90a","0c75a1d972fce9cddacff30237df0540"
"A Brief History of the Crockpot on its 50th Anniversary","Mental Floss","The Crockpot—which made its debut in 1971 at Chicago’s National Housewares Show—traces its roots to 19th century Lithuania.","2021-11-05 13:00:00","Culture","https://www.mentalfloss.com/article/652067/crockpot-history","b5fef0499ec50c5c2ef8e841bfcc81fc6cd538d86ddad26940c8579e55d8d90a","cb7921b95c197ddb35c4b4e91c4e8948"
"Analog TVs Never Had a Channel 37—Here's Why","Mental Floss","Old-school channel-flipping was usually interrupted by static on channel 37. Broadcasters wanted to use it, but they couldn't—because of science.","2021-11-05 15:00:00","Culture","https://www.mentalfloss.com/article/652121/reason-old-analog-tvs-never-had-channel-37","b5fef0499ec50c5c2ef8e841bfcc81fc6cd538d86ddad26940c8579e55d8d90a","be97552d18c45ce6cebfa6b87f385fe0"
"Black Friday Has Already Started at Nordstrom—Shop Deals on Le Creuset, Casper, Smeg, and More","Mental Floss","Save on top-rated products from Le Creuset, Casper, Zella, and more during this early Nordstrom Black Friday sale.","2021-11-05 14:30:00","Culture","https://www.mentalfloss.com/article/652118/early-nordstrom-black-friday-sale-2021","b5fef0499ec50c5c2ef8e841bfcc81fc6cd538d86ddad26940c8579e55d8d90a","86909a5662684326345f1e1553825699"
"Casey, Illinois—Pop. 2404—Is Home to the World's Largest Mailbox, Rocking Chair, Wind Chime, Wooden Clog, Pitchfork, Key, Barber Shop Pole, and More","Mental Floss","Casey, Illinois, makes up for what it lacks in population size with Guinness World Records for really big stuff.","2021-11-05 13:30:00","Culture","https://www.mentalfloss.com/article/652117/casey-illinois-guinness-world-records","b5fef0499ec50c5c2ef8e841bfcc81fc6cd538d86ddad26940c8579e55d8d90a","641a795e214a270a81ab4d9c0aaa5916"
"According to Ed Sheeran, Arya Stark Wasn’t Supposed to Be On Game of Thrones Past Season 7","Mental Floss","Ed Sheeran, who had a famous cameo on 'Game of Thrones,' said the character was not supposed to make it to the eighth and final season.","2021-11-05 12:30:00","Culture","https://www.mentalfloss.com/article/652071/ed-sheeran-arya-stark-game-of-thrones","b5fef0499ec50c5c2ef8e841bfcc81fc6cd538d86ddad26940c8579e55d8d90a","9129e57c550e2eb0d0df0c6d6a999c7f"
"Why Do Dogs Shake Their Bodies?","Mental Floss","A full-body shake after a bath is self-explanatory. But why do dogs shake so often when they’re totally dry?","2021-11-07 11:00:00","Culture","https://www.mentalfloss.com/article/652072/why-do-dogs-shake-their-bodies","b5fef0499ec50c5c2ef8e841bfcc81fc6cd538d86ddad26940c8579e55d8d90a","d28613ca422f7ad89d125371ed6e4694"
"7 Idris Elba Movies Streaming On Netflix Right Now","Mental Floss","Idris Elba’s filmography is extensive. Netflix currently has seven movies and one TV show he stars available to stream.","2021-11-06 14:00:00","Culture","https://www.mentalfloss.com/article/652066/idris-elba-netflix-movies-and-shows","b5fef0499ec50c5c2ef8e841bfcc81fc6cd538d86ddad26940c8579e55d8d90a","23f663ab847d6074295369b3f8673755"
"The Only Total Solar Eclipse of 2021 Falls Over Antarctica in December","Mental Floss","Eclipse-chasers will travel all the way to Antarctica to catch the next total solar eclipse on Saturday, December 4.","2021-11-06 11:00:00","Culture","https://www.mentalfloss.com/article/652115/total-solar-eclipse-2021","b5fef0499ec50c5c2ef8e841bfcc81fc6cd538d86ddad26940c8579e55d8d90a","ec55fd485311739b3bf527642cf98c8b"
"Watch the Jaw-Dropping New Stranger Things Season 4 Teaser Trailer","Mental Floss","Netflix kicked off 'Stranger Things' Day 2021 with the release of a new teaser trailer for the hit series' fourth season—and it looks like it's going to be the darkest yet.","2021-11-06 10:30:00","Culture","https://www.mentalfloss.com/article/652141/stranger-things-season-4-teaser-trailer","b5fef0499ec50c5c2ef8e841bfcc81fc6cd538d86ddad26940c8579e55d8d90a","c13a69e723caa1acc58586c5205e6d2d"
"This Weekend's Best Amazon Deals Include LINENSPA Down Alternative Comforters, LEGO Star Wars: The Mandalorian The Child Building Kit, and Fire Pits","Mental Floss"," ","2021-11-06 09:30:00","Culture","https://www.mentalfloss.com/shopping/652113/weekends-best-amazon-deals-include-linenspa-down-alternative-comforters-lego-star-wars-mandalorian","b5fef0499ec50c5c2ef8e841bfcc81fc6cd538d86ddad26940c8579e55d8d90a","e3a63eaec0ec94eaba3048ba039bae3b"
"Why Are Some Liquors Called 'Spirits'?","Mental Floss","One theory suggests that we call liquor 'spirits' because of alcohol’s association with one spirit in particular: the Holy Spirit. But there are other theories.","2021-11-05 18:00:00","Culture","https://www.mentalfloss.com/article/652123/why-liquor-called-spirits","b5fef0499ec50c5c2ef8e841bfcc81fc6cd538d86ddad26940c8579e55d8d90a","d0983ad2d0f04052fbd7af01c70982dd"
"Take a The Sopranos-Themed Food Tour That Hits Up Tony's Favorite Spots in New Jersey","Mental Floss","We can't all live like Tony Soprano, but those of us in the New Jersey area can take a Sopranos-themed food tour worthy of the mobster.","2021-11-05 17:00:00","Culture","https://www.mentalfloss.com/article/652124/sopranos-themed-food-tour-new-jersey","b5fef0499ec50c5c2ef8e841bfcc81fc6cd538d86ddad26940c8579e55d8d90a","69ff1acb38799796ac1096d86e9cf70c"
"This Amazon Streaming Device With Over 753,000 Reviews Is Now Half Off Ahead of Black Friday","Mental Floss","Amazon's wildly popular streaming device, the Fire TV Stick 4K with Alexa Voice Remote, is now half off ahead of Black Friday.","2021-11-05 16:30:00","Culture","https://www.mentalfloss.com/article/652114/amazon-fire-tv-stick-4k-sale-black-friday","b5fef0499ec50c5c2ef8e841bfcc81fc6cd538d86ddad26940c8579e55d8d90a","db878a5df4edbb2fb087f3b8be364779"
"13 of the Best Self-Care Gifts to Give Yourself This Year, Because You Deserve It","Mental Floss","Pamper yourself with the best self-care gifts of 2021, including Capri Blue candles, Gravity weighted blankets, puzzles, and more.","2021-11-05 16:00:00","Culture","https://www.mentalfloss.com/article/651927/best-self-care-gifts-give-yourself","b5fef0499ec50c5c2ef8e841bfcc81fc6cd538d86ddad26940c8579e55d8d90a","ae3141b13d0c9c55511d52630f5dbde3"
"17 of the Most Unusual Heists in History","Mental Floss","Some of history's most unusual heists involve high-profile art, food, bugs and bee hives, bizarre disguises, and, yes, money, jewels, and gold.","2021-11-08 08:00:00","Culture","https://www.mentalfloss.com/article/649391/unusual-heists","b5fef0499ec50c5c2ef8e841bfcc81fc6cd538d86ddad26940c8579e55d8d90a","b9c6f6a0bb602e91c14c776256778977"
"Monday's Best Amazon Deals Include Fire HD 10 Plus Tablets, eufy Robot Vacuums, and Samsung Galaxy Buds Plus","Mental Floss"," ","2021-11-08 09:45:00","Culture","https://www.mentalfloss.com/shopping/652164/best-amazon-deals-november-8-2021","b5fef0499ec50c5c2ef8e841bfcc81fc6cd538d86ddad26940c8579e55d8d90a","24f3221c699fed456cdb53ee0a52d7c3"
"The American Christmas Tree Association Is Warning of a Christmas Tree Shortage in 2021—So Plan Ahead","Mental Floss","Climate change has hit Christmas tree farms hard. Thanks to supply chain issues, artificial tree vendors haven’t fared much better.","2021-11-08 16:30:00","Culture","https://www.mentalfloss.com/article/652172/christmas-tree-shortage-likely-say-experts","b5fef0499ec50c5c2ef8e841bfcc81fc6cd538d86ddad26940c8579e55d8d90a","fad08edc84ccf4cc104c8f09b1959d83"
"Build a Breakfast Food Tower With This Waffle Maker That Cooks Up LEGO-Like Bricks","Mental Floss","The Waffle Wow! by CucinaPro turns batter into LEGO brick-shaped pieces, and it's available on Amazon for $60.","2021-11-08 14:30:00","Culture","https://www.mentalfloss.com/article/652169/lego-brick-shaped-waffle-maker-amazon","b5fef0499ec50c5c2ef8e841bfcc81fc6cd538d86ddad26940c8579e55d8d90a","fc90e33610672e5335c70ba0ea1992fc"
"10 Provocative Facts About Madonna","Mental Floss","Madonna has been an innovator in music for four decades and counting, but doesn't mean she still doesn't get called for jury duty.","2021-11-08 14:00:00","Culture","https://www.mentalfloss.com/article/651771/madonna-music-facts","b5fef0499ec50c5c2ef8e841bfcc81fc6cd538d86ddad26940c8579e55d8d90a","3429e857b4277c57008a2d745e57c5f2"
"A Trash Can From Myrtle Beach Just Washed Ashore in Ireland","Mental Floss","A trash can from Myrtle Beach, South Carolina, traveled over 3000 miles to Mulranny, Ireland, and now the town is using it for its original purpose.","2021-11-08 13:00:00","Culture","https://www.mentalfloss.com/article/652165/myrtle-beach-trash-can-ireland","b5fef0499ec50c5c2ef8e841bfcc81fc6cd538d86ddad26940c8579e55d8d90a","da5896558e69837eae108dee29777ddc"
"Senior Sprint: 105-Year-Old Julia 'Hurricane' Hawkins Just Set a New Track-and-Field Record","Mental Floss","Julia Hawkins doesn't think about getting older, only getting better. She's among the oldest competitors on the senior track-and-field circuit and tearing it up.","2021-11-08 12:30:00","Culture","https://www.mentalfloss.com/article/652166/julia-hurricane-hawkins-track-and-field-record","b5fef0499ec50c5c2ef8e841bfcc81fc6cd538d86ddad26940c8579e55d8d90a","f4f46926515c3b001b9d8a2364003322"
"15 Disturbing Vintage Holiday Cards","Mental Floss","Ever since the Victorians invented the Christmas card, people have gotten creative—and a bit bizarre—with their holiday greetings.","2021-11-08 12:00:00","Culture","https://www.mentalfloss.com/article/652122/disturbing-vintage-holiday-cards","b5fef0499ec50c5c2ef8e841bfcc81fc6cd538d86ddad26940c8579e55d8d90a","095415a49d0499dd45c6eb1ec2682d01"
"The 20 Best TV Shows of the 2010s, According to Critics","Mental Floss","Aggregated from best-of-the-decade lists from critics, these 20 shows might be the best the 2010s had to offer. And no, 'Teen Mom' did not make the cut.","2021-11-09 08:00:00","Culture","https://www.mentalfloss.com/article/652051/best-tv-shows-2010s","b5fef0499ec50c5c2ef8e841bfcc81fc6cd538d86ddad26940c8579e55d8d90a","fa9e1e4e82c7b3ccc4d2e8a3f5dd5a77"
"Tuesday's Best Amazon Deals Include 23andMe DNA Test Kits, ZWILLING Knives, and Fitbit Inspire 2","Mental Floss"," ","2021-11-09 09:45:00","Culture","https://www.mentalfloss.com/shopping/652194/best-amazon-deals-november-9-2021","b5fef0499ec50c5c2ef8e841bfcc81fc6cd538d86ddad26940c8579e55d8d90a","8e0ecfb23a32996251a75384801600d3"
"Here's How Long You Should Cook a Stuffed Turkey","Mental Floss","Stuffing turkey adds a layer of complications, but it is possible to cook a stuffed bird safely if you stick to the right cooking time.","2021-11-09 10:30:00","Culture","https://www.mentalfloss.com/article/651878/how-long-should-you-cook-stuffed-turkey","b5fef0499ec50c5c2ef8e841bfcc81fc6cd538d86ddad26940c8579e55d8d90a","042aff7d9a630e587403230816161e3c"
"20 Wallet-Friendly Places to Spend Thanksgiving This Year","Mental Floss","The best place to travel this Thanksgiving is wherever you can have a good time without breaking the bank—and that place is Atlanta.","2021-11-09 10:00:00","Culture","https://www.mentalfloss.com/article/652168/cheap-festive-thanksgiving-travel-destinations","b5fef0499ec50c5c2ef8e841bfcc81fc6cd538d86ddad26940c8579e55d8d90a","9b34a33267a082f1c63a2e46c420845e"
"RIP: New York City's $1 a Slice Pizza Deals","Mental Floss","Rising supply, transportation, and labor costs may soon turn New York's iconic $1 pizza slice deals into cold leftovers.","2021-11-09 13:15:00","Culture","https://www.mentalfloss.com/article/652197/new-york-city-dollar-pizza-slice-disappearing","b5fef0499ec50c5c2ef8e841bfcc81fc6cd538d86ddad26940c8579e55d8d90a","2f5ac5b0aa11c917aab0e3262746859c"
"Is Dexter: New Blood's Iron Lake, New York, A Real Place?","Mental Floss","In the 'Dexter' revival, the main character has traded Miami, Florida, for Iron Lake, New York. But does the snow-filled New England town really exist?","2021-11-09 15:00:00","Culture","https://www.mentalfloss.com/article/652200/dexter-new-blood-iron-lake-new-york-location","b5fef0499ec50c5c2ef8e841bfcc81fc6cd538d86ddad26940c8579e55d8d90a","945fec910027d695d82963c07581b0cf"
"A Dallas Bar Has Banned Mariah Carey's All I Want for Christmas Is You From Its Jukebox","Mental Floss","The Stoneleigh P bar in Dallas has banned All I Want for Christmas Is You from its jukebox until December 1—and after that, it's only allowed to play once per night. Both fans and Mariah Carey herself have taken notice.","2021-11-09 14:30:00","Culture","https://www.mentalfloss.com/article/652198/mariah-carey-all-i-want-for-christmas-is-you-bar-ban","b5fef0499ec50c5c2ef8e841bfcc81fc6cd538d86ddad26940c8579e55d8d90a","06d48209bd4331d5fdadcf038576886b"
"15 Gifts for Pet Parents","Mental Floss","This holiday season, treat the pet lovers in your life with these gifts for themselves, their cats, and their dogs.","2021-11-09 14:00:00","Culture","https://www.mentalfloss.com/article/652011/gifts-for-pet-owners","b5fef0499ec50c5c2ef8e841bfcc81fc6cd538d86ddad26940c8579e55d8d90a","9bb605fae295cb562820121ec163cb18"
"Reviewers Say This Top-Rated Robot Vacuum Is Great for Getting Rid of Pet Hair—Now It’s on Sale","Mental Floss","The eufy RoboVac 12 is one of the most popular robot vacuums on Amazon, and now it's on sale for $100 off on Amazon.","2021-11-09 13:30:00","Culture","https://www.mentalfloss.com/article/652195/eufy-robovac-12-amazon-sale","b5fef0499ec50c5c2ef8e841bfcc81fc6cd538d86ddad26940c8579e55d8d90a","2a1536a944a46bb321c6ea01eb2bd2eb"
"Cone of Silence: The Glasgow Ice Cream Wars of the 1980s","Mental Floss","In the Glasgow of the 1980s, a visit from the ice cream truck could mean anything from a fudge bar to murder.","2021-11-09 17:30:00","Culture","https://www.mentalfloss.com/article/652085/glasgow-scotland-ice-cream-wars-1980s","b5fef0499ec50c5c2ef8e841bfcc81fc6cd538d86ddad26940c8579e55d8d90a","eceb5c88eb47616e0bf1768f8b426a7a"
"Amazon's Latest Sale Lets You Buy Two Books, DVDs, Video Games, or Toys and Get a Third For Free","Mental Floss","Buy two books, DVDs, video games, or toys during Amazon's latest entertainment sale and get a third one for free.","2021-11-09 17:00:00","Culture","https://www.mentalfloss.com/article/652203/buy-two-books-dvds-video-games-get-third-free-amazon-sale","b5fef0499ec50c5c2ef8e841bfcc81fc6cd538d86ddad26940c8579e55d8d90a","477b409f84b0961752a30ce3863e0e55"
"The Internet Wants Matt Berry to Voice Garfield, Not Chris Pratt","Mental Floss","Chris Pratt has been snatching up all the big voice roles lately, whether he’s a good fit or not. Who should have voiced Garfield? The internet has thoughts.","2021-11-09 16:30:00","Culture","https://www.mentalfloss.com/article/652201/internet-wants-matt-berry-voice-garfield-not-chris-pratt","b5fef0499ec50c5c2ef8e841bfcc81fc6cd538d86ddad26940c8579e55d8d90a","2597e9217204833131d91004181dc9b3"
"8 of the Best Nicolas Cage Movies You Can Stream Right Now","Mental Floss","Whether he's playing a mute, a treasure hunter, or someone convinced he was bitten by a vampire, Nicolas Cage leaves it all onscreen.","2021-11-09 16:00:00","Culture","https://www.mentalfloss.com/article/652202/best-nicolas-cage-movies-streaming","b5fef0499ec50c5c2ef8e841bfcc81fc6cd538d86ddad26940c8579e55d8d90a","8c8fb259c63190bac97976f6c7bb199d"
"From UFOs to Bigfoot: 15 Mysterious Places Across America You Should Visit","Mental Floss","From the Denver International Airport to the Cecil Hotel, these locations have mysterious histories that aren't advertised in travel brochures.","2021-11-10 10:00:00","Culture","https://www.mentalfloss.com/article/652199/mysterious-places-across-america-you-should-visit","b5fef0499ec50c5c2ef8e841bfcc81fc6cd538d86ddad26940c8579e55d8d90a","38e8c39208656aef5db095008ad71f3b"
"Wednesday's Best Amazon Deals Include Apple AirPods Max, GoPro HERO9 Cameras, and Back to the Future Playmobil Sets","Mental Floss"," ","2021-11-10 09:45:00","Culture","https://www.mentalfloss.com/shopping/652229/best-amazon-deals-november-10-2021","b5fef0499ec50c5c2ef8e841bfcc81fc6cd538d86ddad26940c8579e55d8d90a","49cd40ac4d70f6bbc850b018a4a3f4ec"
"14 Captivating Facts About Magic","Mental Floss","Learn how Harry Houdini betrayed his namesake, why people were wary of the cups and balls illusion, and more facts from the history of magic.","2021-11-10 18:30:00","Culture","https://www.mentalfloss.com/article/652271/magic-magicians-facts-the-list-show","b5fef0499ec50c5c2ef8e841bfcc81fc6cd538d86ddad26940c8579e55d8d90a","0a33a8f1ae1184328ca076b3edd6afa2"
"Yellowstone's Season 4 Premiere Raked in a Huge Audience, Beating Its Own Record","Mental Floss","The fourth season of 'Yellowstone' kicked off with a bang with a staggering 8 million tuning in, up 104 percent from last season.","2021-11-10 17:30:00","Culture","https://www.mentalfloss.com/article/652273/yellowstone-season-4-premiere-ratings","b5fef0499ec50c5c2ef8e841bfcc81fc6cd538d86ddad26940c8579e55d8d90a","3fe1ecb2df703446046711c28380732c"
"Grab a Pair of These Unbreakable Tights and More During Sheertex's Sitewide Early Black Friday Sale","Mental Floss","Save up to 50 percent during Sheertex’s sitewide early Black Friday sale on tights, socks, and stockings.","2021-11-10 16:30:00","Culture","https://www.mentalfloss.com/article/652249/sheertex-early-black-friday-sale","b5fef0499ec50c5c2ef8e841bfcc81fc6cd538d86ddad26940c8579e55d8d90a","c97d21bddfab78e2a7a15c2ec52edf4a"
"Heinz’s New Ketchup Was Made From Tomatoes Grown in a Mars-Like Greenhouse","Mental Floss","Farming on Mars may not be as easy as it looks in 2015’s ‘The Martian,’ but a new Heinz ketchup suggests it might be possible.","2021-11-10 15:30:00","Culture","https://www.mentalfloss.com/article/652250/heinz-marz-edition-ketchup","b5fef0499ec50c5c2ef8e841bfcc81fc6cd538d86ddad26940c8579e55d8d90a","d732c840ea8a78e20e5df16dfb1318ea"
"You Can Get the Cult-Favorite Always Pan for Its Lowest Price of the Year Right Now","Mental Floss","Our Place's internet-famous Always Pan is on sale for its lowest price of the year, thanks to this early Black Friday 2021 sale.","2021-11-10 14:30:00","Culture","https://www.mentalfloss.com/article/652230/always-pan-our-place-black-friday-2021-sale","b5fef0499ec50c5c2ef8e841bfcc81fc6cd538d86ddad26940c8579e55d8d90a","0adc3b0a7d10c3355ef231720877144c"
"Arby’s Is Serving Up Curly Fry-Flavored Vodka","Mental Floss","Arby's recommends using its new curly fry vodka in a Bloody Mary, which would pair great with a roast beef sandwich.","2021-11-10 13:00:00","Culture","https://www.mentalfloss.com/article/652248/arbys-serving-curly-fry-flavored-vodka","b5fef0499ec50c5c2ef8e841bfcc81fc6cd538d86ddad26940c8579e55d8d90a","6a0e7727d580f367395cf4b9340cc808"
"Your Thanksgiving Turkey Is Going to Cost More Than It Ever Has This Year","Mental Floss","Your delicious holiday bird is about to set a record for being the most expensive Thanksgiving main course ever.","2021-11-10 12:30:00","Culture","https://www.mentalfloss.com/article/652247/thanksgiving-turkeys-are-more-expensive-than-ever","b5fef0499ec50c5c2ef8e841bfcc81fc6cd538d86ddad26940c8579e55d8d90a","62ad60d67e31c261bb3c90dc53bbe25f"
"10 Best Gifts of 2021 That Tech Lovers Will Appreciate","Mental Floss","Find the best tech gifts for any budget in this gift guide, featuring Apple AirPods (3rd Gen.), the Nintendo Switch, and so much more.","2021-11-10 12:00:00","Culture","https://www.mentalfloss.com/article/652215/best-tech-gifts-2021","b5fef0499ec50c5c2ef8e841bfcc81fc6cd538d86ddad26940c8579e55d8d90a","4a3155c14c2c20735ee6b5ec60a1dfe6"
"11 Fascinating Facts About Franklin Pierce","Mental Floss","Franklin Pierce was, by all measures, set up for a life of military and political success, the height of which he achieved when he took the oath of the nation's highest office on March 4, 1853. Here's what you should know about Fainting Frank.","2021-11-11 03:10:00","Culture","https://www.mentalfloss.com/article/652126/franklin-pierce-president-facts","b5fef0499ec50c5c2ef8e841bfcc81fc6cd538d86ddad26940c8579e55d8d90a","de24d5f36b28080d0179db8ec59f422e"
"It's Official: Squid Game Is Getting a Second Season","Mental Floss","Netflix's smash hit 'Squid Game' took everyone by surprise when it debuted in September 2021—and now, a second season has been confirmed.","2021-11-10 18:00:00","Culture","https://www.mentalfloss.com/article/652254/squid-game-season-2-confirmed","b5fef0499ec50c5c2ef8e841bfcc81fc6cd538d86ddad26940c8579e55d8d90a","aa2ee09470ee23d9d39016c74492b6cd"
"Watch: Scientists Discover What Happens When You Drop an Eyeball From a Five-Story Height","Mental Floss","As the Institute of Human Anatomy demonstrates, it takes more than a long fall to make an eyeball go splat.","2021-11-10 17:30:00","Culture","https://www.mentalfloss.com/article/652251/watch-scientists-drop-eyeball-five-story-height","b5fef0499ec50c5c2ef8e841bfcc81fc6cd538d86ddad26940c8579e55d8d90a","bd4fc8b67fd0ab293a93cd80acd72078"
"Succession Star Brian Cox Turned Down a Role in Game of Thrones—And Yes, He Feels Silly","Mental Floss","Brian Cox specializes in playing grizzled, no-nonsense types, which is why he’s so compelling on 'Succession.' Those same traits also would have served him well on 'Game of Thrones,' and we might have actually seen it happen ... if only the actor hadn't said no.","2021-11-11 04:00:00","Culture","https://www.mentalfloss.com/article/652253/succession-brian-cox-turned-down-game-of-thrones","b5fef0499ec50c5c2ef8e841bfcc81fc6cd538d86ddad26940c8579e55d8d90a","edeca0e0d94e81bdd79a396ecb384420"
"11 Odd Victorian Christmas Traditions","Mental Floss","Many Victorian Christmas traditions inspired our holiday rituals today. But some odd ones, like playing snap-dragon and other dangerous parlor games, are no longer common.","2021-11-11 05:10:00","Culture","https://www.mentalfloss.com/article/652043/victorian-christmas-traditions","b5fef0499ec50c5c2ef8e841bfcc81fc6cd538d86ddad26940c8579e55d8d90a","4ef113f6cf646006ac49572ae0abdbce"
"Is Warner Bros. Planning a Secret Harry Potter Cast Reunion?","Mental Floss","There's a rumor that Warner Bros. is trying to reunite the cast of Harry Potter for a reunion special modeled after 'Friends: The Reunion' on HBO Max.","2021-11-11 09:00:00","Culture","https://www.mentalfloss.com/article/652263/will-there-be-a-harry-potter-reunion","b5fef0499ec50c5c2ef8e841bfcc81fc6cd538d86ddad26940c8579e55d8d90a","ac67de7a64568f2a34c107a762b82589"
"Thursday's Best Amazon Deals Include Le Creuset Cast-Iron Sauteuses, Lenovo Chromebook Flex 5 Laptops, and LEGO Star Wars Advent Calendars","Mental Floss"," ","2021-11-11 09:45:00","Culture","https://www.mentalfloss.com/shopping/652244/best-amazon-deals-november-11-2021","b5fef0499ec50c5c2ef8e841bfcc81fc6cd538d86ddad26940c8579e55d8d90a","84823327b84795b054f87d72c67576a8"
"11 Best Gifts for Anyone Who's Obsessed With Pro-Wrestling","Mental Floss","From WWE Attitude Era throwbacks to Jon Moxley's new autobiography, these best gifts for wrestling fans could make even the toughest smark swoon.","2021-11-11 18:10:00","Culture","https://www.mentalfloss.com/article/651964/best-gifts-wrestling-fans-aew-wwe","b5fef0499ec50c5c2ef8e841bfcc81fc6cd538d86ddad26940c8579e55d8d90a","71be89187e660654f3af3feb11375355"
"11 Festive Mocktails for Your Alcohol-Free Holiday Guests","Mental Floss","From spirit-free hot toddies to pumpkin pie martinis, these holiday drinks are sure to be a hit with your non-drinking partygoers.","2021-11-11 17:10:00","Culture","https://www.mentalfloss.com/article/652196/best-mocktail-recipes-holiday-season","b5fef0499ec50c5c2ef8e841bfcc81fc6cd538d86ddad26940c8579e55d8d90a","e6ff9192ab227b6f485385a91eda9c24"
"11 Books to Read After The Handmaid’s Tale","Mental Floss","If you've finished Margaret Atwood's 'The Handmaid’s Tale' and are looking for what to read next, we've got 11 titles that should be in your TBR pile.","2021-11-11 16:10:00","Culture","https://www.mentalfloss.com/article/652012/books-read-after-handmaids-tale","b5fef0499ec50c5c2ef8e841bfcc81fc6cd538d86ddad26940c8579e55d8d90a","4d276a3373cb6f8ec7abacbf6ff83e49"
"11 of Europe’s Most Magical Christmas Markets","Mental Floss","You’ll be hard pushed to find a European city that doesn’t host a Christmas market these days—here are some of the continent's most enchanting.","2021-11-11 14:10:00","Culture","https://www.mentalfloss.com/article/652171/best-christmas-markets-europe","b5fef0499ec50c5c2ef8e841bfcc81fc6cd538d86ddad26940c8579e55d8d90a","4862632b8bd28cb94d17cc0efda6d282"
"11 Facts About Hayao Miyazaki","Mental Floss","Director Hayao Miyazaki is responsible for some of the most beloved animated movies of all time—here are 11 things you should know about him.","2021-11-11 13:10:00","Culture","https://www.mentalfloss.com/article/652167/hayao-miyazaki-facts","b5fef0499ec50c5c2ef8e841bfcc81fc6cd538d86ddad26940c8579e55d8d90a","9f2c4744709eab22f2a834b9d1c5e074"
"When Howard Johnson's Was America's Home Away From Home","Mental Floss","In the 1950s, families didn't flock to McDonald's or Friendly's. They headed for Howard Johnson's, which lured them in with a bright orange roof, 28 flavors of ice cream, and French chefs preparing classic American food.","2021-11-11 12:30:00","Culture","https://www.mentalfloss.com/article/651843/howard-johnsons-restaurant-history","b5fef0499ec50c5c2ef8e841bfcc81fc6cd538d86ddad26940c8579e55d8d90a","0b4d03c8a5146b46569365e70b50e3d0"
"11 Lesser-Known War Memorials","Mental Floss","These tributes to fallen soldiers may not be as instantly recognizable as the Vietnam Memorial and others, but their stories are no less fascinating--including one that doubles as a mausoleum right in Manhattan.","2021-11-11 12:10:00","Culture","https://www.mentalfloss.com/article/652025/lesser-known-war-memorials","b5fef0499ec50c5c2ef8e841bfcc81fc6cd538d86ddad26940c8579e55d8d90a","cb110a4befc9bd4ce515a76f917fbb2a"
"11 Thanksgiving Dishes the Pilgrims Didn't Eat","Mental Floss","When the Pilgrims and the Wampanoag people shared the first Thanksgiving in 1621, sweet potatoes, pie, and cranberry sauce were missing from the table.","2021-11-11 11:10:00","Culture","https://www.mentalfloss.com/article/652119/thanksgiving-dishes-pilgrims-didnt-eat","b5fef0499ec50c5c2ef8e841bfcc81fc6cd538d86ddad26940c8579e55d8d90a","b8bde59f20922487351b2918f4b05c5a"
"11 Fun Facts About Zoombinis","Mental Floss","Zoombinis graced the screens of many a ‘90s PC, inviting kids to use logic and experimentation as they led a troupe of exploited island workers through a Deep, Dark Forest and the Mountains of Despair en route to Zoombiniville.","2021-11-11 10:10:00","Culture","https://www.mentalfloss.com/article/652116/zoombinis-game-facts","b5fef0499ec50c5c2ef8e841bfcc81fc6cd538d86ddad26940c8579e55d8d90a","aebca00bd3bfa235342c70b88d0311b6"
"Friday's Best Amazon Deals Include AncestryDNA Kits, DEWALT Cordless Drill Combo Kits, and Select Disney Toys","Mental Floss"," ","2021-11-12 10:30:00","Culture","https://www.mentalfloss.com/shopping/652287/best-amazon-deals-november-12-2021","b5fef0499ec50c5c2ef8e841bfcc81fc6cd538d86ddad26940c8579e55d8d90a","a1ec94d26bd693dcab7b5aebf7fe2918"
"Can Drinking More Alcohol Cure a Hangover? The Truth Behind the Hair of the Dog","Mental Floss","The hair of the dog is one of the oldest hangover cures still around today. But can it really save you from that pounding headache?","2021-11-12 16:30:00","Culture","https://www.mentalfloss.com/article/652304/does-hair-of-the-dog-really-cure-hangover","b5fef0499ec50c5c2ef8e841bfcc81fc6cd538d86ddad26940c8579e55d8d90a","2044de352e3ce9e15c5eac3f92bd03a2"
"13 Cozy Gifts For People Who Hate Winter and Cold Weather","Mental Floss","These warming gifts will make winter a bit more bearable for those who can't stand the cold.","2021-11-12 16:00:00","Culture","https://www.mentalfloss.com/article/652170/cozy-gifts-hate-winter-cold-weather","b5fef0499ec50c5c2ef8e841bfcc81fc6cd538d86ddad26940c8579e55d8d90a","bcfc9799339a38886cce5c2a033adf16"
"You Can Save Up to $100 on Beats Solo3 Wireless Headphones Right Now on Amazon","Mental Floss","Get a pair of Beats Solo3 wireless headphones right now on Amazon for as low as $100 in select shades.","2021-09-20 15:30:00","Culture","https://www.mentalfloss.com/article/650460/beats-solo3-wireless-headphones-sale","b5fef0499ec50c5c2ef8e841bfcc81fc6cd538d86ddad26940c8579e55d8d90a","0e4734dc43dc7281a45782ddf2f7a3ce"
"How Many Seconds Does It Take Elon Musk to Earn Your Net Worth? This Calculator Will Tell You—If You Really Want to Know","Mental Floss","Elon Musk’s net worth for 2021 made him Forbes’s second richest person in the world. This calculator puts it into terms we can all grasp.","2021-11-14 11:00:00","Culture","https://www.mentalfloss.com/article/652303/elon-musk-net-worth-calculator","b5fef0499ec50c5c2ef8e841bfcc81fc6cd538d86ddad26940c8579e55d8d90a","955e85cae0401762f18c6106bf3c73b5"
"You’re Using Your Plastic Cup Lid All Wrong","Mental Floss","Disposable cup lids are great for keeping drinks contained in transit, but their usefulness doesn’t stop once you arrive at your destination.","2021-11-14 09:30:00","Culture","https://www.mentalfloss.com/article/652213/plastic-cup-lids-can-be-coasters","b5fef0499ec50c5c2ef8e841bfcc81fc6cd538d86ddad26940c8579e55d8d90a","3aad58b036d9af1ddda74354a241833b"
"This Weekend's Best Amazon Deals Include JBL Tune 125TWS Earbuds, Norton 360 Platinum (2022 Ready) Antivirus Software, and Utopia Kitchen Towels","Mental Floss"," ","2021-11-13 09:45:00","Culture","https://www.mentalfloss.com/shopping/652301/best-amazon-deals-november-13-november-14-2021","b5fef0499ec50c5c2ef8e841bfcc81fc6cd538d86ddad26940c8579e55d8d90a","1c7097446a6b923e1f49e4a8bc7e33d4"
"Monday's Best Amazon Deals Include the iRobot Roomba 692 Robot Vacuum, LuxClub Sheets, and the Anova Culinary Sous Vide Precision Cooker Pro","Mental Floss"," ","2021-11-15 10:15:00","Culture","https://www.mentalfloss.com//shopping/652343/best-amazon-deals-november-15-2021","b5fef0499ec50c5c2ef8e841bfcc81fc6cd538d86ddad26940c8579e55d8d90a","f1d2cb5e8f4391242ba695b7948fac53"
"Wayfair Just Dropped Tons of Deals on Furniture, Rugs, and More During This Early Black Friday Sale","Mental Floss","Score epic markdowns on furniture, bedding, rugs, and more during the Wayfair Black Friday Early-Access Deals event.","2021-11-15 11:00:00","Culture","https://www.mentalfloss.com/article/652306/wayfair-black-friday-early-access-event-2021","b5fef0499ec50c5c2ef8e841bfcc81fc6cd538d86ddad26940c8579e55d8d90a","805b9282a0fa3f14be459fb04b11c180"
"Don't Miss the Dazzling Leonid Meteor Shower","Mental Floss","Known for producing the occasional meteor storm, the Leonid meteor shower is highly anticipated among astronomy fans.","2021-10-08 13:00:00","Culture","https://www.mentalfloss.com/article/651122/leonid-meteor-shower-november","b5fef0499ec50c5c2ef8e841bfcc81fc6cd538d86ddad26940c8579e55d8d90a","6bc565e55f972fbfb1cb1dc92ad3f6e3"
"Thanks to One Georgia Judge, You Can Just Tell Your Kids It’s 'Illegal' for Elf on the Shelf to Visit This Year","Mental Floss","This year, you can save yourself the grief of finding new Elf on the Shelf ideas by just telling your kids he’s been legally banished.","2021-11-15 14:30:00","Culture","https://www.mentalfloss.com/article/652349/georgia-judge-bans-elf-on-the-shelf","b5fef0499ec50c5c2ef8e841bfcc81fc6cd538d86ddad26940c8579e55d8d90a","2c483196fdfb8db4d9c478b445a72bf7"
"24 New Titles Now Available to Stream on Disney+","Mental Floss","Disney+ dropped dozens of new titles on the service for fans to enjoy, including its recent blockbuster hits and new specials for Marvel and Star Wars, two of Disney’s biggest brands.","2021-11-15 14:00:00","Culture","https://www.mentalfloss.com/article/652347/every-movie-tv-show-disney-plus","b5fef0499ec50c5c2ef8e841bfcc81fc6cd538d86ddad26940c8579e55d8d90a","d8690a09541ec9b9767601b5edecbddd"
"14 Words for Winter From Around the World","Mental Floss","Take a moment to enjoy the advent of the colder months by curling up with these 14 words for winter from around the world.","2021-11-15 12:00:00","Culture","https://www.mentalfloss.com/article/652305/words-winter-from-around-world","b5fef0499ec50c5c2ef8e841bfcc81fc6cd538d86ddad26940c8579e55d8d90a","e158b2794549bc14e306fd1490b936f9"
"Amazon’s Home Holiday Guide Will Help You Find the Perfect Gift to Give This Year","Mental Floss","Amazon’s Home Holiday Guide features a wide variety of top-rated home and kitchen gifts for you to grab this shopping season.","2021-11-15 15:30:00","Culture","https://www.mentalfloss.com/article/652252/amazon-home-holiday-guide-gifts","b5fef0499ec50c5c2ef8e841bfcc81fc6cd538d86ddad26940c8579e55d8d90a","c2a8f3b2bb8defcb5425d4ac7c79b971"
"Listen: Honeybees Alert Their Pals When Killer Hornets Are Nearby By Letting Out a Horrific ‘Scream’","Mental Floss","Asian honeybees have developed a disturbing defense mechanism against hornet attacks: screaming with their wings.","2021-11-15 15:00:00","Culture","https://www.mentalfloss.com/article/652350/honeybee-alert-screams","b5fef0499ec50c5c2ef8e841bfcc81fc6cd538d86ddad26940c8579e55d8d90a","21c133148f6bb6954d87e34b65c33059"
"Sur La Table's Friends and Family Sale Ends Tonight—Save 20 Percent on Nespresso Coffee Machines, Lodge Skillets, and More","Mental Floss","Save 20 percent on select kitchen goods like Nespresso coffee machines, Lodge skillets, and more during this Sur La Table sale.","2021-11-15 17:00:00","Culture","https://www.mentalfloss.com/article/652353/sur-la-table-friends-and-family-sale","b5fef0499ec50c5c2ef8e841bfcc81fc6cd538d86ddad26940c8579e55d8d90a","3bc501cdc0fc7ba98ee5155e10082e38"
"George R.R. Martin Is in Regular Contact With House of the Dragon Boss","Mental Floss","'House of Dragons' showrunner Ryan Condal recently detailed how far along production is on the first season, what he and George R.R. Martin talk about, and where his show fits into the 'Game of Thrones' universe.","2021-11-15 16:30:00","Culture","https://www.mentalfloss.com/article/652351/house-of-the-dragon-george-r-r-martin","b5fef0499ec50c5c2ef8e841bfcc81fc6cd538d86ddad26940c8579e55d8d90a","5671314d40a073b37c56c4966f460344"
"7 Fantastic Facts About Terry Pratchett","Mental Floss","To celebrate the 50th anniversary of Terry Pratchett’s first novel, here are some things you might not know about the architect of Discworld.","2021-11-16 08:00:00","Culture","https://www.mentalfloss.com/article/652348/terry-pratchett-author-facts","b5fef0499ec50c5c2ef8e841bfcc81fc6cd538d86ddad26940c8579e55d8d90a","5034f473c40ac09a2ed6dfa8ec6f314d"
"Tuesday's Best Amazon Deals Include Star Wars The Child Talking Plush Toy, Honeywell Home Smart Thermostat, and Funko Pop! Figures","Mental Floss"," ","2021-11-16 10:15:00","Culture","https://www.mentalfloss.com/shopping/652377/best-amazon-deals-november-16-2021","b5fef0499ec50c5c2ef8e841bfcc81fc6cd538d86ddad26940c8579e55d8d90a","f1259ae9f2a39618e5d7777183af20d0"
"10 Incredible Cooking Gifts From Sur La Table That Home Chefs Will Love","Mental Floss","Treat the home chef in your life to cooking gifts from Sur La Table, featuring popular brands like Le Creuset, Breville, Staub, and more.","2021-11-16 10:00:00","Culture","https://www.mentalfloss.com/article/652352/10-incredible-cooking-gifts-sur-la-table","b5fef0499ec50c5c2ef8e841bfcc81fc6cd538d86ddad26940c8579e55d8d90a","85155303db06fcd47d90682914e0cec5"
"People Who Decorate for the Holidays Are Perceived as Friendlier, According to Science","Mental Floss","A 30-year-old study found that people who decorate their homes for the holidays tend to appear friendlier to their neighbors.","2021-11-16 17:30:00","Culture","https://www.mentalfloss.com/article/652385/holiday-decorations-signal-friendliness","b5fef0499ec50c5c2ef8e841bfcc81fc6cd538d86ddad26940c8579e55d8d90a","45006ec23f97bae0ab4317cdc00797d5"
"A Harry Potter Reunion Special Is Coming to HBO Max","Mental Floss","It’s been 20 years since ‘Harry Potter and the Sorcerer’s Stone’ hit theaters. Daniel Radcliffe and his fellow cast members are reuniting to reminisce.","2021-11-16 17:00:00","Culture","https://www.mentalfloss.com/article/652384/harry-potter-reunion-special-coming-hbo-max","b5fef0499ec50c5c2ef8e841bfcc81fc6cd538d86ddad26940c8579e55d8d90a","aa0751a180fb529ecf4e0611c7709324"
"Reviewers Say Nothing Sticks To This Popular KitchenAid Cookware Set—And Now It's $50 Off on Amazon","Mental Floss","Just in time for Thanksgiving, you can save $50 on this popular 10-piece KitchenAid cookware set on Amazon.","2021-11-16 16:30:00","Culture","https://www.mentalfloss.com/article/652382/kitchenaid-cookware-deal-thanksgiving","b5fef0499ec50c5c2ef8e841bfcc81fc6cd538d86ddad26940c8579e55d8d90a","341283ec828ea9681c4d5dabe20fb4e1"
"8 of the Weirdest TV Series Finales","Mental Floss","A surprising number of television shows have ended with the sudden appearance of dinosaurs, demons, and that tired old trope of shooting your lead into outer space.","2021-11-16 14:00:00","Culture","https://www.mentalfloss.com/article/652272/weirdest-tv-series-finales","b5fef0499ec50c5c2ef8e841bfcc81fc6cd538d86ddad26940c8579e55d8d90a","a58a98752a6d3ed19e7f4f929d605ea7"
"Thinking of Deep-Frying Your Thanksgiving Turkey? Check Out These Best-Selling Fryers on Amazon","Mental Floss","Thinking about deep-frying your Thanksgiving turkey this year? Check out these two from Char-Broil and Masterbuilt, available on Amazon.","2021-11-16 12:30:00","Culture","https://www.mentalfloss.com/article/652379/turkey-deep-fryers-thanksgiving-amazon","b5fef0499ec50c5c2ef8e841bfcc81fc6cd538d86ddad26940c8579e55d8d90a","5f7b07a86ebae4dcd3d4761e8ae77147"
"Tired of Peeling Potatoes? This Ingenious Trick Is a Total Time-Saver","Mental Floss","If peeling potatoes with a peeler takes too much of your precious time, try this trick for removing the skins quickly using only your hands.","2021-11-16 11:30:00","Culture","https://www.mentalfloss.com/article/652378/how-to-peel-potatoes-without-a-peeler","b5fef0499ec50c5c2ef8e841bfcc81fc6cd538d86ddad26940c8579e55d8d90a","a792969f3af0ca8af3fea589feac0e84"
"What Exactly Is Millennial Pink, And Why Are People Still So Obsessed With It?","Mental Floss","Whether Gen Z or even Generation Alpha will carry forth the Millennial Pink torch remains to be seen, but they’re wearing a lot of hot pink lately …","2021-11-16 11:00:00","Culture","https://www.mentalfloss.com/article/652204/millennial-pink-color-facts-history","b5fef0499ec50c5c2ef8e841bfcc81fc6cd538d86ddad26940c8579e55d8d90a","27dce23922015403b8e5d16ba3ad7ff9"
"8 Facts About Insomnia","Mental Floss","Vincent van Gogh’s favorite cure for insomnia was camphor. Don’t try that at home (or anywhere), kids.","2021-11-17 08:00:00","Culture","https://www.mentalfloss.com/article/652062/insomnia-symptoms-treatments-facts","b5fef0499ec50c5c2ef8e841bfcc81fc6cd538d86ddad26940c8579e55d8d90a","2340bc8a6e21da21cc387891b3e301cb"
"When Exactly Was the Victorian Era?","Mental Floss","The Victorian era brought changes that reached far beyond England’s borders. In fact, England’s borders also reached far beyond what we now know as England’s borders.","2021-11-17 08:30:00","Culture","https://www.mentalfloss.com/article/652383/victorian-era-history-timeline","b5fef0499ec50c5c2ef8e841bfcc81fc6cd538d86ddad26940c8579e55d8d90a","99a93fb30e7163f07ecb2a40e389e318"
"Everything You Need to Know About Generation Alpha—The Children of Millennials","Mental Floss","Generation Alpha—the children of Millennials and the kid siblings of Generation Z—started the same year the iPad was released.","2021-11-17 11:00:00","Culture","https://www.mentalfloss.com/article/652245/generation-alpha-facts","b5fef0499ec50c5c2ef8e841bfcc81fc6cd538d86ddad26940c8579e55d8d90a","76bf9b535139dbf0d9bfb6b541b24a7f"
"15 Gift Ideas You’ll Want To Hear About if There Are Audiophiles on Your List","Mental Floss","From Crosley turntables to Bose headphones and more, these gift ideas for audiophiles will make their heart skip a beat (even if the music doesn't).","2021-11-17 10:00:00","Culture","https://www.mentalfloss.com/article/652381/best-gifts-audiophiles","b5fef0499ec50c5c2ef8e841bfcc81fc6cd538d86ddad26940c8579e55d8d90a","836685e64d25bc146be9538492ffa0b9"
"You Could Get Paid More Than $1200 to Watch Your 5 Favorite Childhood Movies","Mental Floss","Spend more time revisiting nostalgic movies than watching whatever’s currently in theaters? This gig is for you.","2021-11-17 11:30:00","Culture","https://www.mentalfloss.com/article/652394/get-paid-to-watch-favorite-childhood-movies-usdish","b5fef0499ec50c5c2ef8e841bfcc81fc6cd538d86ddad26940c8579e55d8d90a","b3290146feec9c1304181bff0d7e9d5c"
"Wednesday’s Best Amazon Deals Include the Oster Roaster Oven With Self-Basting Lid, Funko Pop! Advent Calendars, and Pillows","Mental Floss"," ","2021-11-17 11:15:00","Culture","https://www.mentalfloss.com/shopping/652408/best-amazon-deals-november-17-2021","b5fef0499ec50c5c2ef8e841bfcc81fc6cd538d86ddad26940c8579e55d8d90a","0e98e9b250fff0567a6c6e0716d73285"
"McDonald’s Is Celebrating the Egg McMuffin’s 50th Anniversary By Bringing Back the Original Price of $.63 on Thursday","Mental Floss","In honor of the Egg McMuffin's 50th anniversary on Thursday, November 18, McDonald's is selling it for $.63—its original price.","2021-11-17 12:30:00","Culture","https://www.mentalfloss.com/article/652410/mcdonalds-egg-mcmuffins-50th-anniversary-with-original-price","b5fef0499ec50c5c2ef8e841bfcc81fc6cd538d86ddad26940c8579e55d8d90a","82c4fd0d4e4fe1611e609a7a9f77561d"
"Why Do We Say 'Have a Chip on Your Shoulder'?","Mental Floss","What does ‘chip on your shoulder’ mean? These days, nothing literal. But actual chips and shoulders used to be involved.","2021-11-17 13:30:00","Culture","https://www.mentalfloss.com/article/652393/chip-on-your-shoulder-meaning-origins","b5fef0499ec50c5c2ef8e841bfcc81fc6cd538d86ddad26940c8579e55d8d90a","544f65b36e163dc05ff24c2592cbd8ec"
"23 Books to Give as Gifts This Holiday Season, as Chosen by the Mental Floss Staff","Mental Floss","Whether you're shopping for a history buff, curator of weird anecdotes, or comic book fan, we've got plenty of books for your holiday gift list.","2021-11-17 14:00:00","Culture","https://www.mentalfloss.com/article/652120/books-give-as-gifts-holidays","b5fef0499ec50c5c2ef8e841bfcc81fc6cd538d86ddad26940c8579e55d8d90a","5a8b3ca37835474cda26aa5d1defc12c"
"Attention, Outdoor Enthusiasts: You Can Save on Thousands of Products During Backcountry's Early Black Friday Sale","Mental Floss","Get early Black Friday deals on Patagonia, The North Face, and more top-rated brands during this Backcountry sale happening now.","2021-11-17 14:30:00","Culture","https://www.mentalfloss.com/article/652412/backcountry-sale-patagonia-north-face-black-friday","b5fef0499ec50c5c2ef8e841bfcc81fc6cd538d86ddad26940c8579e55d8d90a","0683d3f95f7a1f49e92ae98a5eaf1371"
"20 Surprising Facts About Bram Stoker's Dracula","Mental Floss","In 1992, Francis Ford Coppola released 'Bram Stoker's Dracula'—a movie that looks like no other Dracula before or since.","2021-11-17 16:00:00","Culture","https://www.mentalfloss.com/article/652414/bram-stokers-dracula-movie-facts","b5fef0499ec50c5c2ef8e841bfcc81fc6cd538d86ddad26940c8579e55d8d90a","3350b36242780234a4ad0a7e72b49a0f"
"Peter Jackson Sells Weta Digital Toolset, Becomes a Billionaire","Mental Floss","The director behind 'The Lord of the Rings' and 'Hobbit' trilogies just got a new title: billionaire.","2021-11-17 17:30:00","Culture","https://www.mentalfloss.com/article/652426/peter-jackson-sells-weta-digital-toolset-becomes-billionaire","b5fef0499ec50c5c2ef8e841bfcc81fc6cd538d86ddad26940c8579e55d8d90a","7845bd1a139f00570b032c60f7ae6431"
"Revisiting the Hulk Hands Craze of 2003","Mental Floss","When Toy Biz released foam Hulk Hands in 2003, kids went into a violent frenzy. He punched walls, one mother said of her son's behavior. He punched furniture. He punched me. And when his 4-year-old friend, Lydia Cole, arrived, he punched her.”","2021-11-18 18:00:00","Culture","https://www.mentalfloss.com/article/650326/hulk-hands-craze-2000s","b5fef0499ec50c5c2ef8e841bfcc81fc6cd538d86ddad26940c8579e55d8d90a","da9caab7e0985b308f07feae8b8c45f9"
"Harry Potter Director Wants to Release His Original 3-Hour Version of Sorcerer’s Stone","Mental Floss","This year marks the 20th anniversary of the release of 'Harry Potter and the Sorcerer’s Stone' in theaters, and director Chris Columbus is sharing a lot of information about it—including the fact that at one point, the movie was three hours long.","2021-11-18 17:30:00","Culture","https://www.mentalfloss.com/article/652585/harry-potter-and-sorcerers-stone-extended-cut","b5fef0499ec50c5c2ef8e841bfcc81fc6cd538d86ddad26940c8579e55d8d90a","5d945f2b8fc700d27cb3b60a5af5d160"
"The 12 Best Thanksgiving TV Episodes You Can Stream Right Now","Mental Floss","From ‘Gilmore Girls’ to ‘Mad Men,’ these TV shows capture all the things you love (or hate) about Thanksgiving.","2021-11-18 16:00:00","Culture","https://www.mentalfloss.com/article/652413/best-thanksgiving-tv-episodes-streaming","b5fef0499ec50c5c2ef8e841bfcc81fc6cd538d86ddad26940c8579e55d8d90a","326b41cab0ab1cf41426869a9a0eb9de"
"Bundle Up: The Old Farmer’s Almanac Predicts a 'Season of Shivers' Ahead, So Be Prepared for a Long, Cold Winter","Mental Floss","According to 'The Old Farmer’s Almanac,' below-average temperatures will descend upon most of the U.S. for the 2021-2022 winter season.","2021-11-18 15:30:00","Culture","https://www.mentalfloss.com/article/652446/old-farmers-almanac-predicts-cold-winter","b5fef0499ec50c5c2ef8e841bfcc81fc6cd538d86ddad26940c8579e55d8d90a","a15f5952c450d8bf9e7688aba51251a9"
"Apple Is Launching a New Self-Service Repair Program, So You Never Have to Be Embarrassed by Your Cracked Screen Again","Mental Floss","Apple screen repair could be easy for tech-savvy DIYers to figure out. Now, thanks to Apple's new Self-Service Repair Program, they’ll finally get the chance.","2021-11-18 15:00:00","Culture","https://www.mentalfloss.com/article/652444/apple-launches-new-self-service-repair-program","b5fef0499ec50c5c2ef8e841bfcc81fc6cd538d86ddad26940c8579e55d8d90a","e181445bbd7e21bfcc25ceb8a923ec2d"
"Uncover the Best Early Black Friday Mattress and Bedding Sales at Brooklinen, Casper, and More","Mental Floss","Discover the best early Black Friday mattress and bedding sales from brands like Brooklinen, Casper, Leesa, and more.","2021-11-18 14:30:00","Culture","https://www.mentalfloss.com/article/652442/best-black-friday-mattress-bedding-sales","b5fef0499ec50c5c2ef8e841bfcc81fc6cd538d86ddad26940c8579e55d8d90a","6495b1704cfd7dd8ca5acdc5db536743"
"Ecto Cooler Is Making (Another) Comeback—Here’s How to Get Some","Mental Floss","Hi-C Ecto Cooler is back to promote 'Ghostbusters: Afterlife,' but you won't find the ghostly green drink in stores.","2021-11-18 13:00:00","Culture","https://www.mentalfloss.com/article/652443/ecto-cooler-comeback-ghostbusters-afterlife","b5fef0499ec50c5c2ef8e841bfcc81fc6cd538d86ddad26940c8579e55d8d90a","2208ca3bcc7b388579f69e98b4d0c6f8"
"Sort Your Dog Into a Hogwarts House With PetSmart's New Harry Potter Collection","Mental Floss","PetSmart released a Harry Potter-themed collection of dog collars, toys, and clothes to celebrate the 20th anniversary of the franchise's film series.","2021-11-18 12:30:00","Culture","https://www.mentalfloss.com/article/652416/petsmart-harry-potter-hogwarts-dog-collection","b5fef0499ec50c5c2ef8e841bfcc81fc6cd538d86ddad26940c8579e55d8d90a","9d0850fdd39d921454b7b2d7c5574a41"
"Thursday's Best Amazon Deals Include the VYBE Percussion Massage Gun, Fire TV Stick 4K Max, and TCL Smart TVs","Mental Floss"," ","2021-11-18 10:15:00","Culture","https://www.mentalfloss.com/shopping/652441/best-amazon-deals-november-18-2021","b5fef0499ec50c5c2ef8e841bfcc81fc6cd538d86ddad26940c8579e55d8d90a","f322e24f39a8c4e25aad45fb55a4d6a8"
"These 8 Artificial Christmas Trees Look Just Like The Real Thing—And Are Priced To Fit Any Budget","Mental Floss","Discover the best artificial Christmas trees to fit your home decor and budget, whether you're shopping for something snow-dusted or pre-lit.","2021-11-18 10:00:00","Culture","https://www.mentalfloss.com/article/652411/best-artificial-christmas-trees","b5fef0499ec50c5c2ef8e841bfcc81fc6cd538d86ddad26940c8579e55d8d90a","7a18d84c0520496e3b4b3c4192b8ea90"
