"Inside Out Agency Is Hiring A Showroom / Operations Manager In New York, NY","Fashionista","Inside Out Agency is a New York based boutique fashion agency offering wholesale representation and brand development resources for independent designers and brands.  We cater to a global community of stores with an emphasis on independent retail.  Our roster of brands is entirely female-owned and ...Continue reading  ","2021-11-01 18:47:04","Fashion","https://fashionista.com/2021/11/inside-out-agency-is-hiring-a-showroom-operations-manager-in-new-york-ny","c7c36a0b2f7ac196c028c4304021585bde553381cda5e91cb09abb642e0313e6","a6256fe79cce97862c729b98f2352a92"
"Kurt Lyle and Untitled in Motion Is Hiring A Part-Time E-Commerce, Graphic Design, Marketing Assistant In New York, NY","Fashionista","Kurt Lyle and Untitled in Motion are sister brands underneath the management of Inside Out Agency. Kurt Lyle is a contemporary womens brand as well as a multi-brand e-commerce store that highlights designs that inspire happiness and levity. Untitled in Motion, which recently launched in the spring ...Continue reading  ","2021-11-01 18:46:18","Fashion","https://fashionista.com/2021/11/kurt-lyle-and-untitled-in-motion-is-hiring-a-part-time-e-commerce-graphic-design-marketing-assistant-in-new-york-ny","c7c36a0b2f7ac196c028c4304021585bde553381cda5e91cb09abb642e0313e6","749d55cacd54b7f108067a3942f0ae8c"
"Inside Out Agency Is Hiring A Wholesale Account Manager (Freelance or Full-Time) In New York, NY","Fashionista","Inside Out Agency is a New York based boutique fashion agency offering wholesale representation and brand development resources for independent designers and brands. We cater to a global community of stores with an emphasis on independent retail. Our roster of brands is entirely female-owned and we ...Continue reading  ","2021-11-01 18:44:58","Fashion","https://fashionista.com/2021/11/inside-out-agency-is-hiring-a-wholesale-account-manager-freelance-or-full-time-in-new-york-ny","c7c36a0b2f7ac196c028c4304021585bde553381cda5e91cb09abb642e0313e6","d6b113ad40c0e000fb0005c7addbfe8a"
"Must Read: Telfar and Moose Knuckles Team Up on Outerwear Collection, What to Watch at COP26","Fashionista","These are the stories making headlines in fashion on Monday. Telfar and Moose Knuckles team up on outerwear collection Telfar is making its first foray into outerwear with a 17-piece capsule collection with the Canadian brand Moose Knuckles. Highlights from the collection include a ...Continue reading  ","2021-11-01 16:00:00","Fashion","https://fashionista.com/2021/11/telfar-moose-knuckles-outerwear-collaboration","c7c36a0b2f7ac196c028c4304021585bde553381cda5e91cb09abb642e0313e6","e4d25181815ab6faed0df75854352d19"
"14 Responsibly-Made Denim Pieces to Shop for Fall","Fashionista","As we head deeper into fall and temperatures start to dip, it's natural to reach for denim as the first building block of an outfit. But if you ignored your denim collection last year in favor of sweatpants and staying safe at home, it might be looking a little... lackluster these days. Whether ...Continue reading  ","2021-11-01 15:00:00","Fashion","https://fashionista.com/2021/11/lenzing-tencel-eco-friendly-denim","c7c36a0b2f7ac196c028c4304021585bde553381cda5e91cb09abb642e0313e6","7ee2bf8802133b61d7ffa35a62bccb3b"
"Great Outfits in Fashion History: Zoë Kravitz as a Vampire at Breakfast","Fashionista","There are perfectly good celebrity style moments, and then there are the looks that really stick with you, the ones you try desperately to recreate at home. In 'Great Outfits in Fashion History,' Fashionista editors are revisiting their all-time favorite lewks.  You don't have to look far or hard ...Continue reading  ","2021-11-01 14:00:00","Fashion","https://fashionista.com/2021/11/zoe-kravitz-vampire-at-breakfast-halloween-2018","c7c36a0b2f7ac196c028c4304021585bde553381cda5e91cb09abb642e0313e6","f8a6b6ef8dd242fd42789c20c9e87459"
"15 Personalized Gifts You'll Want to Get for Yourself","Fashionista","We know it's hard to find the right gifts for your loved ones, so we've compiled a ton of fashion and beauty-focused gift guides tailored to a range of interests and budgets. Check out our latest below and find more right here. Holiday season after holiday season, personalized gifts have held onto ...Continue reading  ","2021-11-01 12:00:00","Fashion","https://fashionista.com/2021/11/customized-personalized-gift-guide-holiday-2021","c7c36a0b2f7ac196c028c4304021585bde553381cda5e91cb09abb642e0313e6","f5cb16f6f3d42c69b1f25117e030f2f4"
"Must Read: Susan Alexandra Opens First Store, Brandon Blackwood Makes Runway Debut","Fashionista","These are the stories making headlines in fashion on Friday. Susan Alexandra opens first storeSusan Alexandra is opening up shop on Manhattan's Lower East Side — more specifically, at the famed Dimes Square. I grew up in Columbus, Ohio and I fell in love with fashion in department stores like ...Continue reading  ","2021-10-29 16:00:00","Fashion","https://fashionista.com/2021/10/susan-alexandra-first-store-lower-east-side","c7c36a0b2f7ac196c028c4304021585bde553381cda5e91cb09abb642e0313e6","e10c3ac98ea61009800577594ab09f5e"
"13 Oversized Denim Jackets on Sale That Are Perfect for Tackling Trans-seasonal Weather","Fashionista","Is there a more timeless, iconic or reliable piece of clothing than a trusty denim jacket? We think not. Chances are you already own a handful of these, but you might not own a roomy, relaxed-fit option that can easily go over multiple layers of knits. An oversized denim jacket is perhaps the most ...Continue reading  ","2021-10-29 14:00:00","Fashion","https://fashionista.com/2021/10/online-sales-october-29-oversize-denim-jackets","c7c36a0b2f7ac196c028c4304021585bde553381cda5e91cb09abb642e0313e6","c8d241b7e43ee7c62032847b602a6a33"
"The 18 Best Beauty Products Fashionista Editors Discovered in October","Fashionista","Each month, Fashionista editors try a *lot* of beauty products. And while not every formula we test is a winner, we're constantly unearthing new favorites. Here, we've rounded up our latest hair, skin, fragrance, wellness and makeup discoveries — whether fresh-to-market drops or merely recent ...Continue reading  ","2021-10-29 13:00:00","Fashion","https://fashionista.com/2021/10/fashionista-editors-favorite-beauty-products-october-2021","c7c36a0b2f7ac196c028c4304021585bde553381cda5e91cb09abb642e0313e6","fbddc3bd922405efc281bcbea12fb307"
"How I Shop (Beauty Edition): 'You' Fan Favorite Shalita Grant","Fashionista","Our How I Shop series documents how prominent figures buy clothes. It can be a social experience, and a deeply personal one; at times, it can be impulsive and entertaining, at others, purpose-driven, a chore. The same goes for beauty — and there's a whole lot to unpack in the way we discover, ...Continue reading  ","2021-10-29 12:00:00","Fashion","https://fashionista.com/2021/10/netflix-you-shalita-grant-beauty-routine-shopping","c7c36a0b2f7ac196c028c4304021585bde553381cda5e91cb09abb642e0313e6","a3e9bdaef0e1699ae808cab2178f7707"
"Meghan Markle Wore a Thing: Anine Bing Shirt Edition","Fashionista","Ever since announcing her engagement to Prince Harry, the world's eyes have been fixed on Meghan Markle — and her style. We'll be following the Meghan Markle Effect™ with our column, Meghan Markle Wore a Thing. Meghan Markle made classic button-down shirts her go-to top for virtual appearances ...Continue reading  ","2021-10-28 16:09:50","Fashion","https://fashionista.com/2021/10/meghan-markle-wore-anine-bing-shirt-brightly-storytime","c7c36a0b2f7ac196c028c4304021585bde553381cda5e91cb09abb642e0313e6","7d42399c179595a59d3cf69152e7ad11"
"Must Read: Tracee Ellis Ross Covers 'Harper's Bazaar,' Unpacking Rent the Runway's IPO","Fashionista","These are the stories making headlines in fashion on Thursday. Tracee Ellis Ross covers Harper's BazaarTracee Ellis Ross is Harper's Bazaar's latest cover star. She fronts the magazine's November 2021 home issue, photographed by Renell Medrano, styled by Editor-in-Chief Samira Nasr and ...Continue reading  ","2021-10-28 16:00:10","Fashion","https://fashionista.com/2021/10/tracee-ellis-ross-harpers-bazaar-november-2021","c7c36a0b2f7ac196c028c4304021585bde553381cda5e91cb09abb642e0313e6","c8b65ebe76c88b3804679534ebd704cc"
"Great Outfits in Fashion History: Lizzo in Neon Green Christopher John Rogers","Fashionista","There are perfectly good celebrity style moments, and then there are the looks that really stick with you, the ones you try desperately to recreate at home. In 'Great Outfits in Fashion History,' Fashionista editors are revisiting their all-time favorite lewks. As real-life embodiments of joy, ...Continue reading  ","2021-10-28 15:00:00","Fashion","https://fashionista.com/2021/10/lizzo-christopher-john-rogers-glaad","c7c36a0b2f7ac196c028c4304021585bde553381cda5e91cb09abb642e0313e6","9d077dc47a4142b815b079819b6b4f10"
"Start Living in Fall 2023 With These Color Trends","Fashionista","After these past couple of years, the idea of trying to predict what things will be like a couple years from now almost feels futile. Still, it wouldn't be so outlandish to at least hope that in 2023, a global pandemic won't be occupying quite as much of our time and headspace, and we'll be free to ...Continue reading  ","2021-10-28 14:00:00","Fashion","https://fashionista.com/2021/10/fall-2023-color-trends","c7c36a0b2f7ac196c028c4304021585bde553381cda5e91cb09abb642e0313e6","bd08c7a4d7ee14618e4ec795aac890a6"
"The 23 Best Things Fashionista Editors Bought in October","Fashionista","This month, we made practical purchases that are destined to become our go-to basics as we settle into cooler temperatures. From oversized hoodies to comfy button-downs, we gravitated towards humble, homebody-approved fall staples. Our more thrilling buys included a bright red cardigan dress and a ...Continue reading  ","2021-10-28 13:00:00","Fashion","https://fashionista.com/2021/10/fashionista-editors-best-purchases-october-2021","c7c36a0b2f7ac196c028c4304021585bde553381cda5e91cb09abb642e0313e6","334389475680e0194415ac1a3003bf5c"
"The Emerging New York Label Showcasing the Possibilities of Jamaican Crochet","Fashionista","The seed for what would become Diotima, an emerging New York City-based brand rooted in Jamaican craftsmanship founded in the spring of 2021, was planted in Rachel Scott's brain two decades earlier.  Scott left the island nation, where she was born and raised, in the early ...Continue reading  ","2021-10-28 12:00:00","Fashion","https://fashionista.com/2021/10/diotima-rachel-scott-interview","c7c36a0b2f7ac196c028c4304021585bde553381cda5e91cb09abb642e0313e6","53a9e1ff5fafa1446e8d1121c74a54e6"
"Print & Contact is seeking an intern to start immediately in New York, NY","Fashionista","Print & Contact is an interdisciplinary artist management and creative agency based in New York that brings together the worlds of art and commerce to create comprehensive brand campaigns that enraptures the imagination. Our roster is filled with impressive artists, including the likes of ...Continue reading  ","2021-10-28 12:00:00","Fashion","https://fashionista.com/2021/10/print-contact-is-seeking-an-intern-to-start-immediately-in-new-york-ny","c7c36a0b2f7ac196c028c4304021585bde553381cda5e91cb09abb642e0313e6","df6df80c23743a39af58ae6a97d5a5d8"
"Retrofete Is Hiring A Freelance Copywriter","Fashionista","About:Founded in 2018 by Ohad Seroya and Aviad Klin, Retrofête is a womenswear collection marked by its bold character, intricate detail, and sparkling embellishments. The New York-based label, which takes its name from a melding of synonyms for ‘vintage’ and ‘party’, channels disco-era after-hours ...Continue reading  ","2021-10-27 18:48:43","Fashion","https://fashionista.com/2021/10/retrofete-is-hiring-a-freelance-copywriter","c7c36a0b2f7ac196c028c4304021585bde553381cda5e91cb09abb642e0313e6","104dc832029496b2d3db03dc2a704f6d"
"Michele Marie PR Is Hiring A VIP Account Executive In Los Angeles","Fashionista","A full-service bi-coastal public relations agency, Michele Marie PR offers an innovative approach to editorial, celebrity/influencer and event PR across fashion, beauty, wellness, and lifestyle categories. Female Founded and entering our 14th year in business averaging double digit growth each ...Continue reading  ","2021-10-27 18:45:16","Fashion","https://fashionista.com/2021/10/michele-marie-pr-is-hiring-a-vip-account-executive-in-los-angeles","c7c36a0b2f7ac196c028c4304021585bde553381cda5e91cb09abb642e0313e6","2cecbbd832512603257372be1b0f7e12"
"This Is the Best Way to Warm Up to Wild Prints","Fashionista","Trippy prints ruled summer, covering everything from swimwear to all sorts of abbreviated going-out garments. If you're still not over them or the joyful mood these colorful patterns conjure up, we've got good news: The trend is trickling into fall — only, the autumnal riffs on these bright ...Continue reading  ","2021-11-02 12:00:00","Fashion","https://fashionista.com/2021/11/shop-colorful-animal-print-sweaters-knits","c7c36a0b2f7ac196c028c4304021585bde553381cda5e91cb09abb642e0313e6","502df1423c79fd210901b6db234f88c0"
"18 Fancy Beauty Gifts Because Honestly, We All Deserve Nice Shit","Fashionista","We know it's hard to find the right gifts for your loved ones, so we've compiled a ton of fashion and beauty-focused gift guides tailored to a range of interests and budgets. Check out our latest below and find more right here. What do you get the person who has seemingly everything? The loved one ...Continue reading  ","2021-11-02 13:00:00","Fashion","https://fashionista.com/2021/11/luxury-splurge-expensive-beauty-holiday-gift-guide-2021","c7c36a0b2f7ac196c028c4304021585bde553381cda5e91cb09abb642e0313e6","c2f78beb3d84c2140c15c27e561b8eda"
"Great Outfits in Fashion History: Selita Ebanks in a Frothy, Frilly Confection","Fashionista","There are perfectly good celebrity style moments, and then there are the looks that really stick with you, the ones you try desperately to recreate at home. In 'Great Outfits in Fashion History,' Fashionista editors are revisiting their all-time favorite lewks. As we enter the holiday season, there ...Continue reading  ","2021-11-02 14:00:00","Fashion","https://fashionista.com/2021/11/selita-ebanks-christian-siriano-2012-steve-marjorie-harvey-foundation-gala","c7c36a0b2f7ac196c028c4304021585bde553381cda5e91cb09abb642e0313e6","a9938ac1cc7b537707457ece0a63c790"
"Nam Cho Fine Jewelry: Administrative Assistant/Office Coordinator Position, Located in New York City","Fashionista","Nam Cho Fine Jewelry is looking for a responsible Administrative Assistant to perform a variety of administrative tasks.  We are a small company but fast growing, with family like environment. Duties include providing support to our team by assisting in daily office and general administrative ...Continue reading  ","2021-11-02 14:56:51","Fashion","https://fashionista.com/2021/11/nam-cho-fine-jewelry-administrative-assistant-office-coordinator-position-located-in-new-york-city","c7c36a0b2f7ac196c028c4304021585bde553381cda5e91cb09abb642e0313e6","2518e57223b9216201469cb1f334aa36"
"Must Read: Glamour Announces 2021 Women of the Year, Jodie Turner-Smith and Joshua  Jackson Star in J.Crew's Holiday Campaign","Fashionista","These are the stories making headlines in fashion on Tuesday. Glamour's 2021 Women of the Year include Megan Thee Stallion, Amanda Gorman and moreGlamour (full disclosure: my former employer) announced its 2021 Women of the Year honorees: Megan Thee Stallion, Amanda Gorman, Mariska ...Continue reading  ","2021-11-02 16:00:00","Fashion","https://fashionista.com/2021/11/glamour-2021-women-of-the-year","c7c36a0b2f7ac196c028c4304021585bde553381cda5e91cb09abb642e0313e6","d944a219d5e9c1c87f1086be8ca5b453"
"Lizzie Fortunato Is Seeking An E-Commerce & Brand Intern In New York, NY (Paid internship)","Fashionista","Helmed by twin sisters Lizzie and Kathryn Fortunato, Lizzie Fortunato Jewels creates luxurious, one-of-a-kind statement accessories influenced by art, travel, and artisanal craftwork. Each collection is produced locally, with intention, in New York City. We are hiring a NYC-based E-Commerce & ...Continue reading  ","2021-11-02 18:41:09","Fashion","https://fashionista.com/2021/11/lizzie-fortunato-is-seeking-an-e-commerce-brand-intern-in-new-york-ny-paid-internship","c7c36a0b2f7ac196c028c4304021585bde553381cda5e91cb09abb642e0313e6","150a67eef1654c9861154261f0fa027e"
"Factory PR Is Seeking Winter / Spring '22 PR Interns In New York, NY","Fashionista","We work with companies to create moments that will spark the brand transformation to cult status. Our strategies combine traditional and digital activities, including public relations, brand development, social media, content creation, and influencer and celebrity integration. From an industry ...Continue reading  ","2021-11-02 19:53:05","Fashion","https://fashionista.com/2021/11/factory-pr-is-seeking-winter-spring-22-pr-interns-in-new-york-ny","c7c36a0b2f7ac196c028c4304021585bde553381cda5e91cb09abb642e0313e6","e32c854c17194043305e20857e8f7918"
"Watch the Gucci Love Parade Runway Show Live","Fashionista","Tune in above to watch a live stream of the Gucci Love Parade runway show in Los Angeles, Tuesday at 11 p.m. EST. Homepage photo: Courtesy of Gucci Stay current on the latest trends, news and people shaping the fashion industry. Sign up for our daily newsletter.Continue reading  ","2021-11-03 01:00:00","Fashion","https://fashionista.com/2021/11/gucci-love-parade-live-stream","c7c36a0b2f7ac196c028c4304021585bde553381cda5e91cb09abb642e0313e6","286f85e13c6de47f58306fa05bb99c24"
"BPCM Is Hiring An Account Executive, Fashion In New York, NY","Fashionista","BPCM is looking for a talented individual to join our Fashion Department as an Account Executive. The ideal candidate should have experience in men’s and women’s fashion & accessories. Luxury client experience is a plus. We are looking for energetic, positive candidates with strong media ...Continue reading  ","2021-11-03 12:00:00","Fashion","https://fashionista.com/2021/11/bpcm-is-hiring-an-account-executive-fashion-in-new-york-ny","c7c36a0b2f7ac196c028c4304021585bde553381cda5e91cb09abb642e0313e6","eda68081eb8becff264fedd487260e9f"
"Contemporary Fashion Helps Create a Classic but Modern Western in 'The Harder They Fall'","Fashionista","How do I look? asks kingpin outlaw Rufus Buck (Idris Elba), in the midst of donning what is presumably his first three-piece suit in years. His gunslinging lieutenants, true-to-her-name Treacherous Trudy Smith (Regina King) and rakish Cherokee Bill (Lakeith Stanfield), just broke Rufus out of ...Continue reading  ","2021-11-03 12:00:00","Fashion","https://fashionista.com/2021/11/netflix-the-harder-they-fall-costumes-outfits","c7c36a0b2f7ac196c028c4304021585bde553381cda5e91cb09abb642e0313e6","737635234948cb86d1d87705df311edc"
"Do Yourself a Favor and Invest in a Good Pair of Black Ankle Boots","Fashionista","You can't go wrong with a pair of classic black ankle boots. They go with everything in your wardrobe, from jeans to frilly dresses. Even if you pick up a style with current details, be they kitten heels or embellished zippers or patent sheen, the slick look of the material transcends trends. ...Continue reading  ","2021-11-03 13:00:00","Fashion","https://fashionista.com/2021/11/shop-black-ankle-boots","c7c36a0b2f7ac196c028c4304021585bde553381cda5e91cb09abb642e0313e6","01d332ee97287f8206a498cca26d081a"
"Great Outfits in Fashion History: Diana Ross Wearing Bob Mackie to the CFDA Awards","Fashionista","There are perfectly good celebrity style moments, and then there are the looks that really stick with you, the ones you try desperately to recreate at home. In 'Great Outfits in Fashion History,' Fashionista editors are revisiting their all-time favorite lewks. The CFDA Awards are coming back IRL ...Continue reading  ","2021-11-03 14:00:00","Fashion","https://fashionista.com/2021/11/diana-ross-bob-mackie-cfda-awards-2001","c7c36a0b2f7ac196c028c4304021585bde553381cda5e91cb09abb642e0313e6","1eba03f3e7e23178eb8c4ca8a55bd2ee"
"Alessandro Michele's Gucci Is Right at Home in Hollywood","Fashionista","Meet me on Hollywood Boulevard, read a cocktail napkin signed by Lallo (apparently Alessandro Michele and I are on a nickname basis)  and delivered to me dressed up as crime-scene evidence. With that mysterious invite, Gucci set the scene for a cinematic Spring 2022 show. I live just north ...Continue reading  ","2021-11-03 16:09:48","Fashion","https://fashionista.com/2021/11/gucci-spring-2022-collection","c7c36a0b2f7ac196c028c4304021585bde553381cda5e91cb09abb642e0313e6","363e07d0ae7ca744d4502efb824aa279"
"Must Read: 'Sex and the City' and Airbnb Recreate Carrie Bradshaw's Apartment, Alessandro Michele Shares His Love of L.A.","Fashionista","These are the stories making headlines in fashion on Wednesday. Sex and the City teams up with Airbnb to recreate Carrie Bradshaw's apartment In celebration of the HBO Max Original And Just Like That..., Airbnb is offering fans of Sex and the City a chance to book a stay in a New ...Continue reading  ","2021-11-03 15:59:21","Fashion","https://fashionista.com/2021/11/airbnb-stay-at-carrie-bradshaw-apartment-sex-and-the-city","c7c36a0b2f7ac196c028c4304021585bde553381cda5e91cb09abb642e0313e6","6d0b5bc280bfb8ed87ba0093824f2e72"
"Danielle Nicole Is Hiring A Creative Marketing Graphic Designer In New York, NY / Remote","Fashionista","Established fashion handbag company specialized in elevated fashion trend licensed handbags based in mid-town Manhattan seeks creative marketing graphic designer with whimsical, trendy, feminine style aesthetic. Must have knowledge around the following properties: DisneyHarry PotterMarvelPlease ...Continue reading  ","2021-11-03 19:14:44","Fashion","https://fashionista.com/2021/11/danielle-nicole-is-hiring-a-creative-marketing-graphic-designer-in-new-york-ny-remote","c7c36a0b2f7ac196c028c4304021585bde553381cda5e91cb09abb642e0313e6","13647555b77ce65230ce3089cba0b78b"
"Mega Mega Projects Is Seeking Winter '21 Sales Interns In New York, NY","Fashionista","Mega Mega Projects is a multi-label Designer Jewelry and Accessories Showroom based in downtown New York City providing PR, Sales, Digital Marketing, Social Media Services and Consulting to fashion brands. This position requires a minimum of 2 days in the NYC showroom per week, with opportunity for ...Continue reading  ","2021-11-03 20:10:01","Fashion","https://fashionista.com/2021/11/mega-mega-projects-is-seeking-winter-21-sales-interns-in-new-york-ny","c7c36a0b2f7ac196c028c4304021585bde553381cda5e91cb09abb642e0313e6","f6ea5b2185c01b94c69af81602231c3b"
"Mega Mega Projects Is Seeking Winter '21 PR Interns In New York, NY","Fashionista","Mega Mega Projects is a multi-label full-service brand development agency that specializes in jewelry. We combine public relations, sales, and digital strategy to grow brands in today’s digital world. Our PR team is looking for a motivated and detail-oriented intern to start immediately for the ...Continue reading  ","2021-11-03 20:07:07","Fashion","https://fashionista.com/2021/11/mega-mega-projects-is-seeking-winter-21-pr-interns-in-new-york-ny","c7c36a0b2f7ac196c028c4304021585bde553381cda5e91cb09abb642e0313e6","7a43dbf0ea2725e2a0c719826c5fc5c0"
"How I Shop: Rickey Thompson","Fashionista","We all buy clothes, but no two people shop the same. It can be a social experience, and a deeply personal one; at times, it can be impulsive and entertaining, at others, purpose-driven, a chore. Where do you shop? When do you shop? How do you decide what you need, how much to spend and what's ...Continue reading  ","2021-11-04 12:00:00","Fashion","https://fashionista.com/2021/11/rickey-thompson-fashion-style","c7c36a0b2f7ac196c028c4304021585bde553381cda5e91cb09abb642e0313e6","1b215f7b8713abb830cb763b292b5000"
"EDITE SHOWROOM IS HIRING A SHOWROOM ASSISTANT INTERN IN NYC (PAID INTERNSHIP)","Fashionista","EDITE showroom is a boutique fashion agency specializing in wholesale and representing an eclectic mix of cutting-edge luxury and contemporary designers with ready-to-wear and accessory collections. Responsibilities ·  Showroom maintenance daily·  Travel coordination for employees and arriving ...Continue reading  ","2021-11-04 12:00:00","Fashion","https://fashionista.com/2021/11/edite-showroom-is-hiring-a-showroom-assistant-intern-in-nyc-paid-internship","c7c36a0b2f7ac196c028c4304021585bde553381cda5e91cb09abb642e0313e6","352f600444ef1663ec73d87864d60b24"
"Great Outfits in Fashion History: Madonna in Tom Ford for Gucci at the 1995 VMAs","Fashionista","There are perfectly good celebrity style moments, and then there are the looks that really stick with you, the ones you try desperately to recreate at home. In 'Great Outfits in Fashion History,' Fashionista editors are revisiting their all-time favorite lewks. Tom Ford-era Gucci is so hot right ...Continue reading  ","2021-11-04 14:00:00","Fashion","https://fashionista.com/2021/11/madonna-1995-vmas-blue-tom-ford-gucci","c7c36a0b2f7ac196c028c4304021585bde553381cda5e91cb09abb642e0313e6","f9c369e86a148ed309a7fdcfe8879673"
"It's Time to Lean Into Leather Weather","Fashionista","As mentions of pumpkin, changing leaves and other autumnal cliches begin to fill our annoyingly shorter days, getting dressed is starting to feel more like a task. There are layers to pile on, cashmere accessories to coordinate, boots to break in. And for some — especially those that hibernated in ...Continue reading  ","2021-11-04 13:00:00","Fashion","https://fashionista.com/2021/11/shop-leather-coats-jackets-blazers-pants-skirts-tops","c7c36a0b2f7ac196c028c4304021585bde553381cda5e91cb09abb642e0313e6","25d0d27dfef660e843958875ffedb194"
"There Were...SO Many Celebrities at Gucci's Love Parade Fashion Show","Fashionista","It's true that, per capita, Los Angeles has to be stacked with the highest famous-to-non-famous person ratio. So it shouldn't come as any surprise that a fashion show taking place on the West Coast would have a front row packed with lots of familiar faces. But there's VIP, and then there's VVVIP, ...Continue reading  ","2021-11-04 15:58:05","Fashion","https://fashionista.com/2021/11/gucci-spring-2022-love-parade-celebrities-front-row","c7c36a0b2f7ac196c028c4304021585bde553381cda5e91cb09abb642e0313e6","b4f2c0a4d27c3440e39aa53d3f269c58"
"Must Read: Tom Ford's Honest New Interview, KNC Beauty Partners With Champion","Fashionista","These are the stories making headlines in fashion on Thursday. Tom Ford gets honest in an interview with GQAhead of the release of his second book, Tom Ford 002, the American luxury designer, director and chairman of the CFDA gets honest in an interview with GQ's Rachel Tashjian. Ford ...Continue reading  ","2021-11-04 16:30:00","Fashion","https://fashionista.com/2021/11/tom-ford-gq-interview-book","c7c36a0b2f7ac196c028c4304021585bde553381cda5e91cb09abb642e0313e6","503dbf269fce5f24683151f815e33942"
"CL COLLECTIVE IS HIRING PR INTERNS IN NEW YORK, NY","Fashionista","CL Collective is a content and communications agency based in NYC that works with jewelry and accessories brands. We are seeking motivated, reliable and enthusiastic PR interns in New York, to start immediately. This position is remote. Responsibilities:- Assist with building and updating master ...Continue reading  ","2021-11-05 12:15:00","Fashion","https://fashionista.com/2021/11/cl-collective-is-hiring-pr-interns-in-new-york-ny","c7c36a0b2f7ac196c028c4304021585bde553381cda5e91cb09abb642e0313e6","64851321d4ea461613f9e278e70e3f52"
"Scenario Communications Is Hiring An Account Director In Los Angeles, CA Or New York, NY","Fashionista","Scenario Communications is seeking an Account Director with solid business, fashion, and lifestyle media contacts aligning with lifestyle, entertainment, fashion/beauty, technology, consumer, and events. The position requires a minimum of six years experience at an agency or similar ...Continue reading  ","2021-11-05 12:00:00","Fashion","https://fashionista.com/2021/11/scenario-communications-is-hiring-an-account-director-in-los-angeles-ca-or-new-york-ny","c7c36a0b2f7ac196c028c4304021585bde553381cda5e91cb09abb642e0313e6","d894e31932980a270b7a65fd36383c98"
"In 'Spencer,' Fashion Helps Tell Princess Diana's Emotional Story","Fashionista","A fable from a true tragedy.  This brief explainer opens Spencer, director Pablo Larraìn's tale of Princess Diana (played by Kristen Stewart) and her decision to leave Prince Charles and the constraints of royal life over an imagined Christmas weekend. The sentiment can also ...Continue reading  ","2021-11-05 12:00:00","Fashion","https://fashionista.com/2021/11/spencer-movie-princess-diana-costumes-outfits","c7c36a0b2f7ac196c028c4304021585bde553381cda5e91cb09abb642e0313e6","84d1a0f393f0aa3b525b21e059435386"
"Hereu Is Making Minimalist Shoes and Bags Inspired by the Past but Made for the Future","Fashionista","We live in an era of peak Instagram brand: Our feeds have become filled with a never-ending supply of quirky, colorful, 2000s-inspired products intended to pop on social media, to the point that I'm actually more likely to stop scrolling when I see something that, well, wasn't necessarily designed ...Continue reading  ","2021-11-05 13:00:00","Fashion","https://fashionista.com/2021/11/hereu-brand-interview","c7c36a0b2f7ac196c028c4304021585bde553381cda5e91cb09abb642e0313e6","abc70b03956cc7831546172ff80e4690"
"13 Party-Ready Bags on Sale To Get You Ready for the Holiday Season","Fashionista","The best kind of goodie bags are the ones that take you to the party in style. With the holiday season and all of its glitter-dusted and sequin-filled fun just around the corner, we rounded up our favorite mini handbags on sale that will fit all your party essentials. From luxe leather top-handles ...Continue reading  ","2021-11-05 14:30:00","Fashion","https://fashionista.com/2021/11/online-sales-november-5-party-bags","c7c36a0b2f7ac196c028c4304021585bde553381cda5e91cb09abb642e0313e6","5b8d26f944a000066488eb4ff4a8cf36"
"Great Outfits in Fashion History, All Stars Edition: Alexa Chung","Fashionista","There are perfectly good celebrity style moments, and then there are the looks that really stick with you, the ones you try desperately to recreate at home. In 'Great Outfits in Fashion History: All-Star Edition' Fashionista editors are revisiting their all-time favorite lewks from the stylish ...Continue reading  ","2021-11-05 14:00:00","Fashion","https://fashionista.com/2021/11/alexa-chung-best-outfits","c7c36a0b2f7ac196c028c4304021585bde553381cda5e91cb09abb642e0313e6","ce5f433fd459220843284e9714f53966"
"What to Get the Person Whose Pet Is Their Entire Personality","Fashionista","We know it's hard to find the right gifts for your loved ones, so we've compiled a ton of fashion and beauty-focused gift guides tailored to a range of interests and budgets. Check out our latest below and find more right here. The category of design-led pet goods for childless millennials has ...Continue reading  ","2021-11-05 15:00:00","Fashion","https://fashionista.com/2021/11/pet-accessories-fashion-holiday-gifts-2021","c7c36a0b2f7ac196c028c4304021585bde553381cda5e91cb09abb642e0313e6","55f0cb8eaa4f8cc01678cd0851637cb2"
"Must Read: Chiara Ferragni Launches Makeup, What Gen-Z Investors Mean for Fashion","Fashionista","These are the stories making headlines in fashion on Friday. Chiara Ferragni launches makeupOn Thursday, Chiara Ferragni announced the launch of her first makeup collection under her namesake brand, which will be available in Italy, Spain and Portugal exclusively at the Douglas perfumery chain, as ...Continue reading  ","2021-11-05 16:00:00","Fashion","https://fashionista.com/2021/11/chiara-ferragni-makeup-launch","c7c36a0b2f7ac196c028c4304021585bde553381cda5e91cb09abb642e0313e6","1c76e6762a71d36743d759950b499176"
"What the Internet's Preppiest Influencers Are Selling","Fashionista","On October 3, Sarah Patrick went apple-picking. The weather, she said, was just starting to feel like fall in her quaint Rhode Island town, all crispy foliage and cable-knit wool. Joined by her husband Kiel and their toddler Harry, Patrick plucked baskets of Honeycrisps wearing a uniform entirely ...Continue reading  ","2021-11-08 13:00:00","Fashion","https://fashionista.com/2021/11/preppy-fashion-style-bloggers-influencers","c7c36a0b2f7ac196c028c4304021585bde553381cda5e91cb09abb642e0313e6","475b0f8cafaab2d8e527060ef704592e"
"Agentry PR Is Seeking Spring '22 Fashion PR Intern In New York, NY","Fashionista","Agentry PR is a full service marketing communications agency. We specialize within the fashion, lifestyle and entertainment sectors across all facets of marketing and public relations, from brand strategy and media outreach to events, sponsorships and VIP relations. Agentry currently houses and ...Continue reading  ","2021-11-08 13:00:00","Fashion","https://fashionista.com/2021/11/agentry-pr-is-seeking-spring-22-fashion-pr-intern-in-new-york-ny","c7c36a0b2f7ac196c028c4304021585bde553381cda5e91cb09abb642e0313e6","41428b94d4a101eb67aab58badad4e3d"
"Great Outfits in Fashion History: Mariah Carey Turning a Puffer Into a Glamorous Statement","Fashionista","There are perfectly good celebrity style moments, and then there are the looks that really stick with you, the ones you try desperately to recreate at home. In 'Great Outfits in Fashion History,' Fashionista editors are revisiting their all-time favorite lewks. I wouldn't say I relate to getting ...Continue reading  ","2021-11-08 15:00:00","Fashion","https://fashionista.com/2021/11/mariah-carey-puffer-jacket-2001","c7c36a0b2f7ac196c028c4304021585bde553381cda5e91cb09abb642e0313e6","28e9812ebdaad351c2e22a11c0c5c318"
"The Best Looks From the 2021 LACMA Art+Film Gala","Fashionista","L.A.'s most Gucci-fied red carpet (save for the step-and-repeat at the Love Parade) came back over the weekend, as celebrities, filmmakers, artists and other stylish folks gathered at the Los Angeles County Museum of Art — better known as LACMA —for the Art+Film Gala. Celebrating ...Continue reading  ","2021-11-08 14:57:23","Fashion","https://fashionista.com/2021/11/lacma-art-film-gala-2021-red-carpet-style","c7c36a0b2f7ac196c028c4304021585bde553381cda5e91cb09abb642e0313e6","32334a521da1c52ecb399850a93c5db9"
"See Every (Under-$25!) Product From Ariana Grande's Debut Makeup Collection for R.E.M. Beauty","Fashionista","If a tree falls in the forest and there's no one around to hear it, does it make a sound? If a new beauty brand launches and there's no celebrity to put their name on it, does it even really count? These are the enduring questions of our time. On Friday, Ariana Grande will join the legions of ...Continue reading  ","2021-11-08 14:30:00","Fashion","https://fashionista.com/2021/11/ariana-grande-rem-beauty-makeup-collection","c7c36a0b2f7ac196c028c4304021585bde553381cda5e91cb09abb642e0313e6","375977194a4210796b801508673901c1"
"The New Era Of Fashion","Fashionista","The global fashion industry has experienced a whirlwind of change since the COVID-19 pandemic, leading to a new era of fashion consumption and online activism. What are the new trends in fashion that have emerged and who are the tribes of consumers shaping this new era? In this exclusive insights ...Continue reading  ","2021-11-08 16:00:00","Fashion","https://fashionista.com/2021/11/linkfluence-new-era-of-fashion-report","c7c36a0b2f7ac196c028c4304021585bde553381cda5e91cb09abb642e0313e6","3e337869834adef4e32b7c731ba4f5c4"
"Mother - Sample Sale at 206 E 9th Str. DTLA 90015 - UP TO 75% OFF","Fashionista","Hey LA, Mother is back! Get ready to find your new favorite pair of jeans - shop an incredible selection at our Mother Denim sample sale! Tees, Tops, Knits, Outerwear, Accessories & more are also on sale at up to 75% off retail prices for Men & Women. Want to skip the line? Book an ...Continue reading  ","2021-11-08 23:14:06","Fashion","https://fashionista.com/2021/11/mother-sample-sale-at-206-e-9th-str-dtla-90015-up-to-75-off","c7c36a0b2f7ac196c028c4304021585bde553381cda5e91cb09abb642e0313e6","6160be342926b8e77e7c33f31c2eda06"
"BATTALION Is Seeking A Spring '22 Fashion PR Intern In New York, NY","Fashionista","With more than 50 years of combined experience, BATTALION brings together an unprecedented level of expertise in public and media relations; event production and management; social media strategy; celebrity/influencer engagement; and brand stewardship. We offer deep experience in fashion, jewelry, ...Continue reading  ","2021-11-08 17:24:45","Fashion","https://fashionista.com/2021/11/battalion-is-seeking-a-spring-22-fashion-pr-intern-in-new-york-ny","c7c36a0b2f7ac196c028c4304021585bde553381cda5e91cb09abb642e0313e6","dbf36a120cf46311cf28f7cddc0f8357"
"Must Read: Sarah Jessica Parker Covers 'Vogue,' A First Look at Supreme's Collaboration With Tiffany & Co.","Fashionista","These are the stories making headlines in fashion on Monday. Sarah Jessica Parker covers the December issue of VogueSarah Jessica Parker stars on the December cover of Vogue in a blush-colored Dolce & Gabbana tulle confection. The gown looks like an enlarged and enhanced homage to Carrie ...Continue reading  ","2021-11-08 17:00:00","Fashion","https://fashionista.com/2021/11/sarah-jessica-parker-vogue-december-2021","c7c36a0b2f7ac196c028c4304021585bde553381cda5e91cb09abb642e0313e6","1e00e8505851a141c2241d9e53887333"
"Roopa Pemmaraju's Namesake Label Is a Love Letter to Indian Artisans","Fashionista","Skilled artisans in India have long been quiet heroes in the fashion industry. We've seen their impressive embroideries and beadwork on the runway, on the red carpet and on the rack at luxury retailers — but the glimmer and sparkle can be deceiving: Though the quality of this handiwork is ...Continue reading  ","2021-11-09 13:00:00","Fashion","https://fashionista.com/2021/11/roopa-pemmaraju-interview","c7c36a0b2f7ac196c028c4304021585bde553381cda5e91cb09abb642e0313e6","772146cda646cb8304ceddabdfc876a0"
"32 Home Decor Gifts That Will Liven Up Any Space","Fashionista","We know it's hard to find the right gifts for your loved ones, so we've compiled a ton of fashion and beauty-focused gift guides tailored to a range of interests and budgets. Check out our latest below and find more right here. Making peace with the monotony of working from home has not been easy, ...Continue reading  ","2021-11-09 14:00:00","Fashion","https://fashionista.com/2021/11/home-decor-holiday-gift-guide-2021","c7c36a0b2f7ac196c028c4304021585bde553381cda5e91cb09abb642e0313e6","5cb70e07b35fb4dad2714b777f44694c"
"good light Is Seeking A Social Media / Content Creation Intern In New York, NY (Remote)","Fashionista","About good light good light is all about beauty beyond the binary. We are cruelty-free, clean, vegan, and manufactured in South Korea. We’re a company focused on pushing culture forward by promoting a more inclusive definition of beauty through product and purpose. We strive to reflect the ...Continue reading  ","2021-11-09 15:18:03","Fashion","https://fashionista.com/2021/11/good-light-is-seeking-a-social-media-content-creation-intern-in-new-york-ny-remote","c7c36a0b2f7ac196c028c4304021585bde553381cda5e91cb09abb642e0313e6","2231d742b5470b20a6947f639a1e65fd"
"Good Light Is Seeking A Social Media / Community Intern In New York, NY (Remote)","Fashionista","About good light good light is beauty beyond the binary. We are an early stage, venture-backed company focused on moving culture forward by promoting a more inclusive definition of beauty through product and purpose. We strive to reflect the diversity and fluidity of the world we live in today. ...Continue reading  ","2021-11-09 15:14:45","Fashion","https://fashionista.com/2021/11/good-light-is-seeking-a-social-media-community-intern-in-new-york-ny-remote","c7c36a0b2f7ac196c028c4304021585bde553381cda5e91cb09abb642e0313e6","0029e598e351a8848b9bb0ff1075c483"
"Very Good Light Is Seeking An Editorial Intern In New York, NY (Remote)","Fashionista","About Very Good LightVery Good Light is the leading beauty, grooming, and wellness destination for Generation Z and young Millennials. Born from the idea that confidence comes from the inside out, Very Good Light aims to champion beauty beyond the binary and uplift individuals in ALL communities. ...Continue reading  ","2021-11-09 15:08:45","Fashion","https://fashionista.com/2021/11/very-good-light-is-seeking-an-editorial-intern-in-new-york-ny-remote","c7c36a0b2f7ac196c028c4304021585bde553381cda5e91cb09abb642e0313e6","afde2b6835799b2dbfaa540dae633149"
"Great Outfits in Fashion History: Princess Diana's Famous 'Travolta Dress'","Fashionista","There are perfectly good celebrity style moments, and then there are the looks that really stick with you, the ones you try desperately to recreate at home. In 'Great Outfits in Fashion History,' Fashionista editors are revisiting their all-time favorite lewks. Over the weekend, photos from the set ...Continue reading  ","2021-11-09 15:00:00","Fashion","https://fashionista.com/2021/11/princess-diana-john-travolta-victor-edelstein-dress-white-house","c7c36a0b2f7ac196c028c4304021585bde553381cda5e91cb09abb642e0313e6","07c5d99dfee612e5939ce668a02da7e9"
"Must Read: Introducing the House of Slay, How Independent Brands Resist Counterfeits","Fashionista","These are the stories making headlines in fashion on Tuesday. Introducing the House of SlayPrabal Gurung, Philip Lim, Laura Kim, Ezra J. Williams and Tina Leung — also known online as the #Slaysians — spoke to Vogue's Nicole Phelps about coming together to launch the House of Slay (and the first ...Continue reading  ","2021-11-09 17:00:00","Fashion","https://fashionista.com/2021/11/house-of-slay-comic-book-launch","c7c36a0b2f7ac196c028c4304021585bde553381cda5e91cb09abb642e0313e6","217905c6803e1642c49000f069d02280"
"Lady Gaga's House of Gucci Red Carpet Tour Commences","Fashionista","We're only a few short weeks away from the House of Gucci release on Nov. 24, and while we patiently wait to feast our eyes on archival designer goods from the '80s, the film's leading Lady Gaga is giving us some sartorial appetizers to snack on.  Gaga arrived at the House of Gucci ...Continue reading  ","2021-11-09 19:32:54","Fashion","https://fashionista.com/2021/11/house-of-gucci-press-tour-lady-gaga","c7c36a0b2f7ac196c028c4304021585bde553381cda5e91cb09abb642e0313e6","6f936792f216d2aebfb3e191e5cde596"
"In Passing, Costume Designer Marci Rodgers Avoids Clichéd Flapper Fashion and Draws From Her Chicago Roots","Fashionista","Adapted from the 1929 Nella Larsen novella, Passing tells the story of Irene and Clare, two childhood friends who reconnect after years apart and become increasingly involved in one another's lives — and insecurities. Both are white-passing women of African descent, yet Irene (played by Tessa ...Continue reading  ","2021-11-10 13:00:00","Fashion","https://fashionista.com/2021/11/passing-rebecca-hall-ruth-negga-tessa-thompson-costumes","c7c36a0b2f7ac196c028c4304021585bde553381cda5e91cb09abb642e0313e6","44827939a3b0ded6b4638c99a618bcbf"
"The 32 Very Best Beauty Gift Sets to Give in 2021","Fashionista","We know it's hard to find the right gifts for your loved ones, so we've compiled a ton of fashion and beauty-focused gift guides tailored to a range of interests and budgets. Check out our latest below and find more right here. What's even better than gifting a loved one a beauty product that makes ...Continue reading  ","2021-11-10 14:00:00","Fashion","https://fashionista.com/2021/11/best-beauty-makeup-holiday-gift-sets-2021","c7c36a0b2f7ac196c028c4304021585bde553381cda5e91cb09abb642e0313e6","89f6906d73c5ef4c08d8ba80f7ed68ca"
"Great Outfits in Fashion History: Ashley Olsen in the Most Elegant Fall Look — by The Row, Obviously","Fashionista","There are perfectly good celebrity style moments, and then there are the looks that really stick with you, the ones you try desperately to recreate at home. In 'Great Outfits in Fashion History,' Fashionista editors are revisiting their all-time favorite lewks. When it comes to great outfits in ...Continue reading  ","2021-11-10 15:00:00","Fashion","https://fashionista.com/2021/11/ashley-olsen-the-row-2013-cfda-vogue-fashion-fund","c7c36a0b2f7ac196c028c4304021585bde553381cda5e91cb09abb642e0313e6","63122619d1585a1eebdf2a8fc9119cb1"
"All the Winners From the 2021 CFDA Awards","Fashionista","On Wednesday evening, the CFDA Awards resumed the in-person festivities, gathering industry insiders at the Pool + the Grill, inside the Seagram Building on Park Avenue in Manhattan to celebrate some of the biggest names in fashion.  Hosted by Emily Blunt, the 2021 ceremony was once again ...Continue reading  ","2021-11-11 02:59:58","Fashion","https://fashionista.com/2021/11/2021-cfda-fashion-awards-winners","c7c36a0b2f7ac196c028c4304021585bde553381cda5e91cb09abb642e0313e6","45332dc476f141d286238d75f5c66539"
"Purple Is Hiring An Account Manager, Fashion In New York and Los Angeles","Fashionista","Job Title:Account Manager- Fashion Reporting to:VP & EVP Fashion Place of Work:New York And Los Angeles Main Duties:  PURPLE is looking for an experienced Account Manager for its Fashion division to join the agency. The Account Manager will play an essential role in supporting the assigned ...Continue reading  ","2021-11-10 21:18:36","Fashion","https://fashionista.com/2021/11/purple-is-hiring-an-account-manager-fashion-in-new-york-and-los-angeles","c7c36a0b2f7ac196c028c4304021585bde553381cda5e91cb09abb642e0313e6","52cd9055ef69331103ffe69bbe4543f2"
"Whoa: Daniel Lee Is Leaving Bottega Veneta","Fashionista","Today, in news we didn't see coming: Daniel Lee, the designer behind Bottega Veneta's (much-talked-about, very profitable) reinvention, is leaving the brand.  Bottega Veneta and Lee announced that they had reached a joint decision to end their collaboration, which began in July 2018, in a ...Continue reading  ","2021-11-10 18:04:00","Fashion","https://fashionista.com/2021/11/daniel-lee-leaving-bottega-veneta","c7c36a0b2f7ac196c028c4304021585bde553381cda5e91cb09abb642e0313e6","902acb49b69a8a15a1f60a21f0d2f491"
"Must Read: Billy Porter Is Hosting the Fashion Awards, Pam Boy Goes to 'GQ' France","Fashionista","These are the stories making headlines in fashion on Wednesday. Billy Porter is hosting the Fashion AwardsThe British Fashion Council announced on Wednesday that Billy Porter will host the 2021 Fashion Awards presented by TikTok. The Fashion Awards, which support the future growth and success ...Continue reading  ","2021-11-10 17:00:00","Fashion","https://fashionista.com/2021/11/billy-porter-fashion-awards-2021","c7c36a0b2f7ac196c028c4304021585bde553381cda5e91cb09abb642e0313e6","f814f8d4b249a9227134b3a0bfa4aff7"
"An Oral History of How Beautyblender Reinvented the Makeup Sponge as We Know It","Fashionista","In this series, we will take a look at the historical evolution of how iconic beauty products came into existence and grew so popular that they became cultural touchstones in their own right. Look into any makeup bag, and you're almost guaranteed to find a candy-colored, egg-shaped makeup sponge. ...Continue reading  ","2021-11-11 13:00:00","Fashion","https://fashionista.com/2021/11/beautyblender-makeup-sponge-history-rea-ann-silva-interview","c7c36a0b2f7ac196c028c4304021585bde553381cda5e91cb09abb642e0313e6","8758edc5b9c1fb8612637ea79f65a46f"
"Loeffler Randall Is Hiring A Digital Marketing Manager In New York, NY","Fashionista","Objective: Partner with VP, Marketing and CEO on execution of business objectives for Loefflerrandall.com and related digital platforms. Work to achieve department goals through optimization of search marketing, email marketing, affiliate marketing, and CRM media. Assist as needed with daily ...Continue reading  ","2021-11-11 13:00:00","Fashion","https://fashionista.com/2021/11/loeffler-randall-is-hiring-a-digital-marketing-manager-in-new-york-ny","c7c36a0b2f7ac196c028c4304021585bde553381cda5e91cb09abb642e0313e6","f3ac0e116a28c7cf1c49d7da540abc9e"
"5 Thanksgiving Outfits That'll Get You in the Mood for Pumpkin Pie","Fashionista","After months of virtual gatherings, which for many meant sharing a turkey on a screen rather than at a table for Thanksgiving last year, we're more than ready to reunite with loved ones in person for the upcoming holiday. Since there are several ways to celebrate Thanksgiving — from eating to ...Continue reading  ","2021-11-11 14:00:00","Fashion","https://fashionista.com/2021/11/thanksgiving-outfits-ideas-2021","c7c36a0b2f7ac196c028c4304021585bde553381cda5e91cb09abb642e0313e6","43c10d2c17f0011106c369854bd4f309"
"The Best Looks From the 2021 CFDA Awards","Fashionista","Just hours after news of the latest creative director shake-up broke, the American fashion industry gathered in Manhattan, not necessarily to keep the rumor mill turning (though, there was certainly plenty to talk about): Wednesday night marked the IRL return of the CFDA Awards, with designers, ...Continue reading  ","2021-11-11 13:51:23","Fashion","https://fashionista.com/2021/11/2021-cfda-fashion-awards-red-carpet-best-dressed","c7c36a0b2f7ac196c028c4304021585bde553381cda5e91cb09abb642e0313e6","93f1283bd3ab4794216a7b2811dcc7a0"
"Meghan Markle Wore a Thing: Carolina Herrera Red Gown Edition","Fashionista","Ever since announcing her engagement to Prince Harry, the world's eyes have been fixed on Meghan Markle — and her style. We'll be following the Meghan Markle Effect™ with our column, Meghan Markle Wore a Thing. Following a series of appearances in New York City this week, the Duke and Duchess of ...Continue reading  ","2021-11-11 13:47:38","Fashion","https://fashionista.com/2021/11/meghan-markle-carolina-herrera-salute-to-freedom-gala-2021","c7c36a0b2f7ac196c028c4304021585bde553381cda5e91cb09abb642e0313e6","d2107a2592ccfd8f8e99293824559df2"
"SHO + CO IS SEEKING INTERNS FOR WINTER 2021 AND SPRING 2022 IN LOS ANGELES","Fashionista","SHO+CO is a fashion, lifestyle, and entertainment agency specializing in connecting consumer and luxury brands with Hollywood and the entertainment industry and influencers through a variety of specialized services. With offices in Los Angeles and in New York, we work with celebrity stylists for ...Continue reading  ","2021-11-11 15:18:37","Fashion","https://fashionista.com/2021/11/sho-co-is-seeking-interns-for-winter-2021-and-spring-2022-in-los-angeles","c7c36a0b2f7ac196c028c4304021585bde553381cda5e91cb09abb642e0313e6","37562dd402a168ef098d5f156f0be54a"
"Margaux Is Hiring A Part-Time Fit Specialist In Bleecker Street Flagship (NYC)","Fashionista","Position: Part-time Fit SpecialistLocation: Bleecker Street flagship Company Description Margaux was launched in 2015 with the mission of creating exquisitely crafted, classic products that meet the demands of modern life - and along the way, redefining the way that shoes are sized and sold. ...Continue reading  ","2021-11-11 15:17:04","Fashion","https://fashionista.com/2021/11/margaux-is-hiring-a-part-time-fit-specialist-in-bleecker-street-flagship-nyc","c7c36a0b2f7ac196c028c4304021585bde553381cda5e91cb09abb642e0313e6","56270eae04e26b5a820eac5a7c805ada"
"Great Outfits in Fashion History: Jodie Turner-Smith Looking Like a Pink Diamond in The Attico","Fashionista","There are perfectly good celebrity style moments, and then there are the looks that really stick with you, the ones you try desperately to recreate at home. In 'Great Outfits in Fashion History,' Fashionista editors are revisiting their all-time favorite lewks. Ever since 2019's Queen & Slim ...Continue reading  ","2021-11-11 15:00:00","Fashion","https://fashionista.com/2021/11/jodie-turner-smith-attico-dress-bet-awards-2019","c7c36a0b2f7ac196c028c4304021585bde553381cda5e91cb09abb642e0313e6","c166e5e8bcf0a2b671a1c12f7cea4197"
"V.MORA IS HIRING A FASHION PRODUCTION ASSISTANT IN NEW YORK, NY","Fashionista","V.Mora is hiring for their production team. You will be working with the Production Manager who works with a variety of different clients/collections from the start-up stages of design all the way through production! The position is located in the heart of New York in a beautiful 12,000 ft. studio. ...Continue reading  ","2021-11-11 18:19:12","Fashion","https://fashionista.com/2021/11/v-mora-is-hiring-a-fashion-production-assistant-in-new-york-ny","c7c36a0b2f7ac196c028c4304021585bde553381cda5e91cb09abb642e0313e6","5e4da6dda800e94976fb003edbc3f1c0"
"Must Read: Questions Arise Around the Daniel Lee/Bottega Veneta Split, The Row Is Launching Scents","Fashionista","Questions arise around Daniel Lee's departure from Bottega VenetaA new report in WWD by Luisa Zargani, Joelle Diderich, Miles Socha and Samantha Conti raises more questions about what might've led to the Daniel Lee/Bottega Veneta split. At a moment when the company is healthy and the brand ...Continue reading  ","2021-11-11 17:00:00","Fashion","https://fashionista.com/2021/11/daniel-lee-departure-from-bottega-veneta-reasons","c7c36a0b2f7ac196c028c4304021585bde553381cda5e91cb09abb642e0313e6","5a82411a3a252109b529af289eec95ec"
"What to Get Your Friend Who Just Had a Baby","Fashionista","We know it's hard to find the right gifts for your loved ones, so we've compiled a ton of fashion and beauty-focused gift guides tailored to a range of interests and budgets. Check out our latest below and find more right here. The pandemic baby boom is real; if you feel like you just woke up one ...Continue reading  ","2021-11-12 13:00:00","Fashion","https://fashionista.com/2021/11/new-moms-parents-baby-gifts-2021","c7c36a0b2f7ac196c028c4304021585bde553381cda5e91cb09abb642e0313e6","6fe549b810aa7ab8ac1e3deeba879987"
"What to Get the Most Anxious Person You Know","Fashionista","We know it's hard to find the right gifts for your loved ones, so we've compiled a ton of fashion and beauty-focused gift guides tailored to a range of interests and budgets. Check out our latest below and find more right here. Because it's 2021 (and somehow not still 2020, no matter how much it ...Continue reading  ","2021-11-12 14:00:00","Fashion","https://fashionista.com/2021/11/calming-thoughtful-gifts-for-anxiety-holiday-2021","c7c36a0b2f7ac196c028c4304021585bde553381cda5e91cb09abb642e0313e6","37fa06284d35f39ea5a9fc61db6b065e"
"11 Cozy Clogs on Sale That Will Warm Your Soles","Fashionista","If you've spent the last few weeks picking out gifts for your loved ones, here's your sign to focus your shopping efforts on yourself this weekend. We all deserve to treat ourselves, and purchasing a pair of cozy slip-ons that you can wear indoors and outdoors is really the winter gift that keeps ...Continue reading  ","2021-11-12 15:00:00","Fashion","https://fashionista.com/2021/11/online-sales-november-12-cozy-shearling-clogs","c7c36a0b2f7ac196c028c4304021585bde553381cda5e91cb09abb642e0313e6","3782a136f2c0b7b61f37df91841dfd41"
"Must Read: Gucci and Balenciaga's 'Hacker Project' Launches, Richemont May Be Striking a Deal With Farfetch","Fashionista","These are the stories making headlines in fashion on Friday. Gucci and Balenciaga's 'Hacker Project' launchesGucci Creative Director Alessandro Michele and Balenciaga Creative Director Demna Gvasalia have partnered on a capsule collection, dubbed the Hacker Project, which will make its retail ...Continue reading  ","2021-11-12 17:00:00","Fashion","https://fashionista.com/2021/11/gucci-balenciaga-hacker-project-launch","c7c36a0b2f7ac196c028c4304021585bde553381cda5e91cb09abb642e0313e6","2a933cdd3dc2a5be8530da98807a6478"
"Communité Is Hiring An Influencer Marketing Coordinator In New York, NY","Fashionista","Communité, a leading PR and influencer marketing agency specializing in fashion and beauty, is seeking an Influencer Marketing Coordinator, with 1-2 years of relevant industry experience. This person will work with best-in-class brands and talent to maximize the strength and reach of influencer ...Continue reading  ","2021-11-12 20:21:46","Fashion","https://fashionista.com/2021/11/communit%25C3%25A9-is-hiring-an-influencer-marketing-coordinator-in-new-york-ny","c7c36a0b2f7ac196c028c4304021585bde553381cda5e91cb09abb642e0313e6","a5ff2398ca404d8f9cb4babba1e7bf30"
"Communité Is Hiring An Influencer Marketing Manager In New York, NY","Fashionista","Communité, a leading PR and influencer marketing agency specializing in fashion and beauty, is seeking an Influencer Marketing Manager, with at least 5+ of relevant industry experience. This person will work with best-in-class brands and talent to maximize the strength and reach of influencer ...Continue reading  ","2021-11-12 20:21:13","Fashion","https://fashionista.com/2021/11/communit%25C3%25A9-is-hiring-an-influencer-marketing-manager-in-new-york-ny","c7c36a0b2f7ac196c028c4304021585bde553381cda5e91cb09abb642e0313e6","860e366caab57bde70f0db6775409e58"
"Must Read: Gucci's 'Hacker Project' Launches, Richemont May Be Striking a Deal With Farfetch","Fashionista","These are the stories making headlines in fashion on Friday. Gucci's 'Hacker Project' launchesGucci Creative Director Alessandro Michele has hacked some of Balenciaga Creative Director Demna Gvasalia's design codes as part of a Hacker Project, a capsule making its retail debut on Nov. 15. ...Continue reading  ","2021-11-12 17:00:00","Fashion","https://fashionista.com/2021/11/gucci-balenciaga-hacker-project-launch","c7c36a0b2f7ac196c028c4304021585bde553381cda5e91cb09abb642e0313e6","79c65b1e3a16620250f554d2081fb5df"
"41 Unique Gifts by Black-Owned Brands","Fashionista","We know it's hard to find the right gifts for your loved ones, so we've compiled a ton of fashion and beauty-focused gift guides tailored to a range of interests and budgets. Check out our latest below and find more right here. If you're going to be spending money on gifts this holiday season, why ...Continue reading  ","2021-11-15 14:00:00","Fashion","https://fashionista.com/2021/11/black-owned-fashion-accessories-holiday-gift-guide-2021","c7c36a0b2f7ac196c028c4304021585bde553381cda5e91cb09abb642e0313e6","19ce1755ae8038a224779141e1ed3327"
"Great Outfits in Fashion History: Carey Mulligan in a Froufrou Chanel Couture Dress","Fashionista","There are perfectly good celebrity style moments, and then there are the looks that really stick with you, the ones you try desperately to recreate at home. In 'Great Outfits in Fashion History,' Fashionista editors are revisiting their all-time favorite lewks. A holiday party dress is like a fully ...Continue reading  ","2021-11-15 15:00:00","Fashion","https://fashionista.com/2021/11/carey-mulligan-chanel-couture-2015","c7c36a0b2f7ac196c028c4304021585bde553381cda5e91cb09abb642e0313e6","5f493bcf0a564f9955baa42cab104387"
"Edite Is Hiring A Sales Assistant In New York, NY","Fashionista","Edite is looking for a sales assistant reporting to the Sales Account Executive. The ideal candidate will be a highly organized, growth-driven, and team player. This role will assist in the day-to-day operations of our sales team and include coverage on domestic business. Primary ...Continue reading  ","2021-11-15 16:26:17","Fashion","https://fashionista.com/2021/11/edite-is-hiring-a-sales-assistant-in-new-york-ny","c7c36a0b2f7ac196c028c4304021585bde553381cda5e91cb09abb642e0313e6","1293211faff1140ae7866a7ab660bc22"
"Harry Styles Just Launched the Only Celebrity Beauty Brand We're Actually Excited About","Fashionista","Harry Styles — in probably the only example of a celebrity brand we can still get truly excited about — is getting into the beauty business. On Monday, the pop icon announced Pleasing, a life brand and Styles's first business venture, which makes its product debut via a range of nail ...Continue reading  ","2021-11-15 18:04:50","Fashion","https://fashionista.com/2021/11/harry-styles-beauty-brand-pleasing-launch","c7c36a0b2f7ac196c028c4304021585bde553381cda5e91cb09abb642e0313e6","8d303fcae702b559203abf0d5c00443c"
"Matthieu Blazy Is Bottega Veneta's New Creative Director","Fashionista","Less than a week after news of Daniel Lee's exit from Bottega Veneta dropped (and the fashion industry was left speculating as to why and what comes next), the Italian fashion house has announced that Matthieu Blazy will be taking over, effective immediately. Though he's worked mostly behind the ...Continue reading  ","2021-11-15 17:20:45","Fashion","https://fashionista.com/2021/11/matthieu-blazy-bottega-veneta-creative-director","c7c36a0b2f7ac196c028c4304021585bde553381cda5e91cb09abb642e0313e6","631ff48c738d64c5b48c257111335e3c"
"Must Read: Lil Nas X Covers 'GQ,' Cover Girl Launches Skin Care","Fashionista","These are the stories making headlines in fashion on Monday. Lil Nas X covers GQ GQ's 26th annual Men of the Year issue stars Lil Nas X. The magazine released one of the three cover stories on Monday, with the second and third following later this week. For the first cover story, the musician ...Continue reading  ","2021-11-15 17:00:00","Fashion","https://fashionista.com/2021/11/lil-nas-x-gq-december-2021","c7c36a0b2f7ac196c028c4304021585bde553381cda5e91cb09abb642e0313e6","17c9d03ec912a4aae883a0a66c6c9a4f"
"MVPR is hiring a Celeb/VIP Account Manager In New York, NY","Fashionista","New York City based boutique PR agency, MVPR, is looking for an experienced candidate to join its VIP division. The ideal candidate will possess a comprehensive network of relationships with the world’s leading celebrities, fashion stylists, publicist contacts, industry agents and influencers and ...Continue reading  ","2021-11-15 22:42:17","Fashion","https://fashionista.com/2021/11/mvpr-is-hiring-a-celeb-vip-account-manager-in-new-york-ny","c7c36a0b2f7ac196c028c4304021585bde553381cda5e91cb09abb642e0313e6","ba46871c226b1e4b9e0c022adc74c4f4"
"MVPR is hiring an Account Manager for their Editorial PR Division In New York, NY","Fashionista","New York City based PR agency, MVPR, is looking for an experienced candidate to join its Editorial PR division. The ideal candidate will possess a breadth of experience across women’s and men’s fashion, beauty, accessories and lifestyle clientele. The successful candidate must have a minimum of 3-4 ...Continue reading  ","2021-11-15 22:39:33","Fashion","https://fashionista.com/2021/11/mvpr-is-hiring-an-account-manager-for-their-editorial-pr-division-in-new-york-ny","c7c36a0b2f7ac196c028c4304021585bde553381cda5e91cb09abb642e0313e6","afa92bc6abb3ce2b28aa41a433ea87f9"
"SHO + CO IS SEEKING IN PERSON INTERNS FOR WINTER AND SPRING IN LOS ANGELES","Fashionista","SHO+CO is a fashion, lifestyle, and entertainment agency specializing in connecting consumer and luxury brands with Hollywood and the entertainment industry and influencers through a variety of specialized services. With offices in Los Angeles and in New York, we work with celebrity stylists for ...Continue reading  ","2021-11-11 15:18:37","Fashion","https://fashionista.com/2021/11/sho-co-is-seeking-interns-for-winter-2021-and-spring-2022-in-los-angeles","c7c36a0b2f7ac196c028c4304021585bde553381cda5e91cb09abb642e0313e6","74d790da102fde279d63b077bbe6ec41"
"The Top Brands to Watch in 2022 Have Something in Common","Fashionista","After marinating in sweats and letting our jeans collect dust for most of 2020, our cravings for conversation-starting clothes reached an all-time high in 2021. By June, buyers and editors had adopted the term dopamine dressing to describe the increase in demand for colorful, sunny pieces. ...Continue reading  ","2021-11-16 13:00:00","Fashion","https://fashionista.com/2021/11/fashion-brands-to-watch-2022","c7c36a0b2f7ac196c028c4304021585bde553381cda5e91cb09abb642e0313e6","af26e5eef9256f9eafd324b6f668a2a8"
"Lindsey Thornburg Is Hiring A Production Assistant In New York, NY","Fashionista","Lindsey Thornburg is seeking a skilled, energetic candidate with relevant higher education to join our small team. Must be confident with technical design, sample cutting, pattern making, navigating the garment district and possess a strong knowledge of fabric, trims and garment construction. The ...Continue reading  ","2021-11-16 14:03:00","Fashion","https://fashionista.com/2021/11/lindsey-thornburg-is-hiring-a-production-assistant-in-new-york-ny","c7c36a0b2f7ac196c028c4304021585bde553381cda5e91cb09abb642e0313e6","77b02f958bb63dcd3fef2c382846e9ad"
"Fact: Everyone Looks Great in a Pearl Necklace","Fashionista","In case you've missed it: All of our crushes have been wearing pearl necklaces lately. Though it's not exactly a new trend, it's a welcome reminder that a) everyone looks great in a pearl necklace, and b) they can dress up any outfit, no matter the occasion. Today's pearl necklaces are still ...Continue reading  ","2021-11-16 14:00:00","Fashion","https://fashionista.com/2021/11/shop-pearl-necklaces","c7c36a0b2f7ac196c028c4304021585bde553381cda5e91cb09abb642e0313e6","dcc4e7170b5395865d32325551e972a2"
"The 22 Best Dressed Celebrities at the 2021 'InStyle' Awards","Fashionista","On Monday evening, celebrities and fashion folk gathered at the Getty Center in Los Angeles for the sixth annual 2021 InStyle Awards, honoring Hollywood's trendsetters, tastemakers and stylish movers-and-shakers. This year's event drew an impressive crowd that included many industry favorites ...Continue reading  ","2021-11-16 15:07:46","Fashion","https://fashionista.com/2021/11/instyle-awards-2021-best-dressed-red-carpet","c7c36a0b2f7ac196c028c4304021585bde553381cda5e91cb09abb642e0313e6","5e71696881d06ab687c78d700b5a4d23"
"Great Outfits in Fashion History: Rinko Kikuchi in Elegant Chanel Pompoms","Fashionista","There are perfectly good celebrity style moments, and then there are the looks that really stick with you, the ones you try desperately to recreate at home. In 'Great Outfits in Fashion History,' Fashionista editors are revisiting their all-time favorite lewks. Listen, there's no question that a ...Continue reading  ","2021-11-16 15:00:00","Fashion","https://fashionista.com/2021/11/rinko-kikuchi-chanel-2007-golden-globes","c7c36a0b2f7ac196c028c4304021585bde553381cda5e91cb09abb642e0313e6","f213182ebbd54bbeedbf66bb690605dd"
"Watch the Hanifa Runway Show Live","Fashionista","Tune in above to watch a live stream of the Hanifa Fall 2021 runway show in D.C., Tuesday at 8 p.m. EST. Homepage photo: Emma McIntyre/Getty Images for InStyle Stay current on the latest trends, news and people shaping the fashion industry. Sign up for our daily newsletter.Continue reading  ","2021-11-16 23:00:00","Fashion","https://fashionista.com/2021/11/hanifa-dream-runway-show-live-stream","c7c36a0b2f7ac196c028c4304021585bde553381cda5e91cb09abb642e0313e6","cc70a5d3eedd3ca1af6b34c59f06e164"
"Premium New York Apparel Brand Is Hiring A Fashion PR / Marketing Assistant (Remote)","Fashionista","Fashion PR / Marketing Assistant Premium New York apparel brand is seeking freelance Fashion PR / Marketing Assistant to help with promotions, media & press relations. Motivated contributor needed to relay creative ideas, styling and trend research. This is a remote position for a brand that ...Continue reading  ","2021-11-16 21:12:48","Fashion","https://fashionista.com/2021/11/premium-new-york-apparel-brand-is-hiring-a-fashion-pr-marketing-assistant-remote","c7c36a0b2f7ac196c028c4304021585bde553381cda5e91cb09abb642e0313e6","61d32ad9b906e0c3241f0fec8a8b54df"
"Small Girls PR is Hiring an Account Supervisor, Sustainable Fashion & Innovative Retail in New York","Fashionista","There is no one-size-fits-all for an SGPR client as we work across consumer tech, lifestyle, fashion, beauty, and social impact organizations. We've handled mergers for GE, launched brands that challenge the norm like Billie, created a closet calculator to see how recycled clothing impacts the ...Continue reading  ","2021-11-16 20:02:43","Fashion","https://fashionista.com/2021/11/small-girls-pr-is-hiring-an-account-supervisor-sustainable-fashion-innovative-retail-in-new-york","c7c36a0b2f7ac196c028c4304021585bde553381cda5e91cb09abb642e0313e6","7704967d7c011954d96e94a07cb38fec"
"Must Read: Gucci to Return to Fashion Week, Hailee Steinfeld Covers 'Cosmopolitan'","Fashionista","These are the stories making headlines in fashion on Tuesday. Gucci to return to Milan Fashion Week scheduleDespite Alessandro Michele's decree in May 2020 that Gucci would abandon the worn-out ritual of seasonalities and shows, WWD reports that the brand will be back on the official ...Continue reading  ","2021-11-16 17:34:25","Fashion","https://fashionista.com/2021/11/gucci-to-return-to-milan-fashion-week-schedule","c7c36a0b2f7ac196c028c4304021585bde553381cda5e91cb09abb642e0313e6","e2d505b5b6267049d8bfa800236f5b19"
"SEPR Is Hiring A Public Relations Assistant To Start ASAP In New York, NY","Fashionista","Savannah Engel Public Relations is looking for a full-time Public Relations Assistant starting ASAP. Candidates must be driven, detail-oriented, and punctual with excellent verbal and written communication skills. Ideally with a Fashion and Lifestyle background. The PR Assistant will work directly ...Continue reading  ","2021-11-16 16:40:09","Fashion","https://fashionista.com/2021/11/sepr-is-hiring-a-public-relations-assistant-to-start-asap-in-new-york-ny","c7c36a0b2f7ac196c028c4304021585bde553381cda5e91cb09abb642e0313e6","0ac4974b9152e0f0bdd81313d0d1e112"
"How Much Does Your Fashion Job Pay?","Fashionista","Now more than ever, people are reevaluating their professional lives. Amid news that a record number of Americans left their jobs this September, it's clear that the pandemic ignited a shift in the way people think about work — and some say it's put more power into the hands of employees, whether ...Continue reading  ","2021-11-17 13:00:00","Fashion","https://fashionista.com/2021/11/fashion-jobs-careers-salary-survey-2021","c7c36a0b2f7ac196c028c4304021585bde553381cda5e91cb09abb642e0313e6","3c40c4f34b24fd72532507f4631dba00"
"26 Extremely Good Beauty Gifts From Black-Owned Brands","Fashionista","We know it's hard to find the right gifts for your loved ones, so we've compiled a ton of fashion and beauty-focused gift guides tailored to a range of interests and budgets. Check out our latest below and find more right here. Still struggling with what to gift the beauty lover in your life this ...Continue reading  ","2021-11-17 14:00:00","Fashion","https://fashionista.com/2021/11/best-beauty-gifts-black-owned-brands-2021","c7c36a0b2f7ac196c028c4304021585bde553381cda5e91cb09abb642e0313e6","63c53449fe5c13d81c03ce1e1551082a"
"DLX Is Seeking Spring '22 PR Interns In New York, NY","Fashionista","DLX NYC is seeking PR Interns to start immediately. Looking for interns that are detail-oriented, multi-taskers, and have excellent verbal and written communication skills. Requirements:● Must live or be able to commute to NYC● Previous internship experience is a plus (but not ...Continue reading  ","2021-11-17 15:11:24","Fashion","https://fashionista.com/2021/11/dlx-is-seeking-spring-22-pr-interns-in-new-york-ny","c7c36a0b2f7ac196c028c4304021585bde553381cda5e91cb09abb642e0313e6","af016618a4f22f3fdd3a63cea0c23b84"
"Great Outfits in Fashion History: a Then-Newly-Engaged Priyanka Chopra Sparkling in Ralph Lauren","Fashionista","There are perfectly good celebrity style moments, and then there are the looks that really stick with you, the ones you try desperately to recreate at home. In 'Great Outfits in Fashion History,' Fashionista editors are revisiting their all-time favorite lewks. Ralph Lauren's role in Priyanka ...Continue reading  ","2021-11-17 15:00:00","Fashion","https://fashionista.com/2021/11/priyanka-chopra-ralph-lauren-50th-anniversary","c7c36a0b2f7ac196c028c4304021585bde553381cda5e91cb09abb642e0313e6","5795df4e3ca1ca1c8a113e05fcfab4c6"
"Must Read: Fashion's Role at COP26, the Fashion and Race Database Wants To Re-educate Fashion","Fashionista","These are the stories making headlines in fashion on Wednesday. Fashion's role at COP26There has been a lot of talk this year about financial bigwigs finally coming to the COP table, but this is the first year that fashion had a meaningful, extended presence, writes Vanessa Friedman in a New York ...Continue reading  ","2021-11-17 17:00:00","Fashion","https://fashionista.com/2021/11/fashion-industry-cop26","c7c36a0b2f7ac196c028c4304021585bde553381cda5e91cb09abb642e0313e6","b613079c265a8d7a7e02d56117bb541b"
"Meghan Markle Wore a Thing: Oscar de la Renta Blouse on 'Ellen'","Fashionista","Ever since announcing her engagement to Prince Harry, the world's eyes have been fixed on Meghan Markle — and her style. We'll be following the Meghan Markle Effect™ with our column, Meghan Markle Wore a Thing. Meghan Markle, the Duchess of Sussex, is set to appear on her first daytime talk ...Continue reading  ","2021-11-17 16:57:17","Fashion","https://fashionista.com/2021/11/meghan-markle-ellen-interview-oscar-de-la-renta-top","c7c36a0b2f7ac196c028c4304021585bde553381cda5e91cb09abb642e0313e6","e6f56077b499c8753a54e762b401f35e"
"Hanifa Staged Its Inaugural Fashion Show in D.C.","Fashionista","The fashion set ventured to Washington, D.C., Tuesday night for the Hanifa Fall 2021 show, grandiosely staged in the courtyard of the National Portrait Gallery. With soft pink carpet serving as the runway, lush greenery setting the scene and live musicians playing classical Rihanna renditions, it ...Continue reading  ","2021-11-17 18:57:32","Fashion","https://fashionista.com/2021/11/hanifa-fall-2021-collection-review","c7c36a0b2f7ac196c028c4304021585bde553381cda5e91cb09abb642e0313e6","d7bbfd49b6a7d8dec5f370c7d7a0f09c"
"Savannah Engel Is Seeking Fall '21 PR Interns In New York, NY","Fashionista","Savannah Engel Public Relations Team is seeking motivated, reliable, and enthusiastic PR interns to start immediately for the Fall semester. The candidates must be driven, detail-oriented, and punctual with excellent verbal and written communication skills. This position will start ASAP and will be ...Continue reading  ","2021-11-17 20:01:58","Fashion","https://fashionista.com/2021/11/savannah-engel-is-seeking-fall-21-pr-interns-in-new-york-ny","c7c36a0b2f7ac196c028c4304021585bde553381cda5e91cb09abb642e0313e6","d2793e0191b96515992d8f015074e870"
"Paul Wilmot Communications Is Hiring An Account Executive, Accessories In New York, NY","Fashionista","Paul Wilmot Communications is looking for an ambitious and enthusiastic Account Executive to join its expanding Fashion team, which works in both men’s and women’s fashion and luxury watch and accessories brands. This dynamic position will partner with some of the firm’s largest clients and work to ...Continue reading  ","2021-11-18 21:06:39","Fashion","https://fashionista.com/2021/11/paul-wilmot-communications-is-hiring-an-account-executive-accessories-in-new-york-ny","c7c36a0b2f7ac196c028c4304021585bde553381cda5e91cb09abb642e0313e6","fa9c178ca4afd40185fd7867f49edaa3"
"Must Read: Naomi Osaka Joins VS Collective, Jeanne Damas Talks Five Years of Rouje","Fashionista","These are the stories making headlines in fashion on Thursday. Naomi Osaka joins Victoria's Secret VS CollectiveNot long after revealing Hailey Bieber as a new member of the VS Collective, Victoria's Secret announced that Naomi Osaka would also join the group, which includes Megan ...Continue reading  ","2021-11-18 17:00:00","Fashion","https://fashionista.com/2021/11/naomi-osaka-victorias-secret-vs-collective","c7c36a0b2f7ac196c028c4304021585bde553381cda5e91cb09abb642e0313e6","8765db3f960e9fa3bec5af48c29db764"
"Great Outfits in Fashion History: Sadie Sink in a Tea-Length Miu Miu Dress","Fashionista","There are perfectly good celebrity style moments, and then there are the looks that really stick with you, the ones you try desperately to recreate at home. In 'Great Outfits in Fashion History,' Fashionista editors are revisiting their all-time favorite lewks. All Too Well: The Short Film star ...Continue reading  ","2021-11-18 15:00:00","Fashion","https://fashionista.com/2021/11/sadie-sink-2018-golden-globes-miu-miu-dress","c7c36a0b2f7ac196c028c4304021585bde553381cda5e91cb09abb642e0313e6","7dfb5c6f305f6516cae10464eaa74743"
"75+ Black Friday Beauty Sales Worth Shopping This Year","Fashionista","The holiday discounting spree officially starts next Friday, so to help you plan your sales attack we've spent the past few weeks sweeping the internet and our inboxes for all the best Black Friday beauty sales. From deals on mascara and lipsticks to discounts on hair oils and coveted ...Continue reading  ","2021-11-18 14:30:00","Fashion","https://fashionista.com/2021/11/black-friday-beauty-sales-deals-2021","c7c36a0b2f7ac196c028c4304021585bde553381cda5e91cb09abb642e0313e6","b2691a202fbb16b794685f5cfc69db9a"
"135+ Black Friday Apparel and Accessory Deals To Put On Your Radar","Fashionista","Thanksgiving is around the corner, folks! You know what that means... Is your wallet prepared?  Team Fashionista has spent the past few weeks sweeping the internet and our inboxes for all the best Black Friday sales happening this year. That means you can familiarize yourself with all the virtual ...Continue reading  ","2021-11-18 14:00:00","Fashion","https://fashionista.com/2021/11/black-friday-fashion-sales-deals-2021","c7c36a0b2f7ac196c028c4304021585bde553381cda5e91cb09abb642e0313e6","44135846ee70965ee0c9fa76c7cb25a5"
"Fashionista Beauty Helpline: How Do I Find a Hairstylist and Makeup Artist for My Wedding?","Fashionista","Beauty editors and writers are used to getting late-night (or early-morning or literally 24-hours-a-day) texts with zero context and burning questions. No, we don't mean of the U up? variety. These inquiries are about skin freak-outs, product recommendations and makeup mishaps... and we've seen ...Continue reading  ","2021-11-18 13:00:00","Fashion","https://fashionista.com/2021/11/how-to-find-a-good-wedding-makeup-artist-hair-stylist","c7c36a0b2f7ac196c028c4304021585bde553381cda5e91cb09abb642e0313e6","162ac7f4039f1ccd8364ae5337f73a37"
