"Australia’s ‘Super’ Pension Funds Can Power Global Democracy","Foreign Policy","Canberra should start flexing its financial muscle.","2021-11-01 21:46:37","Top News","https://foreignpolicy.com/2021/11/01/australia-superannuation-pension-funds-power-global-democracy-china/","d87c1681464979cceb368972c745ffc03aa774329da75fe33af3f5eacffb8b14","58e9361dc17c158edf414c0214c80caf"
"Boris Johnson’s Roman Fantasies","Foreign Policy","Blaming the fall of Rome on immigration is an old, wrong, and dangerous idea.","2021-11-01 19:53:17","Top News","https://foreignpolicy.com/2021/11/01/boris-johnson-fall-rome-immigration/","d87c1681464979cceb368972c745ffc03aa774329da75fe33af3f5eacffb8b14","e4de51d0e5ae64c884f4af53adfee255"
"A Green Deal at COP26 Can’t Be a Green Light for China","Foreign Policy","The idea that appeasing Beijing can save the planet is a fantasy.","2021-11-01 19:25:14","Top News","https://foreignpolicy.com/2021/11/01/china-climate-appeasement-democracy-cop26/","d87c1681464979cceb368972c745ffc03aa774329da75fe33af3f5eacffb8b14","e9d36e145ac9d4e70f0190bb5df4c244"
"U.S. Eyes Russian Military Movement Near Ukraine","Foreign Policy","Echos of the spring’s equipment movements are seen as tensions escalate between Moscow and Kyiv.","2021-11-01 19:11:43","Top News","https://foreignpolicy.com/2021/11/01/us-russia-military-movement-ukraine/","d87c1681464979cceb368972c745ffc03aa774329da75fe33af3f5eacffb8b14","21b5ac52d394a6c7520cec7b54faab30"
"As Afghanistan Nears Collapse, Taliban ‘Between a Rock and a Hard Place’","Foreign Policy","The country’s former intelligence chief said the Taliban are torn between placating their foot soldiers and meeting Afghans' and the international community’s expectations.","2021-11-01 19:00:54","Top News","https://foreignpolicy.com/2021/11/01/afghanistan-taliban-collapse-intelligence-security-resistance-poverty-rahmatullah-nabil/","d87c1681464979cceb368972c745ffc03aa774329da75fe33af3f5eacffb8b14","258e4ce1f36d3f78862f63248961e5d1"
"Hollywood Needs to Show Us Life Beyond Climate Disaster","Foreign Policy","We need a new model of civilization. Hollywood can help us envision it.","2021-11-01 18:03:34","Top News","https://foreignpolicy.com/2021/11/01/hollywood-climate-change-disaster-films-cop26/","d87c1681464979cceb368972c745ffc03aa774329da75fe33af3f5eacffb8b14","0b6a4f828fa682dbfcbf08da10e8c86d"
"Why China May Not Bail Out Evergrande","Foreign Policy","A complicated political calculus goes into which businesses Beijing cares about most.","2021-11-01 17:20:08","Top News","https://foreignpolicy.com/2021/11/01/china-evergrande-bail-out-real-estate/","d87c1681464979cceb368972c745ffc03aa774329da75fe33af3f5eacffb8b14","64078a9780472aa7184194158ae45bf8"
"Leaders Decide Between Action or Apathy as COP26 Begins","Foreign Policy","Failure in Glasgow, Scotland, would leave the Paris Agreement “crumpled,” British Prime Minister Boris Johnson warned.","2021-11-01 11:16:08","Top News","https://foreignpolicy.com/2021/11/01/cop26-glasgow-biden-johnson-steel/","d87c1681464979cceb368972c745ffc03aa774329da75fe33af3f5eacffb8b14","0e1006430b1144c065d3df5506e1047b"
"Xinjiang’s Oppression Has Shifted Gears","Foreign Policy","Militarization is being scaled down as internal surveillance and propaganda increase.","2021-11-01 10:00:14","Top News","https://foreignpolicy.com/2021/11/01/xinjiang-china-uyghur-camps/","d87c1681464979cceb368972c745ffc03aa774329da75fe33af3f5eacffb8b14","bd1038a56e9d31fb766abdb43ab65fa7"
"Nigeria’s Cinematic Witches Were Rooted in Horrifying Reality","Foreign Policy","Witch hunts against the poor and vulnerable remain a serious problem.","2021-10-31 11:00:47","Top News","https://foreignpolicy.com/2021/10/31/nigeria-witches-nollywood-horror-cinema-yoruba/","d87c1681464979cceb368972c745ffc03aa774329da75fe33af3f5eacffb8b14","7c894a9429fc48d9f6934a165292a60a"
"To Save Democracy, America Needs a Mandatory Public Service Program","Foreign Policy","An ambitious program for young Americans could help heal the country’s divides.","2021-10-31 10:00:31","Top News","https://foreignpolicy.com/2021/10/31/us-democracy-mandatory-public-service-program-political-divides/","d87c1681464979cceb368972c745ffc03aa774329da75fe33af3f5eacffb8b14","aa3735ac917b00f9b62e9b8210cec3b2"
"Tanzanians Are Very Proud of the Nobel Winner We Haven’t Read","Foreign Policy","In a country divided over identity and language, literature can be tricky.","2021-10-30 11:00:57","Top News","https://foreignpolicy.com/2021/10/30/abdulrazak-gurnah-nobel-literature-tanzania-zanzibar/","d87c1681464979cceb368972c745ffc03aa774329da75fe33af3f5eacffb8b14","6c3f555050345e575be634b53c028e43"
"An Iranian Feminist Vampire Defangs the Patriarchy","Foreign Policy","The subversive rebellion of “A Girl Walks Home Alone at Night.”","2021-10-30 10:00:45","Top News","https://foreignpolicy.com/2021/10/30/iran-culture-horror-film-a-girl-walks-home-alone-at-night/","d87c1681464979cceb368972c745ffc03aa774329da75fe33af3f5eacffb8b14","ee161871f666ef7977c540f70d5b1251"
"What in the World?","Foreign Policy","This week in FP’s international news quiz: summits galore, a princess in flight, and a real “Great Pumpkin.”","2021-10-29 21:03:30","Top News","https://foreignpolicy.com/2021/10/29/foreign-policy-news-quiz-g20-un-climate-summit/","d87c1681464979cceb368972c745ffc03aa774329da75fe33af3f5eacffb8b14","f37d582d8cc36137910b8f4e35c12ec6"
"Belarus Boots U.S. Diplomatic Staff, Mimicking Putin","Foreign Policy","Belarusian strongman Aleksandr Lukashenko seems to have learned that neutering U.S. diplomacy is cost-free.","2021-10-29 20:14:12","Top News","https://foreignpolicy.com/2021/10/29/belarus-us-embassy-diplomatic-staff-russia-putin/","d87c1681464979cceb368972c745ffc03aa774329da75fe33af3f5eacffb8b14","28559d6a101520de0c14c1ff43581042"
"Why the Abraham Accords Won’t Bring Israeli-Palestinian Peace","Foreign Policy","Regional cooperation didn’t lead to peace at the 1991 Madrid Conference—and it won’t today.","2021-10-29 20:08:58","Top News","https://foreignpolicy.com/2021/10/29/why-the-abraham-accords-wont-bring-israeli-palestinian-peace/","d87c1681464979cceb368972c745ffc03aa774329da75fe33af3f5eacffb8b14","c01bb4b3594d0e977dffd401f4c0f5d7"
"Afghan Crime Wave Adds to Taliban Dystopia","Foreign Policy","A rash of robbings, kidnappings, and even killings is aggravating Afghanistan’s dire situation.","2021-10-29 19:14:48","Top News","https://foreignpolicy.com/2021/10/29/afghanistan-crime-poverty-taliban-economic-collapse-humanitarian-crisis/","d87c1681464979cceb368972c745ffc03aa774329da75fe33af3f5eacffb8b14","d6e51972b341dc58a0a000bea0ce24e2"
"It’s Not Too Late to Defeat the Coup in Sudan","Foreign Policy","The United States and its allies need to do more than talk about democracy; they must act to defend it.","2021-10-29 19:14:23","Top News","https://foreignpolicy.com/2021/10/29/its-not-too-late-to-defeat-the-coup-in-sudan/","d87c1681464979cceb368972c745ffc03aa774329da75fe33af3f5eacffb8b14","f80373ea2e6ada9b36525e7980c05f04"
"USAID Slow to Make Diversity Promises Come True","Foreign Policy","Staff fear ambitious goals won’t trickle down to the rank and file","2021-10-29 18:49:02","Top News","https://foreignpolicy.com/2021/10/29/usaid-equity-diversity-inclusion-biden-administraion-aid/","d87c1681464979cceb368972c745ffc03aa774329da75fe33af3f5eacffb8b14","489b395aa0571aeb46cdcdd031de32ed"
"How Jordan Censors Journalists","Foreign Policy","The director of the only media outlet in the country to cover the Pandora Papers speaks out.","2021-10-29 18:37:11","Top News","https://foreignpolicy.com/2021/10/29/jordan-abdullah-pandora-papers-journalism-censorship-press-freedom/","d87c1681464979cceb368972c745ffc03aa774329da75fe33af3f5eacffb8b14","68f056ba8b75f0b1ad3fe831c2218d45"
"Iraqi Voters Want Weaker Militias and a Stronger State","Foreign Policy","Election results show citizens want a government that can stand on its own withoutbeing propped up by Iran, the United States, or shadowy militias.","2021-11-02 10:58:01","Top News","https://foreignpolicy.com/2021/11/02/iraqi-voters-want-weaker-militias-and-a-stronger-state/","d87c1681464979cceb368972c745ffc03aa774329da75fe33af3f5eacffb8b14","6731ca6bb3a43cacdf16e76ec9455a45"
"Biden Plans Belt and Road Competitor at COP26","Foreign Policy","The U.S. president gathers his G-7 counterparts in Glasgow to move the “Build Back Better World” initiative forward.","2021-11-02 10:38:56","Top News","https://foreignpolicy.com/2021/11/02/biden-plans-belt-and-road-competitor-at-cop26/","d87c1681464979cceb368972c745ffc03aa774329da75fe33af3f5eacffb8b14","d6585ab782f932c61e7c3d3a72bb29ed"
"Duterte’s Dalliance With China Is Over","Foreign Policy","The mercurial leader has realigned Manila with Washington as tensions rise in Asia.","2021-11-02 15:38:17","Top News","https://foreignpolicy.com/2021/11/02/duterte-china-philippines-united-states-defense-military-geopolitics/","d87c1681464979cceb368972c745ffc03aa774329da75fe33af3f5eacffb8b14","27aa86fbe4cbce30033e95f9b51def3e"
"Jihadi Networks Are More Resilient Than We Think","Foreign Policy","The world may be distracted by other threats, but jihadis aren’t going away anytime soon.","2021-11-02 16:42:16","Top News","https://foreignpolicy.com/2021/11/02/jihadi-terrorism-threat-us-europe/","d87c1681464979cceb368972c745ffc03aa774329da75fe33af3f5eacffb8b14","974511e84007fab37091485f13460e62"
"The Czech Republic’s Political Turnaround Isn’t a Liberal Victory","Foreign Policy","The democratic bloc ousted the populists, but it doesn’t signal a revolution.","2021-11-02 17:32:20","Top News","https://foreignpolicy.com/2021/11/02/czech-republic-election-liberal-democracy-babis-zeman/","d87c1681464979cceb368972c745ffc03aa774329da75fe33af3f5eacffb8b14","2f460b3409cc8004090cbb62d4322287"
"Why Mexico’s Drug Trade Is So Violent","Foreign Policy","A new book clears away the many cliches that have come to shroud the transnational business in illegal drugs.","2021-11-02 19:02:01","Top News","https://foreignpolicy.com/2021/11/02/why-mexicos-drug-trade-is-so-violent/","d87c1681464979cceb368972c745ffc03aa774329da75fe33af3f5eacffb8b14","04c9a57662933488e307072020b1f1bb"
"Essential Climate Reads for COP26","Foreign Policy","Some of FP’s best arguments on ways forward for the world.","2021-11-02 20:09:30","Top News","https://foreignpolicy.com/2021/11/02/cop26-climate-action-arguments-reparations-us-eu-coal-nuclear-summit/","d87c1681464979cceb368972c745ffc03aa774329da75fe33af3f5eacffb8b14","5e9d4119b8f04c6a30d4aa989a189f30"
"Colin Powell Showed Black Excellence Is Not Enough","Foreign Policy","As a young man, I admired him deeply. Today, I wrestle with my own desire for justice.","2021-11-03 13:31:30","Top News","https://foreignpolicy.com/2021/11/03/colin-powell-black-excellence-iraq/","d87c1681464979cceb368972c745ffc03aa774329da75fe33af3f5eacffb8b14","be7cdf56c57c48adc6e52be5a7527f7e"
"Ethiopia Faces TPLF Advance and U.S. Trade Threat","Foreign Policy","Prime Minister Abiy Ahmed has issued a call to arms as Tigrayan forces edge closer to the capital.","2021-11-03 13:20:04","Top News","https://foreignpolicy.com/2021/11/03/abiy-ethiopia-agoa-tigray-tplf/","d87c1681464979cceb368972c745ffc03aa774329da75fe33af3f5eacffb8b14","e39d4ee06140c07b7461cbaf945e9a4e"
"Washington’s Blank Check for the United Arab Emirates Must End","Foreign Policy","The UAE’s bad behavior harms U.S. interests in the Middle East and at home.","2021-11-03 15:48:56","Top News","https://foreignpolicy.com/2021/11/03/us-uae-relationship-arms-sales-human-rights-biden/","d87c1681464979cceb368972c745ffc03aa774329da75fe33af3f5eacffb8b14","70f59fda75790aa761c5ed44f101fa0d"
"U.S. and Russia Find Some Common Ground—in Space","Foreign Policy","A joint U.S.-Russian experiment to study long-term space travel is a rare bit of cooperation between the two rivals.","2021-11-03 16:35:02","Top News","https://foreignpolicy.com/2021/11/03/us-russia-space-cooperation-nasa-sirius/","d87c1681464979cceb368972c745ffc03aa774329da75fe33af3f5eacffb8b14","69bc73bbb5e8000cdfbd867ad572da84"
"Time to Act on Bosnia’s Existential Threat","Foreign Policy","The EU and the United States need to stop making concessions to Serbian secessionist forces backed by Russia.","2021-11-03 17:39:55","Top News","https://foreignpolicy.com/2021/11/03/bosnia-serbia-russia-secession-milorad-dodik-eu-us-nato/","d87c1681464979cceb368972c745ffc03aa774329da75fe33af3f5eacffb8b14","acba2a722b28da7293e4040d7ec28901"
"State Department: Thousands of U.S. Residents Still Stuck in Afghanistan","Foreign Policy","The department hasn’t made the numbers public, but angry lawmakers are running out of patience.","2021-11-03 19:37:03","Top News","https://foreignpolicy.com/2021/11/03/state-department-afghanistan-us-residents/","d87c1681464979cceb368972c745ffc03aa774329da75fe33af3f5eacffb8b14","e7adde740da8bd07f6f3d0b8fabeff22"
"Is the ‘Water’s Edge’ Vanishing in the Senate Foreign Relations Committee?","Foreign Policy","Dozens of U.S. ambassador posts abroad sit empty as partisan gridlock in Congress drags on.","2021-11-03 19:36:20","Top News","https://foreignpolicy.com/2021/11/03/biden-state-department-senate-nominees-cruz-hold-foreign-policy-partisanship/","d87c1681464979cceb368972c745ffc03aa774329da75fe33af3f5eacffb8b14","b4be379c866c08d3175dd0beff37fc9a"
"OPEC Set to Snub Biden’s Production Plea","Foreign Policy","Back in Washington after talking climate at COP26, Biden now needs the cartel to pump more oil to keep gas prices low.","2021-11-04 07:38:00","Top News","https://foreignpolicy.com/2021/11/04/opec-set-to-snub-bidens-production-plea/","d87c1681464979cceb368972c745ffc03aa774329da75fe33af3f5eacffb8b14","b21ead5d316bd10d5a5ce0cc32c19649"
"Rich Countries’ Climate Policies Are Colonialism in Green","Foreign Policy","At COP26, developed-world governments are working to keep the global south poor.","2021-11-03 21:56:19","Top News","https://foreignpolicy.com/2021/11/03/cop26-climate-colonialism-africa-norway-world-bank-oil-gas/","d87c1681464979cceb368972c745ffc03aa774329da75fe33af3f5eacffb8b14","53db6bb1c74b5ac17696bf1a6e3c5b66"
"Can China Maintain Its Zero-COVID Policy?","Foreign Policy","Despite extremely low case numbers, lockdowns are becoming increasingly disruptive.","2021-11-03 21:33:26","Top News","https://foreignpolicy.com/2021/11/03/china-zero-covid-restrictions-shanghai-disney/","d87c1681464979cceb368972c745ffc03aa774329da75fe33af3f5eacffb8b14","d9fdaeffa3e6c584d192f71f55da9401"
"The Pentagon Wants to Talk About China’s Nukes","Foreign Policy","China prepares to fight and win a war against the United States, the U.S. Defense Department said in its annual review.","2021-11-03 20:45:22","Top News","https://foreignpolicy.com/2021/11/03/pentagon-china-nuclear-capability-military-power-report/","d87c1681464979cceb368972c745ffc03aa774329da75fe33af3f5eacffb8b14","4a3539e1732a5fe9b6fe3b14087b153b"
"Biden’s Foreign Policy for the Middle Class Has a Blind Spot","Foreign Policy","Enriching middle-class Americans at the expense of their counterparts in the developing world will come back to haunt the United States.","2021-11-03 20:25:45","Top News","https://foreignpolicy.com/2021/11/03/biden-middle-class-foreign-policy-blind-spot/","d87c1681464979cceb368972c745ffc03aa774329da75fe33af3f5eacffb8b14","9ad56d6847defa92a2d95f68108d2b15"
"After COP26, Scottish Independence Can’t Be Fueled by Oil","Foreign Policy","The economic case against leaving the United Kingdom is stronger than ever.","2021-11-03 20:07:59","Top News","https://foreignpolicy.com/2021/11/03/scotland-independence-cop26-summit-brexit-united-kingdom/","d87c1681464979cceb368972c745ffc03aa774329da75fe33af3f5eacffb8b14","5bb6199e9ba095ffc01cd8f5567d5bdf"
"With Haqqanis at the Helm, the Taliban Will Grow Even More Extreme","Foreign Policy","The Haqqani network has long been the most lethal and vicious element of the Taliban.","2021-11-04 16:33:58","Top News","https://foreignpolicy.com/2021/11/04/haqqani-network-taliban-relationship-afghanistan-pakistan-terrorism/","d87c1681464979cceb368972c745ffc03aa774329da75fe33af3f5eacffb8b14","74029a6b99943c8175796b5a887d9451"
"Biden Needs a Plan B for Yemen If Houthis Win","Foreign Policy","An end to the war will generate a new set of problems.","2021-11-04 17:11:58","Top News","https://foreignpolicy.com/2021/11/04/yemen-biden-war-houthi-saudi-iran/","d87c1681464979cceb368972c745ffc03aa774329da75fe33af3f5eacffb8b14","bc35521873ad67085a3693746cff319c"
"China’s Generation of Only Children Wants the Same for Their Kids","Foreign Policy","The one-child policy left a permanent impression on family life and depresses fertility rates even today.","2021-11-04 19:29:17","Top News","https://foreignpolicy.com/2021/11/04/china-one-child-policy-fertility-rates/","d87c1681464979cceb368972c745ffc03aa774329da75fe33af3f5eacffb8b14","cd6378a91941feaba32fdb3433f31a25"
"Russia Goes Hypersonic","Foreign Policy","The Russian navy is getting hypersonic missiles in 2022 in a bid to outpace Washington in the next missile race.","2021-11-04 19:17:05","Top News","https://foreignpolicy.com/2021/11/04/russia-hypersonic-missiles-race-navy-us-security/","d87c1681464979cceb368972c745ffc03aa774329da75fe33af3f5eacffb8b14","c670d4b5f049866ac4f87d04cca28f9b"
"When Will the West Truly Decolonize Its Museums?","Foreign Policy","The recent repatriation of artifacts to Iraq sets a promising precedent—but it’s not nearly enough.","2021-11-04 20:46:44","Top News","https://foreignpolicy.com/2021/11/04/decolonize-museums-us-iraq-artifacts-repatriation-nigeria-benin-bronzes/","d87c1681464979cceb368972c745ffc03aa774329da75fe33af3f5eacffb8b14","339582895ddbc4a7fd11bd34ec039b94"
"The U.S. Is Still Beating China in Human Capital—For Now","Foreign Policy","Washington could lose its unique talent advantages unless it pushes reform.","2021-11-04 20:25:19","Top News","https://foreignpolicy.com/2021/11/04/china-human-capital-stem-graduates-competition/","d87c1681464979cceb368972c745ffc03aa774329da75fe33af3f5eacffb8b14","d2401d4e721fe06f49c5e067d57eb23a"
"The Small Pacifist Party That Could Shape Japan’s Future","Foreign Policy","The Komeito party will be a key player in the new government.","2021-11-04 21:33:49","Top News","https://foreignpolicy.com/2021/11/04/komeito-ldp-japan-elections-defense-policy-china/","d87c1681464979cceb368972c745ffc03aa774329da75fe33af3f5eacffb8b14","84f63ed0fe0c6274353d308fa4f46691"
"Can South Asia Get Serious About Climate Change?","Foreign Policy","India made big pledges at COP26, but regional cooperation remains a major challenge.","2021-11-04 21:30:44","Top News","https://foreignpolicy.com/2021/11/04/south-asia-cop26-climate-change-modi-pledge/","d87c1681464979cceb368972c745ffc03aa774329da75fe33af3f5eacffb8b14","5fed9fcf1c2b21183e8b9351d58c045f"
"South Korea Is No Country for Young People","Foreign Policy","“Squid Game” reflects a landscape of despair.","2021-11-05 11:00:44","Top News","https://foreignpolicy.com/2021/11/05/south-korea-suicide-rates-mental-illness-squid-game/","d87c1681464979cceb368972c745ffc03aa774329da75fe33af3f5eacffb8b14","00f6e05c8ec19ac01286ac26e36cc669"
"Can Ethiopia Avoid a Wider War?","Foreign Policy","As Tigrayan and Oromo forces approach Addis Ababa and Abiy Ahmed eyes Turkish drones, U.S. and Kenyan officials plead for calm.","2021-11-05 10:44:52","Top News","https://foreignpolicy.com/2021/11/05/can-ethiopia-avoid-a-wider-war/","d87c1681464979cceb368972c745ffc03aa774329da75fe33af3f5eacffb8b14","fe8bb2ca7fd69a0535ada9f4c527bef3"
"The Long Arm of Israeli Repression","Foreign Policy","Israel’s decision to designate human rights groups as terrorist organizations puts it in league with Russia and China.","2021-11-05 10:04:52","Top News","https://foreignpolicy.com/2021/11/05/the-long-arm-of-israeli-repression/","d87c1681464979cceb368972c745ffc03aa774329da75fe33af3f5eacffb8b14","5c0361bed646d1eb493cc9debc239529"
"Deforestation Déjà Vu at COP26","Foreign Policy","Past conservation efforts have floundered. Latin American nations will decide whether the new pact succeeds.","2021-11-05 12:00:38","Top News","https://foreignpolicy.com/2021/11/05/cop26-deforestation-pledge-amazon-brazil-colombia-argentina/","d87c1681464979cceb368972c745ffc03aa774329da75fe33af3f5eacffb8b14","5acb85da1e9b5c435155a7007af04cf0"
"The U.S. Navy Needs Its Own Bonds to Be Ready for China","Foreign Policy","A budget shortfall can be solved by a well-established financial route.","2021-11-05 15:58:51","Top News","https://foreignpolicy.com/2021/11/05/us-navy-bonds-budget-china/","d87c1681464979cceb368972c745ffc03aa774329da75fe33af3f5eacffb8b14","7ef52acfeb1f4af97d65d4d36ae5e2b8"
"China’s Energy Conundrum","Foreign Policy","Chinese President Xi Jinping has short-term goals and long-term ambitions.","2021-11-05 15:02:49","Top News","https://foreignpolicy.com/2021/11/05/china-coal-energy-climate-crisis-environment-electricity-cop26/","d87c1681464979cceb368972c745ffc03aa774329da75fe33af3f5eacffb8b14","2a75a855b00e8c75e6bb107653d5cac8"
"Why a Political Comeback for Israel’s Netanyahu Just Became a Lot Less Likely","Foreign Policy","Prime Minister Naftali Bennett passes a budget bill and signals stable leadership.","2021-11-05 16:02:55","Top News","https://foreignpolicy.com/2021/11/05/netanyahu-comeback-israel-bennett-budget/","d87c1681464979cceb368972c745ffc03aa774329da75fe33af3f5eacffb8b14","d1a4e1c5b96efde773c77f3e81dd4ca2"
"Central Asia Is Turning Back to Moscow","Foreign Policy","With the United States off the scene, Russia is more appealing than China.","2021-11-07 12:00:09","Top News","https://foreignpolicy.com/2021/11/07/central-asia-russia-china-development-security-belt-and-road/","d87c1681464979cceb368972c745ffc03aa774329da75fe33af3f5eacffb8b14","fe36721e931b555df275d1330d1d63c4"
"Can Mining the Seabed Help Save the Planet?","Foreign Policy","Few other issues better illustrate the messy trade-offs involved in climate policy.","2021-11-07 11:00:50","Top News","https://foreignpolicy.com/2021/11/07/seabed-mining-marine-life-climate-change-electric-cars-pacific-nauru/","d87c1681464979cceb368972c745ffc03aa774329da75fe33af3f5eacffb8b14","4cddffc518cab54ac0289b95e46e0ae4"
"When the Rubber Hits the Road","Foreign Policy","A new book on Firestone Liberia highlights the stark choices faced by countries where capital is in short supply.","2021-11-06 11:00:29","Top News","https://foreignpolicy.com/2021/11/06/liberia-firestone-rubber-capital-us-war-review-gregg-mitman/","d87c1681464979cceb368972c745ffc03aa774329da75fe33af3f5eacffb8b14","621d6dead3411d5dfbf3927cc7e4199e"
"As Colombia’s Peace Crumbles, Female Guerrillas Wonder What’s Left for Them","Foreign Policy","Many joined the FARC to escape traditional gender roles. Now they’re being forced back.","2021-11-06 10:00:36","Top News","https://foreignpolicy.com/2021/11/06/colombia-peace-deal-farc-female-women-guerrillas-reintegration/","d87c1681464979cceb368972c745ffc03aa774329da75fe33af3f5eacffb8b14","5e7a07f253dafd41f00cfec3f9e89f2e"
"How Do You Solve a Problem Like Misha?","Foreign Policy","Former President Mikheil Saakashvili’s hunger strike is a test case for Georgia’s trembling democracy.","2021-11-05 21:36:30","Top News","https://foreignpolicy.com/2021/11/05/georgia-mikheil-saakashvili-hunger-strike-prison-georgian-dream-unm/","d87c1681464979cceb368972c745ffc03aa774329da75fe33af3f5eacffb8b14","69ea9635b0d570e2cfda12d7488369a0"
"Palestinian Schools Have a Problem—and Are Running Out of Time","Foreign Policy","The U.N. agency for Palestinian refugees has failed to fulfill demands for reform—and may soon face the consequences.","2021-11-05 20:03:14","Top News","https://foreignpolicy.com/2021/11/05/unrwa-palestine-israel-refugees-united-states-funding-corruption-education/","d87c1681464979cceb368972c745ffc03aa774329da75fe33af3f5eacffb8b14","34fa698d72b1086662ce5f7da79f5be5"
"Washington’s Forgotten Golden Boy Is Trying for a Comeback in Georgia","Foreign Policy","Mikheil Saakashvili has forced himself back on the political stage—despite the danger.","2021-11-05 20:00:10","Top News","https://foreignpolicy.com/2021/11/05/mikheil-saakashvili-georgia-hunger-strike-washington-golden-boy/","d87c1681464979cceb368972c745ffc03aa774329da75fe33af3f5eacffb8b14","34262d316fb96f186d37b288b375838f"
"U.S. Policymakers Are Misreading Iran","Foreign Policy","Ebrahim Raisi needs a deal. Military threats from Washington would derail any remaining hopes of achieving one.","2021-11-05 19:51:41","Top News","https://foreignpolicy.com/2021/11/05/u-s-policymakers-are-misreading-iran/","d87c1681464979cceb368972c745ffc03aa774329da75fe33af3f5eacffb8b14","cb5d72d48825a1145bb401edc7889f40"
"Will COP26 Solve Anything?","Foreign Policy","Climate apocalypse still looms while world leaders haggle over haggis in Glasgow.","2021-11-05 19:31:52","Top News","https://foreignpolicy.com/2021/11/05/will-cop26-solve-anything/","d87c1681464979cceb368972c745ffc03aa774329da75fe33af3f5eacffb8b14","0e409667d7907a0a90e065f47168cc44"
"State Starts Ethiopia Task Force as It Urges U.S. Citizens to Leave","Foreign Policy","The Ethiopian government says there is no imminent threat to the capital despite claims from rebel forces.","2021-11-05 19:27:16","Top News","https://foreignpolicy.com/2021/11/05/state-department-ethiopia-conflict-tigray-embassy-us-citizens-urged-to-leave/","d87c1681464979cceb368972c745ffc03aa774329da75fe33af3f5eacffb8b14","a75474d86fd03bfa10a9091313c0edde"
"To Solve the Border Crisis, Look Beyond the Border","Foreign Policy","U.S. policy should focus on legal circular migration, targeted investments, and leveraging diaspora networks to make staying put a viable option for Central Americans.","2021-11-08 08:00:11","Top News","https://foreignpolicy.com/2021/11/08/border-crisis-guatemala-migration-honduras-central-latin-america/","d87c1681464979cceb368972c745ffc03aa774329da75fe33af3f5eacffb8b14","750e7172fed4d044c4613f07c040c89b"
"Iraq’s Kadhimi Survives Assassination Attempt","Foreign Policy","The attack comes as Iran-backed groups protest losses in recent parliamentary elections.","2021-11-08 11:10:34","Top News","https://foreignpolicy.com/2021/11/08/iraq-al-kadhimi-drone-attack-assassination/","d87c1681464979cceb368972c745ffc03aa774329da75fe33af3f5eacffb8b14","a34cc31f461fc3e2c1f059389297c4c1"
"EU Condemns Belarus for Aiding Migrant Surge","Foreign Policy","A crisis building for months has culminated in hundreds of migrants setting up camp on Belarus’s border with Poland, hoping for passage into the EU state.","2021-11-09 07:48:18","Top News","https://foreignpolicy.com/2021/11/09/belarus-poland-lukashenko-migrants/","d87c1681464979cceb368972c745ffc03aa774329da75fe33af3f5eacffb8b14","c3becdee33db27a95b28cba718586c54"
"Big Tech Won’t Remake the Global Order","Foreign Policy","If you had to bet on which will shape the future, the smart money would be on states over technology.","2021-11-08 21:23:30","Top News","https://foreignpolicy.com/2021/11/08/big-tech-wont-remake-the-global-order/","d87c1681464979cceb368972c745ffc03aa774329da75fe33af3f5eacffb8b14","0778938a4d529b63b3a7bd94a1b220e1"
"Europe Is Doubling Down on Taiwan","Foreign Policy","As China gets more aggressive in its region, the European Union is refusing to back down.","2021-11-08 21:11:41","Top News","https://foreignpolicy.com/2021/11/08/europe-is-doubling-down-on-taiwan/","d87c1681464979cceb368972c745ffc03aa774329da75fe33af3f5eacffb8b14","d71bc1d833831ed7d7f9779f3c0626d7"
"Why Does Spain’s Progressive Prime Minister Want to Ban Prostitution?","Foreign Policy","Pedro Sánchez hopes to bolster his feminist credentials—and take on the far right.","2021-11-08 21:00:21","Top News","https://foreignpolicy.com/2021/11/08/spain-prostitution-ban-pedro-sanchez-sex-work-feminism-human-rights-psoe-vox/","d87c1681464979cceb368972c745ffc03aa774329da75fe33af3f5eacffb8b14","748f6d1ad891e26339eb7ef96757ecd9"
"Poland’s Abortion Ban Protests Changed the Country Forever","Foreign Policy","Restrictions are still in place, but the Catholic consensus that dominated Polish politics is over.","2021-11-08 20:19:59","Top News","https://foreignpolicy.com/2021/11/08/poland-abortion-ban-women-strike-catholic-religion-progressive-politics/","d87c1681464979cceb368972c745ffc03aa774329da75fe33af3f5eacffb8b14","6346d377f13e43a81c86701fe7553bae"
"The U.S. Is Getting Taiwan Ready to Fight on the Beaches","Foreign Policy","Biden continues Trump’s “porcupine strategy” to harden the island’s defenses.","2021-11-08 18:54:47","Top News","https://foreignpolicy.com/2021/11/08/us-taiwan-military-presence-china-biden-porcupine/","d87c1681464979cceb368972c745ffc03aa774329da75fe33af3f5eacffb8b14","919e23e19d5d8a063eb891c6c386424e"
"In Ethiopia and Sudan, U.S. Policy Needs Less Talk and More Teeth","Foreign Policy","The Biden administration’s tough rhetoric is not enough to avoid a disastrous outcome in the Horn of Africa.","2021-11-09 08:09:23","Top News","https://foreignpolicy.com/2021/11/09/in-ethiopia-and-sudan-u-s-policy-needs-less-talk-and-more-teeth/","d87c1681464979cceb368972c745ffc03aa774329da75fe33af3f5eacffb8b14","f3b726f9a961b289b031560a3bd988f9"
"The Tragedy of Stopping Climate Change","Foreign Policy","The race is on to tell—or sell—the right story about global warming.","2021-11-09 11:52:53","Top News","https://foreignpolicy.com/2021/11/09/climate-change-narratives-sense-of-an-ending/","d87c1681464979cceb368972c745ffc03aa774329da75fe33af3f5eacffb8b14","d2265822305710c42b3905c0ebb3cbc3"
"Australia Shows the World What Decoupling From China Looks Like","Foreign Policy","The bottom line: Beijing’s attempt to bully Canberra has been a spectacular failure.","2021-11-09 11:22:51","Top News","https://foreignpolicy.com/2021/11/09/australia-china-decoupling-trade-sanctions-coronavirus-geopolitics/","d87c1681464979cceb368972c745ffc03aa774329da75fe33af3f5eacffb8b14","4ce4a8f574389c6972dfc304d6e2339d"
"Make Russia Take Responsibility for Its Cybercriminals","Foreign Policy","The United States needs a new legal doctrine to handle state-tolerated attacks.","2021-11-09 14:30:01","Top News","https://foreignpolicy.com/2021/11/09/cyberattacks-russia-responsibility-ransomware/","d87c1681464979cceb368972c745ffc03aa774329da75fe33af3f5eacffb8b14","ea9caa4a63ed9471a96234be32f44dcd"
"How to End Vaccine Apartheid","Foreign Policy","The United States has failed on its boast to be an “arsenal of vaccines.”","2021-11-09 15:14:53","Top News","https://foreignpolicy.com/2021/11/09/vaccine-apartheid-covid-pandemic-covax-us-trips-waiver/","d87c1681464979cceb368972c745ffc03aa774329da75fe33af3f5eacffb8b14","498e469246b209ecaa628de8d34ddbd1"
"Belarus Is Risking Crisis on the Polish Border","Foreign Policy","The “weaponization” of migrants and growing provocations leave Warsaw few options.","2021-11-09 17:06:05","Top News","https://foreignpolicy.com/2021/11/09/belarus-poland-border-migrant-crisis/","d87c1681464979cceb368972c745ffc03aa774329da75fe33af3f5eacffb8b14","566b63fe36d445d1009392de532a612f"
"Israeli Settlers Escalate Violence in West Bank","Foreign Policy","“They will certainly come again,” 21-year-old Asil Eid said. They did.","2021-11-09 19:06:40","Top News","https://foreignpolicy.com/2021/11/09/israeli-settlers-violence-west-bank/","d87c1681464979cceb368972c745ffc03aa774329da75fe33af3f5eacffb8b14","6d0c66680208b784cad860795a66b238"
"Kais Saied’s Unholy Marriage of Convenience With Tunisia’s Police","Foreign Policy","Police impunity has long plagued the country. Now, it could get even worse.","2021-11-09 22:24:31","Top News","https://foreignpolicy.com/2021/11/09/kais-saied-tunisia-police-impunity-protest-violence-coup/","d87c1681464979cceb368972c745ffc03aa774329da75fe33af3f5eacffb8b14","19dcd44c6613504ae2fb29cff72e95be"
"Fiona Hill: U.S. Is ‘Canary in the Coal Mine’ of Democratic Decline","Foreign Policy","Trump’s former top Russia official talks to Foreign Policy about the former president, the economic dislocation fueling his brand of populism, and why America needs to get its act together.","2021-11-09 22:02:51","Top News","https://foreignpolicy.com/2021/11/09/fiona-hill-russia-us-interview-ukraine-democracy-trump/","d87c1681464979cceb368972c745ffc03aa774329da75fe33af3f5eacffb8b14","266b4ae6af5032bdb7066c117d33b410"
"Belarus Seeks to Export Instability","Foreign Policy","Minsk is creating a migration crisis on its borders to undermine its European Union neighbors.","2021-11-09 21:47:33","Top News","https://foreignpolicy.com/2021/11/09/belarus-poland-border-crisis-migrants-european-union/","d87c1681464979cceb368972c745ffc03aa774329da75fe33af3f5eacffb8b14","186e1994ef906a382b5a28f586fa2bf3"
"The U.S. Military Isn’t Ready to Confront China","Foreign Policy","Two decades of counterinsurgency didn’t do it any favors.","2021-11-09 21:42:46","Top News","https://foreignpolicy.com/2021/11/09/us-china-afghanistan-military-weapons-counterinsurgency-aircraft-submarines/","d87c1681464979cceb368972c745ffc03aa774329da75fe33af3f5eacffb8b14","afd02f0e1611964ae4484ef3e22636d5"
"COP26 Is Silent on Human Rights in China","Foreign Policy","Environmental activists are afraid of angering Beijing.","2021-11-09 21:09:39","Top News","https://foreignpolicy.com/2021/11/09/china-human-rights-cop26-climate-change-uyghurs-tibet-hong-kong-xinjiang/","d87c1681464979cceb368972c745ffc03aa774329da75fe33af3f5eacffb8b14","1989f875d74bab80d6ebbbadce362868"
"Why Dictators Always Pretend to Love the Law","Foreign Policy","There’s something farcical—but entirely rational—about the way authoritarians such as Egypt’s Sisi invoke legal justifications for repression.","2021-11-10 09:18:28","Top News","https://foreignpolicy.com/2021/11/10/why-dictators-always-pretend-to-love-the-law/","d87c1681464979cceb368972c745ffc03aa774329da75fe33af3f5eacffb8b14","1d86f8ae1aca25697da501d5ca437cdd"
"Zemmour Rises in French Polls","Foreign Policy","The far-right critic has jumped to second place in polls ahead of April’s French presidential election.","2021-11-10 11:01:53","Top News","https://foreignpolicy.com/2021/11/10/france-eric-zemmour-president-election/","d87c1681464979cceb368972c745ffc03aa774329da75fe33af3f5eacffb8b14","0b62dfbf1ae196248c5ecd1c7ae36772"
"Immigration Reform Needs a New Strategy","Foreign Policy","Buried in the budget bill is the detritus of 20 years of attempted overhauls.","2021-11-10 11:00:46","Top News","https://foreignpolicy.com/2021/11/10/immigration-reform-2021-congress-reconciliation-bill/","d87c1681464979cceb368972c745ffc03aa774329da75fe33af3f5eacffb8b14","453485be4cb6e425861f4c586d9ccccf"
"Why Jordan Will Not Reannex the West Bank","Foreign Policy","An FP essay provoked a strong response because it brought international attention to a controversial issue that has historically only been debated internally.","2021-11-10 13:45:28","Top News","https://foreignpolicy.com/2021/11/10/palestine-jordan-will-not-reannex-the-west-bank/","d87c1681464979cceb368972c745ffc03aa774329da75fe33af3f5eacffb8b14","32cb273e56753707f3ee1be7909de577"
"Why Ethiopia Should Trust the West","Foreign Policy","As the war against Tigrayan rebels spreads, anti-Americanism is increasing—but mediation by Western powers is the country’s last best hope.","2021-11-10 13:04:32","Top News","https://foreignpolicy.com/2021/11/10/why-ethiopia-should-trust-the-west/","d87c1681464979cceb368972c745ffc03aa774329da75fe33af3f5eacffb8b14","176d1c441560c08f3cdeb15c6b440a9a"
"The Gap Between Talk and Action on Climate Is on Full Display in Glasgow","Foreign Policy","Environmental disasters are rapidly engulfing the world. Can bureaucracy meet their pace?","2021-11-10 14:04:35","Top News","https://foreignpolicy.com/2021/11/10/climate-change-cop26-photo-essay-china-india-united-nations-arctic-indigenous-carbon-emissions/","d87c1681464979cceb368972c745ffc03aa774329da75fe33af3f5eacffb8b14","9a8140e74b14bc81e56ad8357262e2ae"
"What the Kidnapper Wilson Joseph’s Costume Says About Haitian Politics","Foreign Policy","Vodou and Christianity are perpetually entangled with Haiti’s power struggles.","2021-11-10 22:01:08","Top News","https://foreignpolicy.com/2021/11/10/haiti-kidnapping-vodou-christianity-religion-politics/","d87c1681464979cceb368972c745ffc03aa774329da75fe33af3f5eacffb8b14","7a8c1b06baa210dbb5acf69818534a48"
"How Will Xi Jinping Rewrite History?","Foreign Policy","At a meeting this week, the Chinese leader will take the opportunity to turn his narrative into doctrine.","2021-11-10 21:58:43","Top News","https://foreignpolicy.com/2021/11/10/china-xi-jinping-history-ccp-sixth-plenum/","d87c1681464979cceb368972c745ffc03aa774329da75fe33af3f5eacffb8b14","122a860465ec64bbb4a5b1556721b138"
"What the Ever Given Taught the World","Foreign Policy","The ship that blocked the Suez Canal is now repaired, but consumers and governments ignore its lessons at their peril.","2021-11-10 21:04:39","Top News","https://foreignpolicy.com/2021/11/10/what-the-ever-given-taught-the-world/","d87c1681464979cceb368972c745ffc03aa774329da75fe33af3f5eacffb8b14","be4117aa2369bc68d57e1c602b5cba34"
"France’s Mainstream Political Parties Are a Dying Breed","Foreign Policy","As the presidential election looms, the parties that ruled France for half a century are now fighting for their very survival.","2021-11-10 20:33:56","Top News","https://foreignpolicy.com/2021/11/10/france-mainstream-parties-survival-election/","d87c1681464979cceb368972c745ffc03aa774329da75fe33af3f5eacffb8b14","78e7cef583d19f7576d924539aef2bee"
"What’s Behind Russia’s Military Buildup Near Ukraine?","Foreign Policy","Only the Kremlin knows for sure, but any hostile action risks upsetting a recent thaw in U.S.-Russian relations.","2021-11-11 10:19:16","Top News","https://foreignpolicy.com/2021/11/11/russia-military-buildup-troop-ukraine/","d87c1681464979cceb368972c745ffc03aa774329da75fe33af3f5eacffb8b14","09c9893765e7635fb6751baa692ccd64"
"China’s Social Media Explosion","Foreign Policy","Now that all the major U.S. platforms have left the country, what does the world’s largest social media market look like?","2021-11-11 15:15:57","Top News","https://foreignpolicy.com/2021/11/11/china-social-media-tech-linkedin-wechat-censorship-privacy-regulation/","d87c1681464979cceb368972c745ffc03aa774329da75fe33af3f5eacffb8b14","ca18816ac20dedeb255d9fe3fbc895c4"
"Will World Powers Rubberstamp Libya’s Tainted Election?","Foreign Policy","Backers of Libya’s factions meet in Paris today to affirm their support for what is likely to become a messy election period.","2021-11-12 07:18:06","Top News","https://foreignpolicy.com/2021/11/12/paris-conference-libya-election/","d87c1681464979cceb368972c745ffc03aa774329da75fe33af3f5eacffb8b14","5579bc1c8202046ad5a17042733b4207"
"Blinken to Make First Trip to Africa as Biden’s Top Diplomat","Foreign Policy","The secretary of state’s visit follows a spate of military coups in four African countries.","2021-11-11 23:01:24","Top News","https://foreignpolicy.com/2021/11/11/blinken-biden-africa-coup-crises-democracy-climate-change/","d87c1681464979cceb368972c745ffc03aa774329da75fe33af3f5eacffb8b14","636b3540d3dab91310bf361ce3f450fc"
"The Death Penalty Isn’t African. It’s a Legacy of Colonialism.","Foreign Policy","Capital punishment was a tool of white supremacy designed to instill terror and cement foreign domination. African governments should abolish it.","2021-11-11 22:20:05","Top News","https://foreignpolicy.com/2021/11/11/the-death-penalty-isnt-african-its-a-legacy-of-colonialism/","d87c1681464979cceb368972c745ffc03aa774329da75fe33af3f5eacffb8b14","2cfb05ed3992ae54f53f8d5446fd270d"
"India Has Lost Its Leverage in Afghanistan","Foreign Policy","New Delhi must rely on regional actors to exert influence in Taliban-led Kabul.","2021-11-11 22:15:14","Top News","https://foreignpolicy.com/2021/11/11/india-afghanistan-leverage-taliban-takeover-regional-diplomacy/","d87c1681464979cceb368972c745ffc03aa774329da75fe33af3f5eacffb8b14","ba77a9d742f63bd05754e06e356ce349"
"For Once, Japan’s Foreign Minister Is Actually Qualified","Foreign Policy","Yoshimasa Hayashi breaks the pattern of factional appointments—but faces tough choices on China.","2021-11-11 22:01:17","Top News","https://foreignpolicy.com/2021/11/11/yoshimasa-hayashi-japan-new-foreign-minister-qualified-china/","d87c1681464979cceb368972c745ffc03aa774329da75fe33af3f5eacffb8b14","799557535e3a70a5f04ea1c10bda2fb8"
"Don’t Blame Belarus. Blame Brussels.","Foreign Policy","The migrant crisis on the EU’s eastern border is the result of an incoherent and inhumane European migration policy ripe for exploitation by autocrats.","2021-11-11 21:57:33","Top News","https://foreignpolicy.com/2021/11/11/belarus-poland-migration-refugees-lukashenko-blame-eu-brussels/","d87c1681464979cceb368972c745ffc03aa774329da75fe33af3f5eacffb8b14","1a679cccdd2f04e1037a2da8f09c105f"
"Trump-Branded China Hawks Look to Take Over Congress","Foreign Policy","Former Trump officials are grooming a new generation of Senate candidates to make the hard-line approach to China the GOP’s default.","2021-11-11 21:55:20","Top News","https://foreignpolicy.com/2021/11/11/trump-vance-obrien-china-hawk-2022-congress/","d87c1681464979cceb368972c745ffc03aa774329da75fe33af3f5eacffb8b14","fa7aa0573e52e65b308cf00e463e23bc"
"Can Taiwan Show China It’s a ‘Porcupine’?","Foreign Policy","A new defense report could be a sign that Taiwan is turning the page.","2021-11-11 18:16:07","Top News","https://foreignpolicy.com/2021/11/11/can-taiwan-show-china-its-a-porcupine/","d87c1681464979cceb368972c745ffc03aa774329da75fe33af3f5eacffb8b14","8ef02c5b01719bd4b4d9649ad040d502"
"Is Democracy Backsliding in Latin America—or Making a Comeback?","Foreign Policy","In a packed elections month, several key elections are toss-ups.","2021-11-12 13:00:55","Top News","https://foreignpolicy.com/2021/11/12/elections-nicaragua-honduras-chile-president-democracy-latin-america/","d87c1681464979cceb368972c745ffc03aa774329da75fe33af3f5eacffb8b14","ff333526d4d3d3184c6e6e02377f6637"
"Taliban Splintered by Internal Divisions, External Spoilers","Foreign Policy","Pakistan said to be supporting alternative jihadi groups to undermine the Taliban and maintain leverage over Afghanistan.","2021-11-12 14:42:46","Top News","https://foreignpolicy.com/2021/11/12/taliban-afghanistan-pakistan-factions-fighting-division-unity/","d87c1681464979cceb368972c745ffc03aa774329da75fe33af3f5eacffb8b14","cc4f6101c97c3a9efddc2cd8459f0a4b"
"Will World Powers Rubber-Stamp Libya’s Tainted Election?","Foreign Policy","Backers of Libya’s factions meet in Paris today to affirm their support for what is likely to become a messy election period.","2021-11-12 07:18:06","Top News","https://foreignpolicy.com/2021/11/12/paris-conference-libya-election/","d87c1681464979cceb368972c745ffc03aa774329da75fe33af3f5eacffb8b14","38ca402522dadccc2e1f737b385d681e"
"A Blueprint for Peace in Ethiopia","Foreign Policy","Ending the civil war will require a resolution to a dispute over territories and a national dialogue on federalism.","2021-11-12 17:04:35","Top News","https://foreignpolicy.com/2021/11/12/ethiopia-peace-blueprint-tigray-conflict-resolution/","d87c1681464979cceb368972c745ffc03aa774329da75fe33af3f5eacffb8b14","d05a361d90e0fc4166d821e0d5103f62"
"When Voters Chase Novelty","Foreign Policy","New parties are emerging faster than ever before, and as Bulgaria shows, this can threaten the stability of democracy.","2021-11-12 18:31:59","Top News","https://foreignpolicy.com/2021/11/12/bulgaria-elections-political-parties-stability-borissov-trifonov/","d87c1681464979cceb368972c745ffc03aa774329da75fe33af3f5eacffb8b14","50c6788234219b778b07e469bce9e16d"
"Biden’s Democracy Summit Needs to Produce More Than a Bland Statement","Foreign Policy","Concrete goals can revitalize the fight for freedom worldwide.","2021-11-12 19:32:22","Top News","https://foreignpolicy.com/2021/11/12/biden-democracy-summit-china-russia-authoritarianism/","d87c1681464979cceb368972c745ffc03aa774329da75fe33af3f5eacffb8b14","d393e31d986772727ef27b5a0f22aacf"
"South Africa’s Coal Deal Is a New Model for Climate Progress","Foreign Policy","The agreement is the most impressive thing to come out of the COP26 climate summit.","2021-11-12 21:05:05","Top News","https://foreignpolicy.com/2021/11/12/coal-climate-south-africa-cop26-agreement/","d87c1681464979cceb368972c745ffc03aa774329da75fe33af3f5eacffb8b14","d7cbfda44198667abb3ca9c148884690"
"What to Expect From the Biden-Xi Virtual Summit","Foreign Policy","Heated words, frank conversations, and little end in sight to the world’s biggest showdown.","2021-11-14 12:00:35","Top News","https://foreignpolicy.com/2021/11/14/china-us-summit-xi-biden-white-meeting-tensions-taiwan-climate/","d87c1681464979cceb368972c745ffc03aa774329da75fe33af3f5eacffb8b14","d1ef5b59e1cce6082ff70e89fa6e554b"
"Fighting ‘Don’t Ask, Don’t Tell’ Paved the Way for Gay Rights","Foreign Policy","A new book chronicles the arduous struggle for LGBTQ equality in the U.S. military.","2021-11-14 11:00:44","Top News","https://foreignpolicy.com/2021/11/14/osborn-mission-possible-review-lgbtq-gay-rights-military-dont-ask-dont-tell/","d87c1681464979cceb368972c745ffc03aa774329da75fe33af3f5eacffb8b14","41e0422611c38ea2584b1c34e610e17e"
"Italy’s Anti-Vaccination Movement Is Militant and Dangerous","Foreign Policy","An online campaign led to the storming of Italy’s parliament.","2021-11-13 11:00:27","Top News","https://foreignpolicy.com/2021/11/13/italy-anti-vaccination-movement-militant-dangerous/","d87c1681464979cceb368972c745ffc03aa774329da75fe33af3f5eacffb8b14","36e15f8c56020227aa28aa8f2d9cfc97"
"Bernard-Henri Lévy’s Journey From Barricades to War Zones","Foreign Policy","In “The Will to See,” France’s great proponent of humanitarian interventionism chronicles the world’s forgotten wars.","2021-11-13 11:00:26","Top News","https://foreignpolicy.com/2021/11/13/the-will-to-see-bernard-henri-levy-bhl-book-review/","d87c1681464979cceb368972c745ffc03aa774329da75fe33af3f5eacffb8b14","f8a90858023bf0b2099a1fa21011a3a5"
"Japan’s Foreign Minister Faces Tough Calls on China","Foreign Policy","Yoshimasa Hayashi breaks the pattern of factional appointments.","2021-11-11 22:01:17","Top News","https://foreignpolicy.com/2021/11/11/yoshimasa-hayashi-japan-new-foreign-minister-qualified-china/","d87c1681464979cceb368972c745ffc03aa774329da75fe33af3f5eacffb8b14","7f7f668f523ab0ff434114ed8a87815b"
"Biden and Xi Hold Virtual Summit Amid Taiwan Tensions","Foreign Policy","Expectations have been kept low before today’s meeting, which is likely to discuss “guardrails” for the U.S.-China relationship","2021-11-15 11:07:25","Top News","https://foreignpolicy.com/2021/11/15/biden-xi-jinping-virtual-summit-taiwan-climate/","d87c1681464979cceb368972c745ffc03aa774329da75fe33af3f5eacffb8b14","43506dd21bb54ba6eea621ca04e76a8e"
"What’s Behind the Latest Violence in Kashmir?","Foreign Policy","Militants are attacking minorities and outsiders in pursuit of demographic hegemony.","2021-11-15 15:09:07","Top News","https://foreignpolicy.com/2021/11/15/india-pakistan-kashmir-partition-hindu-muslim-modi-bjp-article-370-35a/","d87c1681464979cceb368972c745ffc03aa774329da75fe33af3f5eacffb8b14","7eb5cde5e28e709a29cfb62220030668"
"How to Avert Catastrophe in Ethiopia","Foreign Policy","The United States must bring all of its power to bear to prevent state collapse.","2021-11-15 18:08:11","Top News","https://foreignpolicy.com/2021/11/15/ethiopia-tplf-abiy-tigray-war-amhara-oromo-avert-catastrophe-in-ethiopia/","d87c1681464979cceb368972c745ffc03aa774329da75fe33af3f5eacffb8b14","3e06b120aea77b7f97daf3c1179594d3"
"Reform Is Becoming Treason in Thailand","Foreign Policy","Government courts accuse students of attempting to overthrow the monarchy.","2021-11-15 17:40:42","Top News","https://foreignpolicy.com/2021/11/15/thailand-lese-majeste-treason-constitutional-court-protests/","d87c1681464979cceb368972c745ffc03aa774329da75fe33af3f5eacffb8b14","40a8ce149e286243a5540f3007456938"
"It’s Time to Be Honest About Fossil Fuels’ Role in Energy Transition","Foreign Policy","As soaring fuel inflation turns into a political risk, Biden needs a smarter energy policy fast.","2021-11-15 17:32:06","Top News","https://foreignpolicy.com/2021/11/15/fuel-inflation-oil-gas-energy-transition-climate-change-biden/","d87c1681464979cceb368972c745ffc03aa774329da75fe33af3f5eacffb8b14","16a63070c782c33744b4610a6026a514"
"How Biden Can Save the Peace in Bosnia","Foreign Policy","Bosnia is on the brink of crisis. U.S. and NATO troops could prevent it.","2021-11-15 17:07:44","Top News","https://foreignpolicy.com/2021/11/15/bosnia-herzegovina-crisis-peace-nato-troop-deployment-secession-dodik-serb-nationalism/","d87c1681464979cceb368972c745ffc03aa774329da75fe33af3f5eacffb8b14","78bd1ec278e655e6ca1537d4ac545771"
"China Urged Republicans to Cancel Taiwan Visit","Foreign Policy","Beijing warned U.S. lawmakers the trip would erode the “One China” status quo.","2021-11-15 23:49:09","Top News","https://foreignpolicy.com/2021/11/15/republican-taiwan-visit-one-china/","d87c1681464979cceb368972c745ffc03aa774329da75fe33af3f5eacffb8b14","1adf5f41e1da5ee819afcdd77875eed1"
"4 Key Takeaways From COP26","Foreign Policy","After two weeks of intense climate negotiations, here’s where progress was made—and where negotiations fell short.","2021-11-15 23:00:25","Top News","https://foreignpolicy.com/2021/11/15/cop26-climate-change-un-conference-takeaways/","d87c1681464979cceb368972c745ffc03aa774329da75fe33af3f5eacffb8b14","302ab435026fd4429d80d292da51e857"
"Chile Prepares to Choose a New Direction","Foreign Policy","In a presidential vote this weekend, voters can choose between a product of the country’s protest movement or a Pinochet apologist.","2021-11-16 11:05:25","Top News","https://foreignpolicy.com/2021/11/16/chile-election-president-pinera-boric-kast/","d87c1681464979cceb368972c745ffc03aa774329da75fe33af3f5eacffb8b14","c31c478fe3f04f18b28e900af6f1a3a8"
"The World Food Program’s Freelance Diplomacy","Foreign Policy","David Beasley’s unsanctioned mediation efforts in Khartoum rankle U.S. and U.N. diplomats.","2021-11-16 13:02:34","Top News","https://foreignpolicy.com/2021/11/16/world-food-program-david-beasley-sudan/","d87c1681464979cceb368972c745ffc03aa774329da75fe33af3f5eacffb8b14","f766824accd957c6d481d2d9935f5ad8"
"Germany Can Learn From Japan’s China Strategy","Foreign Policy","Berlin should import policies from another economic power in a similar predicament.","2021-11-16 14:13:52","Top News","https://foreignpolicy.com/2021/11/16/germany-can-learn-from-japans-china-strategy/","d87c1681464979cceb368972c745ffc03aa774329da75fe33af3f5eacffb8b14","663613262812e4ccdc7b4cd320140bc6"
"Biden and Xi Pause Saber Rattling for First Face-to-Face","Foreign Policy","Breakthroughs remain elusive, but both sides agreed on need to manage tensions.","2021-11-16 15:36:24","Top News","https://foreignpolicy.com/2021/11/16/biden-xi-first-meeting-us-china-tensions/","d87c1681464979cceb368972c745ffc03aa774329da75fe33af3f5eacffb8b14","b589cccb925687f567da515e9d269023"
"U.S.-China Trade Talks Should Prioritize Opening Up China’s Internet","Foreign Policy","One of the world’s biggest trade barriers is also a tool of censorship.","2021-11-16 21:07:25","Top News","https://foreignpolicy.com/2021/11/16/us-china-trade-talks-opening-china-internet-great-firewall/","d87c1681464979cceb368972c745ffc03aa774329da75fe33af3f5eacffb8b14","2f59ea500e5f5e013ae7fdd18b39a704"
"Climate Crisis Should Be the Final Blow to the Washington Consensus","Foreign Policy","Groups like the G-7 are putting proactive governance back on the agenda.","2021-11-16 20:22:48","Top News","https://foreignpolicy.com/2021/11/16/climate-crisis-washington-consensus-cornwall/","d87c1681464979cceb368972c745ffc03aa774329da75fe33af3f5eacffb8b14","d7f54e0f725311b68949133a20e047d9"
"Can Pfizer’s New Pill Beat Back the Pandemic of the Poor?","Foreign Policy","As vaccination rates still lag in the developing world, a new oral treatment faces its own logistical hurdles.","2021-11-17 10:50:39","Top News","https://foreignpolicy.com/2021/11/17/pfizer-covid-pill-developing-countries/","d87c1681464979cceb368972c745ffc03aa774329da75fe33af3f5eacffb8b14","cda60ad63f9cc2c94d21f0301ed41343"
"Watchdog Reports Shed New Light on Trump-Era Mismanagement at State","Foreign Policy","Career diplomats are concerned that the State Department won’t institute changes to address bullying or mismanagement in the future.","2021-11-17 12:00:42","Top News","https://foreignpolicy.com/2021/11/17/trump-state-department-pompeo-government-watchdog-reports-mismanagement-harassment-hatch-act/","d87c1681464979cceb368972c745ffc03aa774329da75fe33af3f5eacffb8b14","1f82b120ce32feb2b64e972ac0bda482"
"Even Sweden Doesn’t Want Migrants Anymore","Foreign Policy","Sweden’s generous response to the 2015 refugee crisis may have permanently dented its moral worldview.","2021-11-17 11:28:48","Top News","https://foreignpolicy.com/2021/11/17/even-sweden-doesnt-want-migrants-anymore-syria-iraq-belarus/","d87c1681464979cceb368972c745ffc03aa774329da75fe33af3f5eacffb8b14","3b3e9bd68f6c9d910fe407f4e645c02b"
"Can African Leaders End Ethiopia’s War?","Foreign Policy","As civil war spreads, Kenya and the African Union are trying to broker a cease-fire.","2021-11-17 12:21:54","Top News","https://foreignpolicy.com/2021/11/17/ethiopia-tigray-war-abiy-african-union-kenya/","d87c1681464979cceb368972c745ffc03aa774329da75fe33af3f5eacffb8b14","1d3808306de98c9522529d6be2987ddc"
"Russia Isn’t About to Attack Ukraine","Foreign Policy","Moscow occupying its neighbor would be expensive, dangerous, and pointless.","2021-11-17 15:41:35","Top News","https://foreignpolicy.com/2021/11/17/russia-isnt-about-to-attack-ukraine/","d87c1681464979cceb368972c745ffc03aa774329da75fe33af3f5eacffb8b14","ef5a8a9904db4874665292d951540731"
"China Warms Up to Myanmar’s Generals","Foreign Policy","Months after the coup, Beijing seeks stability—and protections for its investments—above all.","2021-11-17 16:13:00","Top News","https://foreignpolicy.com/2021/11/17/china-myanmar-military-regime-recognition-investment/","d87c1681464979cceb368972c745ffc03aa774329da75fe33af3f5eacffb8b14","c84d90b6cc1c47e152d82e15c6f26b07"
"Iran’s New Top Diplomats Are a Disaster","Foreign Policy","Tehran needs to restore the nuclear deal—but the Raisi administration’s officials aren’t up for the job.","2021-11-17 18:34:56","Top News","https://foreignpolicy.com/2021/11/17/irans-new-top-diplomats-are-a-disaster/","d87c1681464979cceb368972c745ffc03aa774329da75fe33af3f5eacffb8b14","fa4a54da01bc6a260034274cd491957b"
"How to Stop Moscow From Squeezing Ukraine’s Energy Sector","Foreign Policy","Kyiv and the West can work together to strengthen security","2021-11-17 20:57:50","Top News","https://foreignpolicy.com/2021/11/17/ukraine-energy-diversification-russia-gazprom/","d87c1681464979cceb368972c745ffc03aa774329da75fe33af3f5eacffb8b14","627060fef03c507bd96bf781b5445a46"
"Iran’s New Top Diplomats Are a Problem","Foreign Policy","Tehran needs to restore the nuclear deal—but the Raisi administration’s officials aren’t up for the job.","2021-11-17 18:34:56","Top News","https://foreignpolicy.com/2021/11/17/irans-new-top-diplomats-are-a-disaster/","d87c1681464979cceb368972c745ffc03aa774329da75fe33af3f5eacffb8b14","9f7e3fc835df7da5df54533e5f76dbbb"
"Xi-Biden Summit Produces Few Breakthroughs","Foreign Policy","The White House still lacks a coherent China strategy.","2021-11-17 22:00:57","Top News","https://foreignpolicy.com/2021/11/17/xi-biden-summit-us-china-policy/","d87c1681464979cceb368972c745ffc03aa774329da75fe33af3f5eacffb8b14","dedd92f12cc4d799339cc61b0d09bb20"
"Border Openings Could Signal an Indian-Pakistani Thaw","Foreign Policy","Relaxing restrictions on the Punjab border could lead to a bigger shift as both sides recalibrate relations.","2021-11-17 21:14:06","Top News","https://foreignpolicy.com/2021/11/17/india-pakistan-modi-khan-punjab-border-trade/","d87c1681464979cceb368972c745ffc03aa774329da75fe33af3f5eacffb8b14","ec2ed59a07dd629d96ccb1144b46ee8e"
"Biden Struggles to Stick to the Script on Taiwan","Foreign Policy","Not for the first time, the U.S. president misspoke about the island at the center of U.S.-China tensions.","2021-11-17 22:09:15","Top News","https://foreignpolicy.com/2021/11/17/biden-taiwan-china-misspoke-policy-mistake/","d87c1681464979cceb368972c745ffc03aa774329da75fe33af3f5eacffb8b14","0356c9d0ff6c2487ed4f627f3bb33f0d"
"Who Lost North America?","Foreign Policy","The project of a stronger, more united continent is on life support. It’s time for a new vision.","2021-11-17 23:19:15","Top News","https://foreignpolicy.com/2021/11/17/us-mexico-canada-summit-biden-lopez-obrador-trudeau/","d87c1681464979cceb368972c745ffc03aa774329da75fe33af3f5eacffb8b14","e057d7a71b760fa3036b947d197158cb"
"Kremlin Says Second Biden-Putin Meeting Is in the Works","Foreign Policy","Talk of a virtual summit comes as U.S. officials are increasingly alarmed by Russia’s military buildup near its border with Ukraine.","2021-11-18 22:32:09","Top News","https://foreignpolicy.com/2021/11/18/biden-putin-summit-ukraine-military-buildup-kremlin/","d87c1681464979cceb368972c745ffc03aa774329da75fe33af3f5eacffb8b14","4cba74677a100a88198cbd17aefaa926"
"An Empty Pledge to Protect Rainforests","Foreign Policy","The COP26 deforestation commitment is disingenuous—and could harm the Congo Basin.","2021-11-18 21:38:43","Top News","https://foreignpolicy.com/2021/11/18/congo-rainforests-basin-cop26-carbon-logging-sink/","d87c1681464979cceb368972c745ffc03aa774329da75fe33af3f5eacffb8b14","58a7fbe1018469521f46e4713e5790de"
"Pentagon Quietly Puts More Troops in Taiwan","Foreign Policy","Deeper U.S. engagement comes as the wisdom of strategic ambiguity is increasingly questioned.","2021-11-18 21:09:13","Top News","https://foreignpolicy.com/2021/11/18/pentagon-biden-troops-taiwan-china/","d87c1681464979cceb368972c745ffc03aa774329da75fe33af3f5eacffb8b14","382dec76081bd0367d9008b41d3aafca"
"India Needs a Big Nuclear Bet to Keep COP26 Promises","Foreign Policy","The United States can play a key role in civilian nuclear aid.","2021-11-18 20:49:11","Top News","https://foreignpolicy.com/2021/11/18/india-nuclear-power-2070-cop26/","d87c1681464979cceb368972c745ffc03aa774329da75fe33af3f5eacffb8b14","5e076660b8c88cbc03efaef8f1ba17f9"
"Biden Brings Out the Big Guns for NatSec Noms","Foreign Policy","Republicans are holding up top State Department picks.","2021-11-18 19:20:14","Top News","https://foreignpolicy.com/2021/11/18/us-biden-natsec-nato-nominees-deadlock-republicans-state-department/","d87c1681464979cceb368972c745ffc03aa774329da75fe33af3f5eacffb8b14","9d7872ff7ab79c37ba8e69f6325945e0"
"The Myth of ‘Stray Bullets’ in Uganda","Foreign Policy","A year ago, the state shot to death scores of citizens. No one has been held accountable.","2021-11-18 15:50:41","Top News","https://foreignpolicy.com/2021/11/18/uganda-state-violence-killings-museveni-police-protests/","d87c1681464979cceb368972c745ffc03aa774329da75fe33af3f5eacffb8b14","06a0ed1c9e192494b984e3b504246806"
"Breaking Up Is Bad for the United States","Foreign Policy","Talk of secession is on the rise among Americans—and already weakening the country.","2021-11-18 14:15:14","Top News","https://foreignpolicy.com/2021/11/18/breaking-up-is-bad-for-the-united-states/","d87c1681464979cceb368972c745ffc03aa774329da75fe33af3f5eacffb8b14","78b4889df07e5ad17bbfc635f4c5409c"
"U.S. Keeps Ukraine Close Amid Russian Build-Up","Foreign Policy","Pentagon chief Lloyd Austin meets with his Ukrainian counterpart on Thursday as Washington keeps its attention on Russia.","2021-11-18 11:03:03","Top News","https://foreignpolicy.com/2021/11/18/russia-ukraine-russia-military-build-up/","d87c1681464979cceb368972c745ffc03aa774329da75fe33af3f5eacffb8b14","92dc55236c56a76fd09051dcad124ea0"
