"Attorney in Supreme Court Texas abortion case says its 'past time' for statute to be overturned","Politico","","2021-11-01 18:20:38","Top News","https://www.politico.com/video/2021/11/01/attorney-in-supreme-court-texas-abortion-case-says-its-past-time-for-statute-to-be-overturned-391280","f877d19b3e2c13c6527a61ea015cccd26db9e365220e2b2aa7eb1bae2a68218c","29256aba5e897337c7dfb5e0b1350d68"
"Trump, abortion and critical race theory: New Jersey governor's race goes national","Politico","New Jersey’s state-level elections have become increasingly nationalized as politicians in Washington look to the state as a bellwether for the upcoming midterms.","2021-11-01 18:01:50","Top News","https://www.politico.com/news/2021/11/01/new-jersey-gubernatorial-elections-national-518262","f877d19b3e2c13c6527a61ea015cccd26db9e365220e2b2aa7eb1bae2a68218c","ac4f9bb692f1575856f67fa5be0e852b"
"Kavanaugh, Barrett air skepticism of Texas abortion law","Politico","","2021-11-01 17:58:50","Top News","https://www.politico.com/video/2021/11/01/justice-barrett-signals-some-sympathy-for-providers-arguments-in-texas-abortion-case-391222","f877d19b3e2c13c6527a61ea015cccd26db9e365220e2b2aa7eb1bae2a68218c","4c032449b04fd4ccacb3563e099f33b2"
"Opinion | Virginia Buries an Enduring Political Myth","Politico","The startling strength of a relative unknown Republican in the governor’s race is proving that, in fact, all politics isn’t local.","2021-11-01 08:30:13","Top News","https://www.politico.com/news/magazine/2021/11/01/virginia-enduring-political-myth-517716","f877d19b3e2c13c6527a61ea015cccd26db9e365220e2b2aa7eb1bae2a68218c","6832e8dba2aa53b005ab92dc8319e8b6"
"Diet-related diseases pose a major risk for Covid-19. But the U.S. overlooks them.","Politico","Other countries have been galvanized to confront diet issues. The U.S. has had no such wakeup call.","2021-10-31 11:00:58","Top News","https://www.politico.com/news/2021/10/31/covid-deaths-diet-diseases-nutrition-america-517076","f877d19b3e2c13c6527a61ea015cccd26db9e365220e2b2aa7eb1bae2a68218c","cf47714c27ae15d57a6c5c895276de65"
"Supreme Court declines to block Maine vaccine mandate","Politico","Only New York and Rhode Island also have vaccine mandates for health care workers that lack religious exemptions.","2021-10-29 22:37:29","Top News","https://www.politico.com/news/2021/10/29/supreme-court-maine-vaccine-mandate-block-517746","f877d19b3e2c13c6527a61ea015cccd26db9e365220e2b2aa7eb1bae2a68218c","3aa9533bf8581cf35e0eb5940a847a7e"
"NY attorney general announces run for governor","Politico","","2021-10-29 19:56:06","Top News","https://www.politico.com/video/2021/10/29/tish-james-new-york-governor-announcement-389477","f877d19b3e2c13c6527a61ea015cccd26db9e365220e2b2aa7eb1bae2a68218c","22e7a7bbba80a998d377c88cf602b358"
"Poll: Youngkin, McAuliffe deadlocked in Virginia governor's race","Politico","Friday’s survey is the latest polling to indicate an extremely competitive contest between the two candidates in Virginia’s closely watched off-year election.","2021-10-29 15:21:34","Top News","https://www.politico.com/news/2021/10/29/poll-va-governors-race-517603","f877d19b3e2c13c6527a61ea015cccd26db9e365220e2b2aa7eb1bae2a68218c","c7a20f57bacf4e854906e140c627f243"
"Meet the top political cartoonists taking home the Herblock Prize","Politico","","2021-10-29 15:00:30","Top News","https://www.politico.com/video/2021/10/29/meet-the-top-political-cartoonists-taking-home-the-herblock-prize-388956","f877d19b3e2c13c6527a61ea015cccd26db9e365220e2b2aa7eb1bae2a68218c","f47c1b94f4d62c5c0ca2760d3addefe7"
"New Capitol Police document shows how unprepared they were for Jan. 6 riots","Politico","A police planning memo from Jan. 5 missed the mark, declaring there were “no specific known threats.”","2021-10-29 09:01:50","Top News","https://www.politico.com/news/2021/10/29/capitol-police-documents-unprepared-jan-6-riots-517478","f877d19b3e2c13c6527a61ea015cccd26db9e365220e2b2aa7eb1bae2a68218c","db79a457db69eb9c55cccbe0197965b6"
"The nation’s cartoonists on the week in politics","Politico","Every week political cartoonists throughout the country and across the political spectrum apply their ink-stained skills to capture the foibles, memes, hypocrisies and other head-slapping events in the world of politics. The fruits of these labors are hundreds of cartoons that entertain and enrage readers of all political stripes. Here's an offering of the best of this week's crop, picked fresh off the Toonosphere. Edited by Matt Wuerker.","2021-10-29 08:30:40","Top News","https://www.politico.com/cartoons/2021/10/29/the-nations-cartoonists-on-the-week-in-politics-000263","f877d19b3e2c13c6527a61ea015cccd26db9e365220e2b2aa7eb1bae2a68218c","1db607b04e804c915e7f40b2b41232ed"
"Latino Dems lean on Padilla to pump up midterm turnout","Politico","The California senator is heavily favored to hold his seat next year.","2021-10-28 08:31:35","Top News","https://www.politico.com/news/2021/10/28/latino-democrats-padilla-midterm-turnout-517415","f877d19b3e2c13c6527a61ea015cccd26db9e365220e2b2aa7eb1bae2a68218c","240edc5b3f41c87d403fd45c185bdcfd"
"Biden is getting dragged in the polls. That hasn’t stopped Dems from sticking by him.","Politico","The president has been welcomed on the campaign trail this fall, in part because he remains popular within his own party.","2021-10-28 08:31:10","Top News","https://www.politico.com/news/2021/10/28/biden-polls-campaign-mcauliffe-517353","f877d19b3e2c13c6527a61ea015cccd26db9e365220e2b2aa7eb1bae2a68218c","16e5224e0c52bc4ad6dd216166cd8541"
"Opinion | What It Means if Glenn Youngkin Wins","Politico","A Republican victory in the Virginia governor’s race would point a way forward for the GOP with independents and suburbanites.","2021-10-28 08:30:44","Top News","https://www.politico.com/news/magazine/2021/10/28/what-it-means-if-glenn-youngkin-wins-517364","f877d19b3e2c13c6527a61ea015cccd26db9e365220e2b2aa7eb1bae2a68218c","c7fb12d1b3d3aa03d2844c88cfaf5323"
"First Covid raised the murder rate. Now it’s changing the politics of crime.","Politico","Violent crime spiked across the country during the pandemic, forcing a reckoning in cities like Atlanta.","2021-10-28 08:30:40","Top News","https://www.politico.com/news/2021/10/28/covid-murder-crime-rate-517226","f877d19b3e2c13c6527a61ea015cccd26db9e365220e2b2aa7eb1bae2a68218c","f6d28429de9792bcf10bc6f4ca5cc80b"
"Florida's surgeon general nominee won't share Covid-19 vaccine status","Politico","Joseph Ladapo, whose area of expertise is in cardiovascular disease, has adamantly opposed most Covid-19 safety measures taken throughout the pandemic.","2021-10-27 23:16:09","Top News","https://www.politico.com/news/2021/10/27/floridas-surgeon-general-nominee-wont-share-covid-19-vaccine-status-517376","f877d19b3e2c13c6527a61ea015cccd26db9e365220e2b2aa7eb1bae2a68218c","4587c340419783973ea7b1a8cfc46096"
"November 2021","Politico","Political cartoons from the desk of Matt Wuerker.","2021-11-01 22:43:20","Top News","https://www.politico.com/cartoons/2021/11/01/november-2021-000264","f877d19b3e2c13c6527a61ea015cccd26db9e365220e2b2aa7eb1bae2a68218c","62783f5d69cb5d3cb22b077c1d2b8777"
"Sean Parnell’s fiction thriller features graphic violence against women","Politico","Scenes are in a new light following explosive allegations from Pennsylvania GOP Senate candidate’s estranged wife.","2021-11-02 20:43:51","Top News","https://www.politico.com/news/2021/11/02/sean-parnell-man-of-war-518570","f877d19b3e2c13c6527a61ea015cccd26db9e365220e2b2aa7eb1bae2a68218c","845419e1aa38d53a14afb18ae0fd8e49"
"Smartmatic sues One America News over 2020 election claims","Politico","The voting machine accused the far-right cable channel of libeling and slandering the firm in its coverage.","2021-11-03 18:27:29","Top News","https://www.politico.com/news/2021/11/03/smartmatic-sue-one-america-news-election-519077","f877d19b3e2c13c6527a61ea015cccd26db9e365220e2b2aa7eb1bae2a68218c","680c5ac77fd57fb2421c6a99c7516b4e"
"Opinion | Terry McAuliffe Bet on Voters Hating Trump. Turns Out They Dislike Democrats More.","Politico","Glenn Youngkin’s victory should send shock waves through the Democratic Party, which continues to alienate once-dependable members of its base.","2021-11-03 04:36:52","Top News","https://www.politico.com/news/magazine/2021/11/03/youngkin-virginia-voters-lessons-trump-democrats-518716","f877d19b3e2c13c6527a61ea015cccd26db9e365220e2b2aa7eb1bae2a68218c","4ff2084e9d86b91130c52adc46eb4428"
"Opinion | One Lesson of Virginia? The Culture War Still Works.","Politico","The Democrats have been boxed in by culture politics for decades. After Tuesday’s results, America’s towns, suburbs and school boards could be in for a brutal three years.","2021-11-03 04:35:52","Top News","https://www.politico.com/news/magazine/2021/11/03/virginia-election-culture-wars-518701","f877d19b3e2c13c6527a61ea015cccd26db9e365220e2b2aa7eb1bae2a68218c","fcc97b4f36e9367d9718eb3ec28a733f"
"Opinion | Why Election Night 2021 Was Bad for Donald Trump","Politico","Glenn Youngkin’s victory in Virginia undermined the idea that Trump, and only Trump, knows the secret to Republican success.","2021-11-04 00:27:19","Top News","https://www.politico.com/news/magazine/2021/11/03/donald-trumps-bad-night-519376","f877d19b3e2c13c6527a61ea015cccd26db9e365220e2b2aa7eb1bae2a68218c","310c43e88ac4352f7a04db6a2fa83d1f"
"New York thought it was done with Bill de Blasio. He thinks they might want more.","Politico","“We need to look ahead; we need to build something new; we need to build something better,” he said.","2021-11-04 18:16:06","Top News","https://www.politico.com/news/2021/11/04/new-york-bill-de-blasio-not-done-519548","f877d19b3e2c13c6527a61ea015cccd26db9e365220e2b2aa7eb1bae2a68218c","7812434cb46ca12eb433e43c7ae8bb3b"
"Why the Virginia School Fight Might Just Be the Beginning","Politico","School wars have long been an indicator of where the national debate is headed. Buckle up.","2021-11-04 17:30:42","Top News","https://www.politico.com/news/magazine/2021/11/04/why-the-virginia-school-fight-might-just-be-the-beginning-519507","f877d19b3e2c13c6527a61ea015cccd26db9e365220e2b2aa7eb1bae2a68218c","0845744e8972a9272d2039af97d7f5f6"
"Pennsylvania Republicans eye top investment CEO for Senate primary","Politico","David McCormick has told associates he would invest millions from his own pocket into the race if he runs.","2021-11-04 22:17:59","Top News","https://www.politico.com/news/2021/11/04/pennsylvania-republicans-investment-ceo-senate-519606","f877d19b3e2c13c6527a61ea015cccd26db9e365220e2b2aa7eb1bae2a68218c","13c58406ba1ef522ea36f7a32aa250c5"
"The Surprising Strategy Behind Youngkin’s Stunner","Politico","Glenn Youngkin’s top strategists Jeff Roe and Kristin Davison helped pull off one of the great upsets in modern politics. Here's how they did it.","2021-11-05 08:30:21","Top News","https://www.politico.com/news/magazine/2021/11/05/youngkin-mcauliffe-politics-virginia-strategy-2021-upset-analysis-519622","f877d19b3e2c13c6527a61ea015cccd26db9e365220e2b2aa7eb1bae2a68218c","b1c86f46a97bbf23d972db1488fc6aa5"
"Cincinnati mayor-elect Aftab Pureval on being told he can’t win because of his name","Politico","","2021-11-05 15:51:50","Top News","https://www.politico.com/video/2021/11/05/cincinnati-mayor-elect-aftab-pureval-on-being-told-he-cant-win-because-of-his-name-398061","f877d19b3e2c13c6527a61ea015cccd26db9e365220e2b2aa7eb1bae2a68218c","efcc8a06cb0b0f42f4510efdab6eb75c"
"Pureval on what the Democratic party should focus after election night","Politico","","2021-11-05 15:50:57","Top News","https://www.politico.com/video/2021/11/05/pureval-on-what-the-democratic-party-should-focus-after-election-night-398053","f877d19b3e2c13c6527a61ea015cccd26db9e365220e2b2aa7eb1bae2a68218c","0e105947fcff48cb29af9293d11c5b11"
"Family, friends gather to honor trailblazer Colin Powell","Politico","The funeral on a sunny and chilly day drew dignitaries and friends from across a wide political and military spectrum.","2021-11-05 16:58:11","Top News","https://www.politico.com/news/2021/11/05/colin-powell-trailblazer-funeral-519704","f877d19b3e2c13c6527a61ea015cccd26db9e365220e2b2aa7eb1bae2a68218c","f83059c805dd95d70f817859a7640bf0"
"Activist Greta Thunberg calls COP26 'a failure'","Politico","","2021-11-05 17:55:13","Top News","https://www.politico.com/video/2021/11/05/activist-greta-thunberg-calls-cop26-a-failure-398209","f877d19b3e2c13c6527a61ea015cccd26db9e365220e2b2aa7eb1bae2a68218c","3aff00c0c5982c058d3fcf88f59f858a"
"Nicaragua’s Ortega seeks reelection in questioned vote","Politico","He blasted the United States for interference in Nicaragua.","2021-11-07 20:24:04","Top News","https://www.politico.com/news/2021/11/07/nicaragua-ortega-election-sandinistas-520133","f877d19b3e2c13c6527a61ea015cccd26db9e365220e2b2aa7eb1bae2a68218c","275adb2916b740e16ff502c952327fb8"
"How to Overcome Tribalism, the Shouty Minority and Facebook Toxicity","Politico","The social psychologist Jonathan Haidt offers some prescriptions to soothe society in a new interview.","2021-11-07 12:00:46","Top News","https://www.politico.com/news/magazine/2021/11/07/social-psychologist-haidt-tribalism-facebook-519720","f877d19b3e2c13c6527a61ea015cccd26db9e365220e2b2aa7eb1bae2a68218c","ca949fad7d56ce951389233c709034a6"
"Rural Democrats stare into the abyss after Virginia","Politico","Rural Democrats say the party’s problems on their turf are twofold.","2021-11-06 11:00:19","Top News","https://www.politico.com/news/2021/11/06/rural-dems-trouble-519782","f877d19b3e2c13c6527a61ea015cccd26db9e365220e2b2aa7eb1bae2a68218c","33af7221ef7a9cd8697fd19734e3d246"
"Opinion | It’s Getting Dire in Afghanistan. Biden Can’t Walk Away.","Politico","The United States doesn’t have to recognize the Taliban to help avert humanitarian disaster.","2021-11-05 20:14:09","Top News","https://www.politico.com/news/magazine/2021/11/05/its-getting-dire-in-afghanistan-biden-cant-walk-away-519734","f877d19b3e2c13c6527a61ea015cccd26db9e365220e2b2aa7eb1bae2a68218c","ca50bbab41ff04f2b81953e8c3efb696"
"GOP lobbyists say corporate America is coming back into the tent","Politico","Top Republicans on K Street say that big business is warming up to the Republican Party again, less than a year after Jan. 6 but with the 2022 elections in sight.","2021-11-08 09:30:52","Top News","https://www.politico.com/news/2021/11/08/gop-lobbyists-corporate-america-520026","f877d19b3e2c13c6527a61ea015cccd26db9e365220e2b2aa7eb1bae2a68218c","d5c048c48c05f007c63c2e67ff3b51a3"
"The Moment the NRA Decided to Embrace the Culture Wars","Politico","Under pressure from its right flank, the NRA tanked the Manchin-Toomey gun control bill it had helped negotiate — and never looked back.","2021-11-08 09:30:15","Top News","https://www.politico.com/news/magazine/2021/11/08/national-rifle-association-embraced-culture-wars-519730","f877d19b3e2c13c6527a61ea015cccd26db9e365220e2b2aa7eb1bae2a68218c","24a3edf720fc1651955e8ee290bcb697"
"Obama hits Russia, China for 'absence of urgency' on climate","Politico","The former president's appearance on the sidelines of the talks is meant to remind governments of the elation that surrounded the striking of the Paris accord.","2021-11-08 14:25:18","Top News","https://www.politico.com/news/2021/11/08/obama-hits-russia-china-for-absence-of-urgency-on-climate-520270","f877d19b3e2c13c6527a61ea015cccd26db9e365220e2b2aa7eb1bae2a68218c","69bad5d10b37505a252f25e2dbc6f254"
"Trump: 2024 announcement 'probably' coming after midterms","Politico","A lot of people will be very happy, the former president told Fox News.","2021-11-08 16:09:05","Top News","https://www.politico.com/news/2021/11/08/trump-2024-midterms-520276","f877d19b3e2c13c6527a61ea015cccd26db9e365220e2b2aa7eb1bae2a68218c","04e2d8caff59f712b4ef9943da8a3543"
"Obama hits Russia, China and Trump in COP26 remarks","Politico","","2021-11-08 18:33:29","Top News","https://www.politico.com/video/2021/11/08/obama-hits-russia-china-and-trump-in-cop26-remarks-400909","f877d19b3e2c13c6527a61ea015cccd26db9e365220e2b2aa7eb1bae2a68218c","a4918ac2cdf009fb8de04156e5d6d822"
"‘He’s Comin’ Across Like the F---ing Tin Man Up There’","Politico","The new Pete Buttigieg documentary reveals a gifted politician struggling with how much to reveal of himself.","2021-11-08 17:35:47","Top News","https://www.politico.com/news/magazine/2021/11/08/pete-buttigieg-documentary-520190","f877d19b3e2c13c6527a61ea015cccd26db9e365220e2b2aa7eb1bae2a68218c","c2fc081ad59be2f7ed5b913dfa8778c7"
"New Jersey’s most powerful Democratic boss predicts midterm carnage","Politico","George Norcross says nobody in the state predicted last week’s losses for the party. “It was just a tsunami,” he said.","2021-11-08 17:02:14","Top News","https://www.politico.com/news/2021/11/08/new-jerseys-midterm-carnage-520293","f877d19b3e2c13c6527a61ea015cccd26db9e365220e2b2aa7eb1bae2a68218c","3b2f38fb012df5dcc01d48a126f8b770"
"Dems weigh a GOP shutout in Maryland redistricting","Politico","Democratic legislators are considering redistricting maps that could target Rep. Andy Harris, the state’s only Republican member of Congress.","2021-11-09 09:30:44","Top News","https://www.politico.com/news/2021/11/09/democrats-gop-shutout-maryland-redistricting-520399","f877d19b3e2c13c6527a61ea015cccd26db9e365220e2b2aa7eb1bae2a68218c","e05e4b717f994f534d0a9e5995c1fe1a"
"Max Cleland, former VA chief and Georgia senator, dies","Politico","Cleland served one term in the U.S. Senate and as administrator of the Veterans Administration, as Georgia secretary of State and as a Georgia state senator.","2021-11-09 16:37:46","Top News","https://www.politico.com/news/2021/11/09/max-cleland-former-va-chief-senator-dies-520419","f877d19b3e2c13c6527a61ea015cccd26db9e365220e2b2aa7eb1bae2a68218c","1101c7cada59539115fb945742484081"
"Trump endorses rival against Idaho Gov. Brad Little","Politico","The former president is backing Lt. Gov. Janice McGeachin, who has sought to undermine the current governor.","2021-11-10 01:21:34","Top News","https://www.politico.com/news/2021/11/09/trump-endorsement-mcgeachin-little-idaho-520544","f877d19b3e2c13c6527a61ea015cccd26db9e365220e2b2aa7eb1bae2a68218c","be11c3663ff2f2d2bf35c78740341910"
"The Parental Revolution Is Bigger Than Critical Race Theory","Politico","There’s roiling discontent over schools that is scrambling political maps across the country.","2021-11-09 19:35:11","Top News","https://www.politico.com/news/magazine/2021/11/09/the-parental-revolution-we-all-saw-coming-but-still-missed-520450","f877d19b3e2c13c6527a61ea015cccd26db9e365220e2b2aa7eb1bae2a68218c","5aae19089da92b5eb7522c7cb9874527"
"Progressive coalition retools ahead of 2022","Politico","A nationwide alliance of left-wing groups gets a new leadership team.","2021-11-10 09:31:54","Top News","https://www.politico.com/news/2021/11/10/progressive-coalition-retools-ahead-of-2022-520550","f877d19b3e2c13c6527a61ea015cccd26db9e365220e2b2aa7eb1bae2a68218c","8645e513f6d7e40a22480856688e0c89"
"Opinion | Voters in Cities and Suburbs Are More Centrist Than You Think","Politico","“Metro” voters are mostly registered Democrats, but that doesn’t mean they’ll vote that way.","2021-11-10 09:31:18","Top News","https://www.politico.com/news/magazine/2021/11/10/voters-elections-cities-metropolitan-520477","f877d19b3e2c13c6527a61ea015cccd26db9e365220e2b2aa7eb1bae2a68218c","eaaea9d6b891cafdd1fb5c5f20543ecb"
"Inside the bitter, nasty feud over making daylight saving time permanent","Politico","Who knew there were such passions around falling back and springing forward?","2021-11-10 09:30:36","Top News","https://www.politico.com/news/2021/11/10/daylight-saving-time-feud-520561","f877d19b3e2c13c6527a61ea015cccd26db9e365220e2b2aa7eb1bae2a68218c","f6f0af3be808e091728d0e429ad69004"
"World shares mixed as China inflation pushes higher","Politico","China’s consumer price index, a main measure of inflation, rose 1.5 percent in October, up from 0.7 percent the month before, the National Bureau of Statistics reported.","2021-11-10 14:05:24","Top News","https://www.politico.com/news/2021/11/10/world-shares-china-inflation-520573","f877d19b3e2c13c6527a61ea015cccd26db9e365220e2b2aa7eb1bae2a68218c","5c15b4d88ad68f66a371178fd291ea1a"
"The political war around daylight saving time takes a nasty turn","Politico","Who knew there were such passions around falling back and springing forward?","2021-11-10 09:30:36","Top News","https://www.politico.com/news/2021/11/10/daylight-saving-time-feud-520561","f877d19b3e2c13c6527a61ea015cccd26db9e365220e2b2aa7eb1bae2a68218c","e23cb10fae5b38483ed302b90a1a6da0"
"Brian Williams to leave NBC News at year's end","Politico","Williams said in a note to colleagues that “following much reflection,” he had decided to exit when his contract ends in December.","2021-11-10 16:01:37","Top News","https://www.politico.com/news/2021/11/10/brian-williams-leave-nbc-520587","f877d19b3e2c13c6527a61ea015cccd26db9e365220e2b2aa7eb1bae2a68218c","39b580e8132ca88756fe8736fd894557"
"Opinion | What Democrats are Getting Wrong About Cities and Suburbs","Politico","“Metro” voters are mostly registered Democrats, but that doesn’t mean they’ll vote that way.","2021-11-10 09:31:18","Top News","https://www.politico.com/news/magazine/2021/11/10/voters-elections-cities-metropolitan-520477","f877d19b3e2c13c6527a61ea015cccd26db9e365220e2b2aa7eb1bae2a68218c","fa90349e2b7bfbfed75c1f36474c0159"
"Study: Fox viewers more likely to believe Covid falsehoods","Politico","The most widely-believed falsehood is about the government exaggerating Covid deaths.","2021-11-10 16:35:43","Top News","https://www.politico.com/news/2021/11/10/study-fox-viewers-covid-falsehoods-520591","f877d19b3e2c13c6527a61ea015cccd26db9e365220e2b2aa7eb1bae2a68218c","fa68233b2b1b22d7303a17ebe9b7ca6b"
"DeJoy says the Postal Service is ready to deliver holiday packages efficiently","Politico","","2021-11-10 20:30:11","Top News","https://www.politico.com/video/2021/11/10/dejoy-says-the-postal-service-is-ready-to-deliver-holiday-packages-efficiently-402617","f877d19b3e2c13c6527a61ea015cccd26db9e365220e2b2aa7eb1bae2a68218c","c52a575e97a9a2680f75c405695458cd"
"South Africa’s last apartheid president F. W. de Klerk dies","Politico","De Klerk died after a battle against cancer at his home in the Fresnaye area of Cape Town.","2021-11-11 12:02:18","Top News","https://www.politico.com/news/2021/11/11/south-africas-apartheid-president-dies-520791","f877d19b3e2c13c6527a61ea015cccd26db9e365220e2b2aa7eb1bae2a68218c","2a8afacc0975e97c9aebee800528ec1f"
"‘But he’s Jewish’: Opponent questions Mandel’s faith in Ohio Senate primary debate","Politico","The Republican Senate frontrunner was targeted earlier in an ad criticizing him for courting evangelical Christians.","2021-11-12 03:59:27","Top News","https://www.politico.com/news/2021/11/11/ohio-senate-jewish-campaign-ad-mandel-521007","f877d19b3e2c13c6527a61ea015cccd26db9e365220e2b2aa7eb1bae2a68218c","be3db0d672675b8c207e1181644ae50d"
"Adams doubles down on plan for 'plainclothes anti-gun unit'","Politico","","2021-11-11 16:45:50","Top News","https://www.politico.com/video/2021/11/11/adams-doubles-down-on-plan-for-plainclothes-anti-gun-unit-403120","f877d19b3e2c13c6527a61ea015cccd26db9e365220e2b2aa7eb1bae2a68218c","c6c463f71d0da62d807faa8b4d406d39"
"S. Korean candidate takes tough line on North's nuclear program","Politico","Yoon Suk Yeol stressed the need to boost cooperation with Washington and Japan to make up for South Korea’s relative lack of ability to monitor North Korea’s advancing nuclear program.","2021-11-12 11:25:36","Top News","https://www.politico.com/news/2021/11/12/south-korea-candidate-north-nuclear-program-521012","f877d19b3e2c13c6527a61ea015cccd26db9e365220e2b2aa7eb1bae2a68218c","95eeca311e74e5585d858dab1ed63aa0"
"Julian Assange given permission to marry partner in prison","Politico","Assange and Moris made their relationship public in April 2020 and had applied to prison authorities for permission to wed.","2021-11-12 13:48:48","Top News","https://www.politico.com/news/2021/11/12/julian-assange-given-permission-to-marry-partner-in-prison-521032","f877d19b3e2c13c6527a61ea015cccd26db9e365220e2b2aa7eb1bae2a68218c","d7de6f36e35591431ca1de98cd12cac1"
"Republicans’ new target … Big Bird?","Politico","","2021-11-12 22:00:24","Top News","https://www.politico.com/video/2021/11/12/republicans-new-target-big-bird-403365","f877d19b3e2c13c6527a61ea015cccd26db9e365220e2b2aa7eb1bae2a68218c","2e6ebd11e7c57923bee88e764659a5fb"
"U.S. Catholic bishops may dodge rebuke of Biden over abortion","Politico","While some bishops have said they would deny Communion to the president, there is no national policy on the matter.","2021-11-14 18:24:17","Top News","https://www.politico.com/news/2021/11/14/catholic-bishops-biden-abortion-522105","f877d19b3e2c13c6527a61ea015cccd26db9e365220e2b2aa7eb1bae2a68218c","daaea94ef6b522e81ab722879138f8e5"
"Pope: The poor are often victims of injustice","Politico","He celebrated Sunday Mass in St. Peter’s Basilica attended by 2,000 indigent people.","2021-11-14 12:44:53","Top News","https://www.politico.com/news/2021/11/14/pope-francis-poor-injustice-521896","f877d19b3e2c13c6527a61ea015cccd26db9e365220e2b2aa7eb1bae2a68218c","b50d4918a486ef4256dad3d57f549586"
"Cuomo won’t leave New York alone","Politico","Even as Albany’s insiders focus on Andrew Cuomo’s successor, Gov. Kathy Hochul, they privately continue worrying about what he might be up to.","2021-11-15 09:30:41","Top News","https://www.politico.com/news/2021/11/15/andrew-cuomo-wont-leave-ny-521205","f877d19b3e2c13c6527a61ea015cccd26db9e365220e2b2aa7eb1bae2a68218c","7763f6e763b5d8beb81137d64b26fc1d"
"McConnell sought to disinvite Trump from Biden’s inaugural","Politico","According to a new book from Jonathan Karl, Trump got wind of the plan and preemptively announced he wasn’t attending","2021-11-15 09:30:40","Top News","https://www.politico.com/news/2021/11/15/mcconnell-disinvite-trump-biden-inaugural-522253","f877d19b3e2c13c6527a61ea015cccd26db9e365220e2b2aa7eb1bae2a68218c","90c5a66e8579c694cd31866cc8467336"
"Huma Abedin’s ‘No Apology’ Tour","Politico","The long-silent Clinton aide struggles to tell her life story when the media just wants to know one thing: Why did you stay with Anthony Weiner?","2021-11-15 09:30:13","Top News","https://www.politico.com/news/magazine/2021/11/15/huma-abedin-hillary-clinton-aide-no-apology-tour-521199","f877d19b3e2c13c6527a61ea015cccd26db9e365220e2b2aa7eb1bae2a68218c","3c00ef3dde502397beff79908e0a895b"
"‘He’s nuts and he’s got a vendetta’: Cuomo won’t leave New York alone","Politico","Even as Albany’s insiders focus on Andrew Cuomo’s successor, Gov. Kathy Hochul, they privately continue worrying about what he might be up to.","2021-11-15 09:30:41","Top News","https://www.politico.com/news/2021/11/15/andrew-cuomo-wont-leave-ny-521205","f877d19b3e2c13c6527a61ea015cccd26db9e365220e2b2aa7eb1bae2a68218c","72c0449ff8ede826c6c583ba4fd00f77"
"Bannon surrenders to FBI","Politico","","2021-11-15 16:32:32","Top News","https://www.politico.com/video/2021/11/15/bannon-surrenders-to-fbi-404553","f877d19b3e2c13c6527a61ea015cccd26db9e365220e2b2aa7eb1bae2a68218c","b7a515f7590df46909decf12cd984d92"
"Peter Thiel is coming to Washington","Politico","The tech billionaire and Trump backer just bought a $13 million mansion in a ritzy D.C. neighborhood.","2021-11-15 22:40:10","Top News","https://www.politico.com/news/2021/11/15/peter-thiel-is-coming-to-washington-522605","f877d19b3e2c13c6527a61ea015cccd26db9e365220e2b2aa7eb1bae2a68218c","a0e8142841f0ea2335d25aeeb6ec3530"
"‘A dent in the machine‘: An old-guard political operation fights to survive","Politico","Trenton insiders are looking slack-jawed at the diminishment of South Jersey Democrats’ dominance.","2021-11-17 09:30:20","Top News","https://www.politico.com/news/2021/11/17/south-jersey-democrats-norcross-522737","f877d19b3e2c13c6527a61ea015cccd26db9e365220e2b2aa7eb1bae2a68218c","30d411c955c5c279036bd3ed2ee9601a"
"Opinion | Joe Biden’s Empty Inflation Toolbox","Politico","Presidents have little power to bring down rising prices. History shows the public doesn’t care.","2021-11-16 09:30:48","Top News","https://www.politico.com/news/magazine/2021/11/16/joe-bidens-empty-inflation-toolbox-522552","f877d19b3e2c13c6527a61ea015cccd26db9e365220e2b2aa7eb1bae2a68218c","dd75025d9066822f48cd7fcb33a77672"
"‘A dent in the machine’: An old-guard political operation fights to survive","Politico","Trenton insiders are looking slack-jawed at the diminishment of South Jersey Democrats’ dominance.","2021-11-17 09:30:20","Top News","https://www.politico.com/news/2021/11/17/south-jersey-democrats-norcross-522737","f877d19b3e2c13c6527a61ea015cccd26db9e365220e2b2aa7eb1bae2a68218c","2e298580b7810628254c15917d1ed076"
"Liberal 'dark-money' behemoth funneled more than $400M in 2020","Politico","The Sixteen Thirty Fund sent the cash to groups that aided Democrats' efforts to unseat then-President Donald Trump and Republicans' Senate majority.","2021-11-17 14:00:06","Top News","https://www.politico.com/news/2021/11/17/dark-money-sixteen-thirty-fund-522781","f877d19b3e2c13c6527a61ea015cccd26db9e365220e2b2aa7eb1bae2a68218c","e535bdea2dc6b10174dc3ea741868314"
"How one election left this powerful Democratic organization fighting to survive","Politico","Trenton insiders are looking slack-jawed at the diminishment of South Jersey Democrats’ dominance.","2021-11-17 09:30:20","Top News","https://www.politico.com/news/2021/11/17/south-jersey-democrats-norcross-522737","f877d19b3e2c13c6527a61ea015cccd26db9e365220e2b2aa7eb1bae2a68218c","5d601e49cf97cdd5a1d0a83ad2c97f5a"
"It’s the University of Austin Against Everyone — Including Itself","Politico","The discord in and around the launch of a new, free-thinking university reveals the power of intellectual “independence” — and just how hard it is to credibly claim.","2021-11-17 17:51:59","Top News","https://www.politico.com/news/magazine/2021/11/17/university-austin-bari-weiss-pinker-culture-politics-522800","f877d19b3e2c13c6527a61ea015cccd26db9e365220e2b2aa7eb1bae2a68218c","e58daebd3721efa98a0df417d0a45946"
"Allegations of bigotry and calls for impeachment rock College Democrats","Politico","The situation is so bad that the DNC is considering disaffiliation with the national organization.","2021-11-18 00:34:26","Top News","https://www.politico.com/news/2021/11/17/college-democrats-of-america-dnc-522864","f877d19b3e2c13c6527a61ea015cccd26db9e365220e2b2aa7eb1bae2a68218c","e5c5e661e3c0a09d4a233a23c1719ef4"
"'Political theater': DeSantis’ special session signals larger fights ahead of 2022","Politico","“This is about whipping up people’s fears. A lot of this is fear based,” said Florida House Democratic co-leader Evan Jenne during a Monday news conference.","2021-11-15 22:50:06","Top News","https://www.politico.com/news/2021/11/17/political-theater-desantis-special-session-522911","f877d19b3e2c13c6527a61ea015cccd26db9e365220e2b2aa7eb1bae2a68218c","9a1d37dcf2f4d8d51ea96783c5f6f583"
"Six things to know about HBCU federal funding in 2021","Politico","","2021-11-18 13:23:00","Top News","https://www.politico.com/video/2021/11/18/six-things-to-know-about-hbcu-federal-funding-in-2021-409531","f877d19b3e2c13c6527a61ea015cccd26db9e365220e2b2aa7eb1bae2a68218c","f11d3a614d0870396bc557f7ea03f9d3"
"Welcome To A True American Bloodsport: Redistricting","Politico","Congressional mapmaking used to be a sleepy affair. No longer.","2021-11-18 09:30:48","Top News","https://www.politico.com/news/magazine/2021/11/18/war-over-redistricting-522854","f877d19b3e2c13c6527a61ea015cccd26db9e365220e2b2aa7eb1bae2a68218c","69756817110257e3866641aefb3750aa"
"Left-wing Midwest media outlet launching with backing from Dem donor","Politico","The outfit, called Heartland Signal, combines a new digital news site focused on election coverage with a progressive talk radio station.","2021-11-18 09:30:43","Top News","https://www.politico.com/news/2021/11/18/left-wing-midwest-media-outlet-launch-522919","f877d19b3e2c13c6527a61ea015cccd26db9e365220e2b2aa7eb1bae2a68218c","cb57c989b8a724b96b0dedb0db4a5f09"
"Pennsylvania Republicans baffled by Dr. Oz’s Senate bid","Politico","GOP insiders are rattled by the unsettled primary field in one of the nation’s most important Senate races.","2021-11-19 09:30:11","Top News","https://www.politico.com/news/2021/11/19/pennsylvania-republicans-dr-oz-senate-bid-523023","f877d19b3e2c13c6527a61ea015cccd26db9e365220e2b2aa7eb1bae2a68218c","db5bd62a4586ca6d8d3e6babd365cdd2"
