"What Goes First: Bronzer Or Blush? Plus, How To Avoid Patchy Makeup","mindbodygreen","Let the pros explain the order of operations.","2021-11-01 20:11:00","Health","https://www.mindbodygreen.com/articles/what-goes-first-bronzer-blush-or-highlighter","f930d64e9313dfb00fca6790d58eee8a2adc123fe369215fac755631e56438b7","554ebb44db7c66cea39653b18c31091c"
"November Will Be A Month Of Spiritual Awakenings: Here's Your Horoscope","mindbodygreen","Powerful changes and shifting alliances are afoot. ","2021-11-01 18:02:00","Health","https://www.mindbodygreen.com/articles/november-2021-monthly-horoscope","f930d64e9313dfb00fca6790d58eee8a2adc123fe369215fac755631e56438b7","63a07b57098faa72d9877c38006df8ec"
"This Stovetop Potpourri Smells Like A Dream & Can Brighten Your Mood","mindbodygreen","Did someone say chai latte?","2021-11-01 13:03:00","Health","https://www.mindbodygreen.com/articles/fall-inspired-stovetop-potpourri","f930d64e9313dfb00fca6790d58eee8a2adc123fe369215fac755631e56438b7","fb28889f8da4dcaa0aa6a968cfc835b2"
"Got An Upsetting Text? Avoid This Mood-Wrecking Mistake, From A Neuroscientist","mindbodygreen","Do this instead.","2021-11-01 11:01:00","Health","https://www.mindbodygreen.com/articles/what-to-do-if-you-get-an-upsetting-text","f930d64e9313dfb00fca6790d58eee8a2adc123fe369215fac755631e56438b7","6fd29f20fd34e9b45722a9431626087a"
"Level-Up Your Core Workouts With These Unique 10 Plank Variations","mindbodygreen","Have you tried plank hip dips?","2021-11-01 10:30:00","Health","https://www.mindbodygreen.com/articles/plank-variations","f930d64e9313dfb00fca6790d58eee8a2adc123fe369215fac755631e56438b7","20649c7cad40898687ea24c6162fcb09"
"From Soups To Sorbet: Our Top 10 Vegan Recipes Of 2021 (So Far)","mindbodygreen","You, dear readers, are into soups and stews.","2021-11-01 10:06:00","Health","https://www.mindbodygreen.com/articles/top-vegan-recipes","f930d64e9313dfb00fca6790d58eee8a2adc123fe369215fac755631e56438b7","4472784a1d02430c289792aa0e763bc7"
"3 Underrated Hacks For Enhancing A Dewy Glow Year-Round*","mindbodygreen","Has your summer glow waned by now? My skin's complexion certainly has. Here's how I'm enhancing my glow come fall & winter dullness.*","2021-11-01 09:24:00","Health","https://www.mindbodygreen.com/articles/underrated-hacks-to-keep-dewy-skin-year-round","f930d64e9313dfb00fca6790d58eee8a2adc123fe369215fac755631e56438b7","cf18bc20c0892e74bf8d65a20ef154a7"
"I'm A Gut Health Expert & Here's How I Eat For My Skin","mindbodygreen","Beautiful skin always starts with the gut.","2021-11-01 09:03:00","Health","https://www.mindbodygreen.com/articles/what-a-gut-health-expert-eats-to-keep-her-skin-glowing","f930d64e9313dfb00fca6790d58eee8a2adc123fe369215fac755631e56438b7","a8682ccaa0cb8516cd24c36d669dd9a0"
"A Story Of Resilience In New York City’s Homelessness Crisis","mindbodygreen","A glimpse into a young girl's personal experience with the inequalities ever-present in America.","2021-11-01 09:00:00","Health","https://www.mindbodygreen.com/articles/a-story-of-resilience-in-new-york-citys-homelessness-crisis","f930d64e9313dfb00fca6790d58eee8a2adc123fe369215fac755631e56438b7","76ffd5520e8b70be66d54ae9a536a801"
"Meet The Flavor Boost That Will Make Your Veggies Mouthwatering","mindbodygreen","Our veggies need love too!","2021-11-01 09:00:00","Health","https://www.mindbodygreen.com/articles/meet-the-flavor-boost-that-will-make-your-veggies-mouthwatering","f930d64e9313dfb00fca6790d58eee8a2adc123fe369215fac755631e56438b7","c57d6e8547ddd16f0cbce2152445a933"
"3 Wellness Experts Share 7 Tips For Radical Self-Love *Right Now*","mindbodygreen","We all have the ability to give ourselves the love we deserve, but sometimes it's more difficult than others. These wellness experts are offering self-love tips too good not to share.","2021-11-01 07:00:00","Health","https://www.mindbodygreen.com/articles/3-wellness-experts-share-7-tips-for-radical-self-love-right-now","f930d64e9313dfb00fca6790d58eee8a2adc123fe369215fac755631e56438b7","46e14ad80691fdc5d971d0b05c865501"
"2 Nonnegotiables For Thriving In An Open Relationship, From Esther Perel","mindbodygreen","She says non-monogamous relationships can be stable.","2021-10-31 16:02:00","Health","https://www.mindbodygreen.com/articles/esther-perel-on-what-polyamorous-relationships-need","f930d64e9313dfb00fca6790d58eee8a2adc123fe369215fac755631e56438b7","ed8477fea389442686caaa194a92d9d1"
"Is Your Breakout Actually Just Your Skin Purging? How To Tell","mindbodygreen","Purging your skin is no easy task—nor is it for everyone.","2021-10-31 12:04:00","Health","https://www.mindbodygreen.com/articles/skin-purging","f930d64e9313dfb00fca6790d58eee8a2adc123fe369215fac755631e56438b7","cbd90179b3222c78ec76f8ee5fb082e2"
"You Simply Must Try This Healthy Banana-Maple Collagen Muffin For Breakfast","mindbodygreen","This editor practically scarfed it down while sipping her coffee.","2021-10-31 11:13:00","Health","https://www.mindbodygreen.com/articles/banana-maple-collagen-breakfast-muffin","f930d64e9313dfb00fca6790d58eee8a2adc123fe369215fac755631e56438b7","4eec6d6beeefabc03ba537873d3ef076"
"Get Into The Spooky Spirit With These 7 Spells & Rituals For Halloween","mindbodygreen","From tarot spreads to candle meditations, this is a great day to give a new ritual a whirl.","2021-10-31 10:04:00","Health","https://www.mindbodygreen.com/articles/spells-rituals-for-halloween-2021","f930d64e9313dfb00fca6790d58eee8a2adc123fe369215fac755631e56438b7","df49832a928e296b24b0e8b4e57bbf8e"
"The Supplement This Beauty Editor Can't Stop Recommending For Glowing Skin*","mindbodygreen","This recommendation comes glowing.","2021-10-31 09:01:00","Health","https://www.mindbodygreen.com/articles/the-skin-care-supplement-recommended-by-mbgs-beauty-director","f930d64e9313dfb00fca6790d58eee8a2adc123fe369215fac755631e56438b7","04797e2e24215295221bd722bae50b6c"
"This Is The Week For A Relationship Talk (Before It's Too Late), Astrologers Say","mindbodygreen","Dig into your weekly 'scope.","2021-10-30 14:04:00","Health","https://www.mindbodygreen.com/articles/weekly-horoscope-for-november-1-7-2021-from-the-astrotwins","f930d64e9313dfb00fca6790d58eee8a2adc123fe369215fac755631e56438b7","6c95c244192b7e420b1d9e017219f123"
"Trauma Bonding Is Not A Good Thing: Here's What It Really Means","mindbodygreen","This is a feature of abusive relationships.","2021-10-30 13:07:00","Health","https://www.mindbodygreen.com/articles/trauma-bonding","f930d64e9313dfb00fca6790d58eee8a2adc123fe369215fac755631e56438b7","40bd915fc35371b33c420629b5a2c0bd"
"Stop Tossing Your Garlic & Onion Skins: 10 Health-Supporting Ways To Use Them","mindbodygreen","Instead of tossing garlic and onion peels into the trash, make the most of them.","2021-10-30 11:23:00","Health","https://www.mindbodygreen.com/articles/garlic-peels","f930d64e9313dfb00fca6790d58eee8a2adc123fe369215fac755631e56438b7","e8fb90b7fc54be0e40edb7cc6dea6890"
"11 Science-Backed Solutions To Help You Stop Coughing ASAP (Nope, Not Syrup)","mindbodygreen","For day and night.","2021-10-30 10:04:00","Health","https://www.mindbodygreen.com/articles/how-to-stop-coughing","f930d64e9313dfb00fca6790d58eee8a2adc123fe369215fac755631e56438b7","dc23d87766cb0b2b9ed6eb38e8025b71"
"9 Best Hanging Planters To Bring Your Greenery Game To The Next Level","mindbodygreen","Take your greenery to the (literal) next level.","2021-11-01 23:29:00","Health","https://www.mindbodygreen.com/articles/best-hanging-planters","f930d64e9313dfb00fca6790d58eee8a2adc123fe369215fac755631e56438b7","43c55da7c7bab5cc2fda8617c6028349"
"Do You Have A Balanced Endocannabinoid System? Here’s What To Look For","mindbodygreen","We all have an ECS, learn about yours.","2021-11-02 09:00:00","Health","https://www.mindbodygreen.com/articles/do-you-have-a-balanced-endocannabinoid-system-heres-what-to-look-for","f930d64e9313dfb00fca6790d58eee8a2adc123fe369215fac755631e56438b7","20b0a3d6d591ac19ca04364960b9a156"
"How To Do Some Soul Searching For 2021's Only Scorpio New Moon","mindbodygreen","Ready for an extreme makeover? This new moon gets the ball rolling.","2021-11-02 09:35:00","Health","https://www.mindbodygreen.com/articles/new-moon-november-2021","f930d64e9313dfb00fca6790d58eee8a2adc123fe369215fac755631e56438b7","f3f20a19014c3b38694aa165ff00e6f3"
"Older Adults On This Diet Take Less Medicine Later In Life, Study Finds","mindbodygreen","It might have big lifestyle implications for older adults. A Vegan Diet Decreased This Complication In Older Adults, Study Finds","2021-11-02 09:07:00","Health","https://www.mindbodygreen.com/articles/vegan-diet-decreased-this-complication-in-older-adults","f930d64e9313dfb00fca6790d58eee8a2adc123fe369215fac755631e56438b7","8df8b7d4382c5280bba3e2bc30f4e8e9"
"I'm A Gastroenterologist: These Sneaky Things Might Cause Leaky Gut","mindbodygreen","The gut can serve as the best measurement of our overall health. ","2021-11-02 10:04:00","Health","https://www.mindbodygreen.com/articles/factors-that-might-cause-leaky-gut-from-gastroenterologist","f930d64e9313dfb00fca6790d58eee8a2adc123fe369215fac755631e56438b7","9cf621f4df7d78e30b2a546ad4453a98"
"New Research Debunks This Common Misconception About Breakups","mindbodygreen","There are some misconceptions about how people handle breakups.","2021-11-02 11:27:00","Health","https://www.mindbodygreen.com/articles/men-take-breakups-harder-than-women-research-finds","f930d64e9313dfb00fca6790d58eee8a2adc123fe369215fac755631e56438b7","a13df69e971afad98ade96964a8ed22a"
"Add This 5-Minute Hack To Your Shower Routine For Lush Hair Growth","mindbodygreen","It's shockingly easy.","2021-11-02 15:09:00","Health","https://www.mindbodygreen.com/articles/derms-simple-rosemary-oil-hack-for-hair-growth","f930d64e9313dfb00fca6790d58eee8a2adc123fe369215fac755631e56438b7","3248b97fb371ded9a02937f98cfc48f2"
"A Story Of Resilience In New York City's Homelessness Crisis","mindbodygreen","A glimpse into a young girl's personal experience with the inequalities ever-present in America.","2021-11-01 09:00:00","Health","https://www.mindbodygreen.com/articles/a-story-of-resilience-in-new-york-citys-homelessness-crisis","f930d64e9313dfb00fca6790d58eee8a2adc123fe369215fac755631e56438b7","0b6b64d3c04424e79626ccec810d08a5"
"3 Lessons The Day Of The Dead Can Teach Us About Living","mindbodygreen","There's a gift that comes when we become familiar with impermanence.","2021-11-02 16:31:00","Health","https://www.mindbodygreen.com/articles/dia-de-los-muertos-lessons","f930d64e9313dfb00fca6790d58eee8a2adc123fe369215fac755631e56438b7","dbed0606bb50dd76861bf2133a81957a"
"Level Up Your Core Workouts With These Unique 10 Plank Variations","mindbodygreen","Have you tried plank hip dips?","2021-11-01 10:30:00","Health","https://www.mindbodygreen.com/articles/plank-variations","f930d64e9313dfb00fca6790d58eee8a2adc123fe369215fac755631e56438b7","68294d0afea7c8675495a056da1a23f3"
"Do You Have A Balanced Endocannabinoid System? Here's What To Look For","mindbodygreen","We all have an ECS; learn about yours.","2021-11-02 09:00:00","Health","https://www.mindbodygreen.com/articles/do-you-have-a-balanced-endocannabinoid-system-heres-what-to-look-for","f930d64e9313dfb00fca6790d58eee8a2adc123fe369215fac755631e56438b7","1f29e9afb1eb8dc70bf6bf567f897d26"
"You're Probably Not Getting Enough Of These Important Nutrients","mindbodygreen","There's a simple solution, though.","2021-11-02 19:01:00","Health","https://www.mindbodygreen.com/articles/americans-are-falling-short-on-many-key-nutrients","f930d64e9313dfb00fca6790d58eee8a2adc123fe369215fac755631e56438b7","27f2ebfc5d2216538f82da7ae33dac46"
"This Simple & Surprising Habit Can Save A Relationship At Any Stage","mindbodygreen","It's simpler than you might expect.","2021-11-02 20:03:00","Health","https://www.mindbodygreen.com/articles/how-dancing-can-benefit-relationships","f930d64e9313dfb00fca6790d58eee8a2adc123fe369215fac755631e56438b7","416c5353c73bc6c4c5215f4f288504a1"
"We’ve Been Wrong About Alzheimer’s Progression: Study Finds The Real Cause","mindbodygreen","Groundbreaking new research.","2021-11-02 21:05:00","Health","https://www.mindbodygreen.com/articles/study-identifies-what-causes-alzheimers-to-progress-in-the-brain","f930d64e9313dfb00fca6790d58eee8a2adc123fe369215fac755631e56438b7","d40fdc87f87ea4f98e1b4cc019a1fc15"
"This Spiced Apple Slaw Is A Refreshing, Vibrant Addition To Your Fall Table","mindbodygreen","Planning your Thanksgiving in advance? Add this koshumbri to the menu.","2021-11-02 23:34:00","Health","https://www.mindbodygreen.com/articles/apple-red-chili-mustard-seed-slaw","f930d64e9313dfb00fca6790d58eee8a2adc123fe369215fac755631e56438b7","77b9626fd980ddbb24832cea44512334"
"Do Multivitamins Really Work? Here's What The Science Has To Say","mindbodygreen","But that doesn't mean all multis are created equal.","2021-11-03 09:02:00","Health","https://www.mindbodygreen.com/articles/do-multivitamins-work","f930d64e9313dfb00fca6790d58eee8a2adc123fe369215fac755631e56438b7","61e3b16e2cca2a4539682ea227f9bb44"
"I'm A PhD & RD: These Common Vitamin D Myths Make Me Cringe","mindbodygreen","Hopefully this explainer will steer you down the right path.","2021-11-03 09:26:00","Health","https://www.mindbodygreen.com/articles/biggest-vitamin-d-myths","f930d64e9313dfb00fca6790d58eee8a2adc123fe369215fac755631e56438b7","420eec741e61eb9617c400ca99bd1925"
"Is Vegan Leather Really More Sustainable? The Pros, Cons & Our Top Picks","mindbodygreen","Here's what to know before you shop.","2021-11-03 10:03:00","Health","https://www.mindbodygreen.com/articles/vegan-purses","f930d64e9313dfb00fca6790d58eee8a2adc123fe369215fac755631e56438b7","1e5b677661352ed494621ab3761143af"
"9 Expert-Backed Items To Ease The Winter Transition (Daylight Saving Is Coming)","mindbodygreen","Cold weather is on the way!","2021-11-03 11:04:00","Health","https://www.mindbodygreen.com/articles/essentials-for-a-healthy-winter","f930d64e9313dfb00fca6790d58eee8a2adc123fe369215fac755631e56438b7","218690d34c13e674e60c737f092747b2"
"The One Foundation Trick This Makeup Artist Wants You To Avoid","mindbodygreen","Users swear it can level up your makeup and leave you with extra velvety skin.","2021-11-03 13:02:00","Health","https://www.mindbodygreen.com/articles/should-you-freeze-your-beauty-blender","f930d64e9313dfb00fca6790d58eee8a2adc123fe369215fac755631e56438b7","a575cd18608443c6f14006eedf43b17f"
"The Mistake This PhD & Spice Expert Wants You To Stop Making With Ginger","mindbodygreen","Don't waste this precious potent ingredient.","2021-11-03 14:27:00","Health","https://www.mindbodygreen.com/articles/best-way-to-peel-ginger","f930d64e9313dfb00fca6790d58eee8a2adc123fe369215fac755631e56438b7","e580ec86eaa3c36c408405ffdb5f2c18"
"What Is Vegan Leather—And Is It More Sustainable Than The Real Deal?","mindbodygreen","Here's what to know before you shop.","2021-11-03 10:03:00","Health","https://www.mindbodygreen.com/articles/vegan-purses","f930d64e9313dfb00fca6790d58eee8a2adc123fe369215fac755631e56438b7","a80b760e1de99c992a4ebb4a7c7991f7"
"How To Do Some Soul-Searching For 2021's Only Scorpio New Moon","mindbodygreen","Ready for an extreme makeover? This new moon gets the ball rolling.","2021-11-02 09:35:00","Health","https://www.mindbodygreen.com/articles/new-moon-november-2021","f930d64e9313dfb00fca6790d58eee8a2adc123fe369215fac755631e56438b7","2c2d44fe614cc24325e5431364968928"
"We've Been Wrong About Alzheimer's Progression: Study Finds The Real Cause","mindbodygreen","Read up on this groundbreaking new research.","2021-11-02 21:05:00","Health","https://www.mindbodygreen.com/articles/study-identifies-what-causes-alzheimers-to-progress-in-the-brain","f930d64e9313dfb00fca6790d58eee8a2adc123fe369215fac755631e56438b7","b18057af273fa25dc29d0bee56809a16"
"13 Habits For Building Confidence & Creating The Life You Really Want","mindbodygreen","Confidence is self-trust in your skills, choices, and values.","2021-11-03 16:04:00","Health","https://www.mindbodygreen.com/articles/how-to-build-confidence","f930d64e9313dfb00fca6790d58eee8a2adc123fe369215fac755631e56438b7","dee99a56effe60e26160462eff1e1360"
"What Is Vegan Leather — And Is It More Sustainable Than The Real Deal?","mindbodygreen","Here's what to know before you shop.","2021-11-03 10:03:00","Health","https://www.mindbodygreen.com/articles/vegan-purses","f930d64e9313dfb00fca6790d58eee8a2adc123fe369215fac755631e56438b7","ee2c2c17fdbbde7ba1b503134dd22f1d"
"Do You Have Control Issues In Your Relationships? This Might Be Why","mindbodygreen","Has anyone ever accused you of being controlling?","2021-11-03 18:03:00","Health","https://www.mindbodygreen.com/articles/are-you-controlling-person-this-could-be-why-experts-say","f930d64e9313dfb00fca6790d58eee8a2adc123fe369215fac755631e56438b7","e7bd34bd703c88473cedb84924ce5e05"
"9 Expert-Backed Items To Ease The Winter Transition (Daylight Saving Is Ending)","mindbodygreen","Cold weather is on the way!","2021-11-03 11:04:00","Health","https://www.mindbodygreen.com/articles/essentials-for-a-healthy-winter","f930d64e9313dfb00fca6790d58eee8a2adc123fe369215fac755631e56438b7","40fcfad18350bf4cc7f0e27ffe23eead"
"7 Incredible Things That Happen When You Start Taking A Quality Multivitamin*","mindbodygreen","Plus, what perks you can expect to experience.*","2021-11-03 23:03:00","Health","https://www.mindbodygreen.com/articles/multivitamin-benefits","f930d64e9313dfb00fca6790d58eee8a2adc123fe369215fac755631e56438b7","49bbaaa6febeca9faa13906629a4f064"
"This Tarot Card Represents The Perfect Balance Of Wisdom & Stability","mindbodygreen","It's like a symbol for emotional and subconscious mastery.","2021-11-03 20:22:00","Health","https://www.mindbodygreen.com/articles/king-of-cups","f930d64e9313dfb00fca6790d58eee8a2adc123fe369215fac755631e56438b7","9a0d9ac4197ac7f61f180828e4023023"
"The Best Time Of Day To Take A Multivitamin Might Not Be When You Think","mindbodygreen","Are you getting the most out of your routine?","2021-11-04 09:31:00","Health","https://www.mindbodygreen.com/articles/best-time-of-day-to-take-your-multivitamin-according-to-experts","f930d64e9313dfb00fca6790d58eee8a2adc123fe369215fac755631e56438b7","392ed78ab148df2a7b46cfc666bad866"
"9 Fast & Effective Ways To Warm Up Instantly When You're Cold","mindbodygreen","Chilly weather is upon us.","2021-11-04 09:07:00","Health","https://www.mindbodygreen.com/articles/arurveda-how-to-warm-yourself-up","f930d64e9313dfb00fca6790d58eee8a2adc123fe369215fac755631e56438b7","d82fefd39b73441eff61a0a2a908ed89"
"Eating *This* For Lunch Can Seriously Boost Your Brain Health","mindbodygreen","Any guesses?","2021-11-04 10:18:00","Health","https://www.mindbodygreen.com/articles/how-salad-per-day-can-support-brain-health-from-nutritionist","f930d64e9313dfb00fca6790d58eee8a2adc123fe369215fac755631e56438b7","a4362aa2172e47039beb4d6947e7f3ab"
"I’m A Biohacking Expert: Here’s My Go-To Tip For Tackling Stress","mindbodygreen","What doesn't kill you makes you stronger.","2021-11-04 11:08:00","Health","https://www.mindbodygreen.com/articles/stronger-by-stress","f930d64e9313dfb00fca6790d58eee8a2adc123fe369215fac755631e56438b7","b88c6457536d9dd1b81a7db527e4db3e"
"5 Different Types Of Rest You Didn’t Know You Needed—Beyond Just Sleep","mindbodygreen","Rest isn’t a one-size-fits all approach.","2021-11-04 12:03:00","Health","https://www.mindbodygreen.com/articles/types-of-rest","f930d64e9313dfb00fca6790d58eee8a2adc123fe369215fac755631e56438b7","ed18398a2b3fbfba6cd0500ebb512e08"
"You're Probably Applying Your Blush Wrong—Expert Tips To Change That","mindbodygreen","There are, no joke, dozens of ways to apply blush.","2021-11-04 14:11:00","Health","https://www.mindbodygreen.com/articles/how-to-apply-blush","f930d64e9313dfb00fca6790d58eee8a2adc123fe369215fac755631e56438b7","3d2e6b082eb47b99729c08f25f530251"
"This Filling Vegetarian Chili Is Packed With Fiber & Protein","mindbodygreen","Perfect for a cold-snap.","2021-11-04 15:06:00","Health","https://www.mindbodygreen.com/articles/plant-based-chorizo-chili","f930d64e9313dfb00fca6790d58eee8a2adc123fe369215fac755631e56438b7","73daf3fb46e8699ab585382eb9997582"
"I'm A Biohacking Expert: Here's My Go-To Tip For Tackling Stress","mindbodygreen","What doesn't kill you makes you stronger.","2021-11-04 11:08:00","Health","https://www.mindbodygreen.com/articles/stronger-by-stress","f930d64e9313dfb00fca6790d58eee8a2adc123fe369215fac755631e56438b7","dbf18adc8b1294d7d33c9032cc2ec560"
"You're Probably Applying Your Blush Wrong — Expert Tips To Change That","mindbodygreen","There are, no joke, dozens of ways to apply blush.","2021-11-04 14:11:00","Health","https://www.mindbodygreen.com/articles/how-to-apply-blush","f930d64e9313dfb00fca6790d58eee8a2adc123fe369215fac755631e56438b7","246e55b73e9aff84de71076ea3f61ff0"
"5 Different Types Of Rest You Didn't Know You Needed — Beyond Just Sleep","mindbodygreen","Rest isn't a one-size-fits-all approach.","2021-11-04 12:03:00","Health","https://www.mindbodygreen.com/articles/types-of-rest","f930d64e9313dfb00fca6790d58eee8a2adc123fe369215fac755631e56438b7","5c632d17e101fdc365fcf63cc6129dac"
"What Each Sign Should Know For The New Moon (& Who It Affects Most)","mindbodygreen","It asks us to dive deep into the roots of our problems, break out of old patterns and habits, and transform","2021-11-04 18:04:00","Health","https://www.mindbodygreen.com/articles/november-2021-new-moon-forecast","f930d64e9313dfb00fca6790d58eee8a2adc123fe369215fac755631e56438b7","6720a734e8548c3c2ff16b62ac4aebd0"
"The One Antioxidant-Packed Drink That Belongs In Everyone's Daily Routine","mindbodygreen","What's not to love about green tea?","2021-11-04 23:04:00","Health","https://www.mindbodygreen.com/articles/best-green-tea","f930d64e9313dfb00fca6790d58eee8a2adc123fe369215fac755631e56438b7","e54f044a2cdd49b7b89675b666d7875a"
"What Does It Really Mean To Be Gender Nonconforming? Definition + Examples","mindbodygreen","Gender nonconformity is any action, behavior, attitude, or identity that intentionally bucks gender stereotypes.","2021-11-04 21:03:00","Health","https://www.mindbodygreen.com/articles/gender-nonconforming","f930d64e9313dfb00fca6790d58eee8a2adc123fe369215fac755631e56438b7","6d1ec8834c8da05a5989f22deaa561b6"
"Why Sleep Experts Think We Should Ditch Daylight Saving Time","mindbodygreen","Plus, some tips on getting through the next—and possibly last?—clock reset.","2021-11-04 14:26:00","Health","https://www.mindbodygreen.com/articles/why-sleep-experts-think-we-should-ditch-daylight-saving-time","f930d64e9313dfb00fca6790d58eee8a2adc123fe369215fac755631e56438b7","26d61c02109cebdd207ca770c6308dbc"
"Bookmark This: 3 In-The-Moment Hacks To Ease Anxiousness & Nervous Energy","mindbodygreen","Chances are you'll feel the anxiousness subside.","2021-11-05 09:27:00","Health","https://www.mindbodygreen.com/articles/underrated-hacks-to-dispel-nervous-energy","f930d64e9313dfb00fca6790d58eee8a2adc123fe369215fac755631e56438b7","463b28dfb74c1e8ebc751b438d2fd6ae"
"There Are So Many Multivitamin Options Out There—How To Pick The Right One","mindbodygreen","Because, yes, it matters!","2021-11-05 09:03:00","Health","https://www.mindbodygreen.com/articles/how-to-choose-right-multivitamin-to-support-your-health","f930d64e9313dfb00fca6790d58eee8a2adc123fe369215fac755631e56438b7","8d30cf5c1ace151ed6f56b663c808dd5"
"For Women Over 65, This Eating Habit Could Harm Heart Health","mindbodygreen","There might be benefits to connecting over a meal.","2021-11-05 11:02:00","Health","https://www.mindbodygreen.com/articles/eating-alone-bad-for-heart-health","f930d64e9313dfb00fca6790d58eee8a2adc123fe369215fac755631e56438b7","d9d7840cbb337ae283df4911d3003651"
"This Type Of Multivitamin Is A Major Red Flag, According To Nutrition Experts","mindbodygreen","Sometimes the truth hurts.","2021-11-05 10:03:00","Health","https://www.mindbodygreen.com/articles/you-might-want-to-reconsider-your-gummy-multivitamin","f930d64e9313dfb00fca6790d58eee8a2adc123fe369215fac755631e56438b7","7c37aaf0ecaaccea18c45a85e1e52005"
"Chronic Stress Seriously Damages The Body—But Is It Reversible?","mindbodygreen","They're simple, but that doesn't mean they're easy.","2021-11-05 12:26:00","Health","https://www.mindbodygreen.com/articles/chronic-stress-reversible","f930d64e9313dfb00fca6790d58eee8a2adc123fe369215fac755631e56438b7","20651e90872f00164c9d4fa6a240cc79"
"13 Science-Backed Ways To Increase Happiness, According To Psychologists","mindbodygreen","You're going to love #8.","2021-11-05 14:02:00","Health","https://www.mindbodygreen.com/articles/how-to-increase-serotonin","f930d64e9313dfb00fca6790d58eee8a2adc123fe369215fac755631e56438b7","07777a27a0ebacf61f586336fc6bfc8b"
"There Are So Many Multivitamin Options Out There — How To Pick The Right One","mindbodygreen","Because, yes, it matters!","2021-11-05 09:03:00","Health","https://www.mindbodygreen.com/articles/how-to-choose-right-multivitamin-to-support-your-health","f930d64e9313dfb00fca6790d58eee8a2adc123fe369215fac755631e56438b7","e15a1b3719fbb33366e97a714391ad86"
"Chronic Stress Seriously Damages The Body — But Is It Reversible?","mindbodygreen","They're simple, but that doesn't mean they're easy.","2021-11-05 12:26:00","Health","https://www.mindbodygreen.com/articles/chronic-stress-reversible","f930d64e9313dfb00fca6790d58eee8a2adc123fe369215fac755631e56438b7","9b7a852f495fd8b7e67693e4ed5a56da"
"A Meteorologist Predicts What To Expect For The Winter Ahead","mindbodygreen","La Niña is coming.","2021-11-05 16:14:00","Health","https://www.mindbodygreen.com/articles/winter-weather-predictions-2021","f930d64e9313dfb00fca6790d58eee8a2adc123fe369215fac755631e56438b7","bc23238ef8b5507b680ad311b5986362"
"The Best (& We Mean Best) Ways To Restore Collagen In The Face","mindbodygreen","Oh boy is collagen important for skin health.*","2021-11-05 18:04:00","Health","https://www.mindbodygreen.com/articles/how-to-restore-collagen-in-the-face","f930d64e9313dfb00fca6790d58eee8a2adc123fe369215fac755631e56438b7","e8345012fdbfa79ee48c665707871a1f"
"A Dream Teacher Breaks Down The Top 3 Barriers Between You & Lucid Dreams","mindbodygreen","Step 1: Practice mindfulness in your waking life.","2021-11-07 14:06:00","Health","https://www.mindbodygreen.com/articles/barriers-to-lucid-dreaming","f930d64e9313dfb00fca6790d58eee8a2adc123fe369215fac755631e56438b7","c845d1b9750121a8bd198bd7ed883870"
"A Sleep Specialist On How To Wake Up Energized — Even If It's Still Dark Outside","mindbodygreen","Winter is just around the corner, and that means colder weather and shorter days.","2021-11-07 12:05:00","Health","https://www.mindbodygreen.com/articles/how-to-wake-up-refreshed-even-when-its-cold-and-dark-outside","f930d64e9313dfb00fca6790d58eee8a2adc123fe369215fac755631e56438b7","ddcfa80bd5eb50f73beef48a82ae2f20"
"Olympic Gold Medalist Runner Peres Jepchirchir Shares Her NYC Marathon Prep","mindbodygreen","The gold medalist doesn't take any of her success for granted.","2021-11-07 11:03:00","Health","https://www.mindbodygreen.com/articles/peres-jepchirchir-marathon-training-preparation","f930d64e9313dfb00fca6790d58eee8a2adc123fe369215fac755631e56438b7","e7e2123549dea92c32ff9922ac6182e0"
"The Surprising Things To Know When Taking A Multivitamin For The First Time","mindbodygreen","Did you remember to take yours today?","2021-11-07 10:22:00","Health","https://www.mindbodygreen.com/articles/multivitamin-side-effects-and-benefits","f930d64e9313dfb00fca6790d58eee8a2adc123fe369215fac755631e56438b7","8aefe32b24c75c27f4f1fa0122490ba9"
"The One Thing You Should Stop Stressing About When Choosing A Multivitamin","mindbodygreen","You might be overcomplicating your routine...","2021-11-07 10:03:00","Health","https://www.mindbodygreen.com/articles/do-you-really-need-a-mens-or-womens-multivitamin","f930d64e9313dfb00fca6790d58eee8a2adc123fe369215fac755631e56438b7","3b231b9562e10a4c01f911aeb6ae9009"
"This Is A Magical Week To Press Pause & Rest, According To Astrologers","mindbodygreen","Ready, set, dream.","2021-11-06 14:10:00","Health","https://www.mindbodygreen.com/articles/weekly-horoscope-for-november-8-14-2021-from-the-astrotwins","f930d64e9313dfb00fca6790d58eee8a2adc123fe369215fac755631e56438b7","1e0d108aefed81b632c0ebb772a241bf"
"Stop Tossing Your Beet Stems: 3 Benefits Of This Nutrient-Packed Superfood","mindbodygreen","An unsuspecting, mild, easy-to-eat leafy green.","2021-11-06 12:28:00","Health","https://www.mindbodygreen.com/articles/beet-greens","f930d64e9313dfb00fca6790d58eee8a2adc123fe369215fac755631e56438b7","d23ea6383f0e8813126eaf1e8536b0ee"
"Does Fiber Make You Feel Bloated? Here's What You Need To Do","mindbodygreen","Recent research clues us in.","2021-11-06 11:02:00","Health","https://www.mindbodygreen.com/articles/how-your-microbiome-can-impact-your-response-to-fiber","f930d64e9313dfb00fca6790d58eee8a2adc123fe369215fac755631e56438b7","644ecc669efee6ec6b3976dff3979ff2"
"Health & Wellness Experts Are Obsessed With This Next-Generation Multivitamin*","mindbodygreen","Ready to upgrade your daily routine?","2021-11-06 10:03:00","Health","https://www.mindbodygreen.com/articles/ultimate-multivitamin-expert-reviews","f930d64e9313dfb00fca6790d58eee8a2adc123fe369215fac755631e56438b7","1df2406f562cf5cb843c2353dc1d1221"
"Does Your Multi Make You Feel Nauseous? How To Avoid That Queasy Feeling","mindbodygreen","Don't fret; there's an easy fix.","2021-11-06 09:02:00","Health","https://www.mindbodygreen.com/articles/why-multivitamins-can-make-you-feel-queasy-and-what-to-do","f930d64e9313dfb00fca6790d58eee8a2adc123fe369215fac755631e56438b7","d7942d9dfa028e0ff225188d85919435"
"How To Use Astrology For Healing In 5 Steps, From A Holistic Psychiatrist","mindbodygreen","There was a time when all physicians were astrologers.","2021-11-05 22:05:00","Health","https://www.mindbodygreen.com/articles/how-to-use-astrology-for-healing-from-holistic-psychiatrist","f930d64e9313dfb00fca6790d58eee8a2adc123fe369215fac755631e56438b7","af5ec55563c1ddf87a063cfc5d1a2cde"
"I’m A Hair Colorist: These Are My Top 3 Tips For Healthy Graying Locks","mindbodygreen","Surprising tips from a top expert.","2021-11-08 10:02:00","Health","https://www.mindbodygreen.com/articles/hair-care-tips-from-a-top-colorist-for-those-with-gray-hair","f930d64e9313dfb00fca6790d58eee8a2adc123fe369215fac755631e56438b7","4c6babdfb8c812815c0105f87ea8dd39"
"PSA: Your Multivitamin Might Be Missing These Important Minerals","mindbodygreen","Don't fall for this cheap but common move.","2021-11-08 10:26:00","Health","https://www.mindbodygreen.com/articles/many-multivitamins-fall-short-on-important-minerals","f930d64e9313dfb00fca6790d58eee8a2adc123fe369215fac755631e56438b7","1fdd29312465af6c051317a7e61de925"
"4 Important Perks Of Vitamin A That Have Nothing To Do With Your Eyes*","mindbodygreen","Are you getting enough?","2021-11-08 11:26:00","Health","https://www.mindbodygreen.com/articles/health-benefits-of-vitamin-a","f930d64e9313dfb00fca6790d58eee8a2adc123fe369215fac755631e56438b7","f7f15bebec5d8600424518a9e7f35a8a"
"This 10-Minute Beginner-Friendly Workout Will Ignite Your Entire Body","mindbodygreen","Let's get ready to move!","2021-11-08 11:04:00","Health","https://www.mindbodygreen.com/articles/beginner-hiit-workout","f930d64e9313dfb00fca6790d58eee8a2adc123fe369215fac755631e56438b7","70923d2ce81b053d9c03fe733cfaa1d7"
"The One Mistake To Avoid When Bringing Your Plants Inside For The Winter","mindbodygreen","As the seasons change, so do the needs of our beloved plants.","2021-11-08 12:42:00","Health","https://www.mindbodygreen.com/articles/bringing-your-outdoor-plants-in-dont-make-this-mistake","f930d64e9313dfb00fca6790d58eee8a2adc123fe369215fac755631e56438b7","0360d79a4f127c361650130180fc72d9"
"I'm A Hair Colorist: These Are My Top 3 Tips For Healthy Graying Locks","mindbodygreen","Surprising tips from a top expert.","2021-11-08 10:02:00","Health","https://www.mindbodygreen.com/articles/hair-care-tips-from-a-top-colorist-for-those-with-gray-hair","f930d64e9313dfb00fca6790d58eee8a2adc123fe369215fac755631e56438b7","e1ce4f1faa4a1bb12a6b599f3949362c"
"A Sex Therapist's Guide To Falling In Love With Your Masturbation Practice","mindbodygreen","Masturbation is a glorious experience to get to know your own body, how it works, and to bring yourself pleasure. And yet, it often feels like a weird taboo—even though most people are doing it.","2021-11-08 16:04:00","Health","https://www.mindbodygreen.com/articles/how-to-masturbate","f930d64e9313dfb00fca6790d58eee8a2adc123fe369215fac755631e56438b7","f71d0e29ae162a93091029df69f8eff9"
"This Unlikely Ingredient Could Reduce Emissions From Gassy Cows By Up To 90%","mindbodygreen","It's already making waves in the ag industry.","2021-11-09 00:07:00","Health","https://www.mindbodygreen.com/articles/seaweed-for-cows-methane","f930d64e9313dfb00fca6790d58eee8a2adc123fe369215fac755631e56438b7","f94b444a8ee2e2231ce37109dded69a5"
"The Surprising Ways My Nighttime CBD Gummy Improved My Relationship To Work","mindbodygreen","A wind-down routine must.","2021-11-09 10:00:00","Health","https://www.mindbodygreen.com/articles/surprising-ways-my-night-time-cbd-gummy-improved-my-relationship-to-work","f930d64e9313dfb00fca6790d58eee8a2adc123fe369215fac755631e56438b7","27993ed12b852311e5950c31d58c9778"
"Turns Out Your Cells Can Get Stressed Too. Here’s What To Do About It","mindbodygreen","Our cells = small but mighty","2021-11-09 10:00:00","Health","https://www.mindbodygreen.com/articles/turns-out-your-cells-can-get-stressed-too-heres-what-to-do-about-it","f930d64e9313dfb00fca6790d58eee8a2adc123fe369215fac755631e56438b7","c37b1e63dcc470a261bf3fed70a3ef7b"
"What Goes First: Vitamin C Or Hyaluronic Acid? How To Layer Your Skin Care","mindbodygreen","Here's how to get the most benefit from your serums.","2021-11-09 10:57:00","Health","https://www.mindbodygreen.com/articles/what-goes-first-vitamin-c-or-hyaluronic-acid","f930d64e9313dfb00fca6790d58eee8a2adc123fe369215fac755631e56438b7","9c67915d61da8e3bc4cd6b396f7f8f60"
"You're Probably Not Getting Enough Of This Master Antioxidant","mindbodygreen","It's truly a powerhouse for health and longevity.*","2021-11-09 10:24:00","Health","https://www.mindbodygreen.com/articles/health-benefits-of-glutathione-antioxidant","f930d64e9313dfb00fca6790d58eee8a2adc123fe369215fac755631e56438b7","6a2111cc816a77a5e120e3774d3308b8"
"How To Manifest Your Dreams Using Nothing But Paper & A Pen","mindbodygreen","Take your intentions to the next level.","2021-11-09 12:02:00","Health","https://www.mindbodygreen.com/articles/how-to-start-manifestation-journal-tips-tricks-and-templates","f930d64e9313dfb00fca6790d58eee8a2adc123fe369215fac755631e56438b7","241eba977c73f5762a2dabe145db9d2b"
"I’ve Made It My Career to Care For Others — Here’s How I Care For Myself","mindbodygreen","This past year has made many realize how vital community health is for our own individual wellness. Here's how one community organizer cares for herself.","2021-11-09 14:03:00","Health","https://www.mindbodygreen.com/articles/how-community-organizer-indy-officinalis-cares-for-herself","f930d64e9313dfb00fca6790d58eee8a2adc123fe369215fac755631e56438b7","6842fe4087b42948e44721bae792e761"
"Turns Out Your Cells Can Get Stressed Too. Here's What To Do About It","mindbodygreen","Our cells = small but mighty.","2021-11-09 10:00:00","Health","https://www.mindbodygreen.com/articles/turns-out-your-cells-can-get-stressed-too-heres-what-to-do-about-it","f930d64e9313dfb00fca6790d58eee8a2adc123fe369215fac755631e56438b7","6985ab519448346639ebf6d584c3ee5c"
"Of All The Multivitamins Out There, These Are Our 18 Favorites","mindbodygreen","Does your daily routine need an upgrade?","2021-11-09 10:01:00","Health","https://www.mindbodygreen.com/articles/best-multivitamins","f930d64e9313dfb00fca6790d58eee8a2adc123fe369215fac755631e56438b7","490941d41ee1ce814946963a869959e1"
"Looking For A Boost? Why These Energy Gummies May Help*","mindbodygreen","Looking for a boost?","2021-11-09 10:00:00","Health","https://www.mindbodygreen.com/articles/how-to-help-boost-your-energy","f930d64e9313dfb00fca6790d58eee8a2adc123fe369215fac755631e56438b7","75a73c3b87a06b83c68275602a975bd2"
"I've Made It My Career To Care For Others — Here's How I Care For Myself","mindbodygreen","This past year has made many realize how vital community health is for our own individual wellness. Here's how one community organizer cares for herself.","2021-11-09 14:03:00","Health","https://www.mindbodygreen.com/articles/how-community-organizer-indy-officinalis-cares-for-herself","f930d64e9313dfb00fca6790d58eee8a2adc123fe369215fac755631e56438b7","2d0e41af2b45096f3fa74a39040388b8"
"This Nutrient-Packed Pizza Has A Bonus Anti-Inflammatory Ingredient","mindbodygreen","It features some staple Mediterranean ingredients.","2021-11-10 03:38:00","Health","https://www.mindbodygreen.com/articles/anchovy-brussels-sprout-pizza-recipe","f930d64e9313dfb00fca6790d58eee8a2adc123fe369215fac755631e56438b7","773af9e8cd0e5ebb2a916f6f32d92538"
"2 Places That Will Definitely Kill Your Houseplants + Where To Put Them Instead","mindbodygreen","An important refresher now that winter is coming.","2021-11-10 00:04:00","Health","https://www.mindbodygreen.com/articles/places-you-should-never-put-your-houseplants","f930d64e9313dfb00fca6790d58eee8a2adc123fe369215fac755631e56438b7","4478f54234570c36b075acc1df4f4e44"
"The Inflammatory Food This Nutrition Expert Wants You To Nix","mindbodygreen","It's one of seven high-FI (food intolerance) ingredients that may impact well-being.","2021-11-09 21:03:00","Health","https://www.mindbodygreen.com/articles/gluten-free-corn-advice-celebrity-nutrition-expert","f930d64e9313dfb00fca6790d58eee8a2adc123fe369215fac755631e56438b7","f3f4db4bd65c1be6abbb863eaea6762d"
"Want A Quick Cardio Burst & Full-Body Workout? Try This One Energetic Exercise","mindbodygreen","It's simple and beginner-friendly.","2021-11-10 10:02:00","Health","https://www.mindbodygreen.com/articles/jumping-jacks-how-to-do-them-tips-modifications-and-benefits","f930d64e9313dfb00fca6790d58eee8a2adc123fe369215fac755631e56438b7","113966a80ecf37fb3d4403e440bdf9ba"
"This Is What's Really Causing Your Bizarre Dreams, Says An Expert","mindbodygreen","There's no shortage of bizarre dreams our brains can come up with while sleeping.","2021-11-10 09:32:00","Health","https://www.mindbodygreen.com/articles/why-we-really-have-crazy-dreams-according-to-expert","f930d64e9313dfb00fca6790d58eee8a2adc123fe369215fac755631e56438b7","1e547a53d2138c2ccc26214f07803c80"
"A Functional MD’s Absolute Favorite Foods To Support Immunity (Stock Up Now!)","mindbodygreen","She always has these powerful staples on-hand. ","2021-11-10 11:02:00","Health","https://www.mindbodygreen.com/articles/functional-mds-top-favorite-foods-to-support-immunity","f930d64e9313dfb00fca6790d58eee8a2adc123fe369215fac755631e56438b7","1fd8b5141e0cbc758ae270a299ae534d"
"The One Mistake Couples Always Make When Trying To Improve Their Sex Life","mindbodygreen","Why do we always focus on *frequency* as a marker of a good sex life?","2021-11-10 10:31:00","Health","https://www.mindbodygreen.com/articles/why-couples-should-focus-less-on-having-more-sex","f930d64e9313dfb00fca6790d58eee8a2adc123fe369215fac755631e56438b7","618e76e786faddfc09b4b848038812e1"
"I'm A Beauty Director & This Innovative Hand Cream Is My Newest Skin Care Obsession","mindbodygreen","An innovative, high-tech formula.","2021-11-10 15:02:00","Health","https://www.mindbodygreen.com/articles/why-you-need-to-protect-your-skin-with-a-postbiotic-hand-cream","f930d64e9313dfb00fca6790d58eee8a2adc123fe369215fac755631e56438b7","0b48ba5e4cbd057fa5ceda6abd8052f9"
"A Functional MD's Absolute Favorite Foods To Support Immunity (Stock Up Now!)","mindbodygreen","She always has these powerful staples on hand.","2021-11-10 11:02:00","Health","https://www.mindbodygreen.com/articles/functional-mds-top-favorite-foods-to-support-immunity","f930d64e9313dfb00fca6790d58eee8a2adc123fe369215fac755631e56438b7","0cdfce84135660f3ca24ab36578e0884"
"This Sleep Doctor Shares The 3 Reasons Women Aren't Sleeping Well & What To Do About It","mindbodygreen","Research shows that women aren't sleeping well. We spoke with AthletaWell's sleep guide to find out why.","2021-11-11 08:00:00","Health","https://www.mindbodygreen.com/articles/this-sleep-doctor-shares-3-reasons-why-women-arent-sleeping-well-and-what-to-do-about-it","f930d64e9313dfb00fca6790d58eee8a2adc123fe369215fac755631e56438b7","5f3e904d15ea095205de91f6b2f55392"
"How To Embrace & Integrate Your Shadow Self For Major Healing","mindbodygreen","We all have parts of ourselves that aren't necessarily our favorite.","2021-11-11 02:05:00","Health","https://www.mindbodygreen.com/articles/shadow-self","f930d64e9313dfb00fca6790d58eee8a2adc123fe369215fac755631e56438b7","9b675b8eb52b988f000f481920973fa7"
"This Protein-Packed Salad Features A Unique Nutrient-Rich Ingredient","mindbodygreen","Plus, it's gut-healthy.","2021-11-11 01:06:00","Health","https://www.mindbodygreen.com/articles/chickpea-samphire-salad","f930d64e9313dfb00fca6790d58eee8a2adc123fe369215fac755631e56438b7","063dde8582ba1e63709e0cc8a398fc06"
"A Powerful Portal Opens Thursday: Here's How To Harness 11/11","mindbodygreen","Your intuition may be heightened.","2021-11-11 00:05:00","Health","https://www.mindbodygreen.com/articles/rituals-to-harness-powerful-energy-of-1111","f930d64e9313dfb00fca6790d58eee8a2adc123fe369215fac755631e56438b7","2a16b60e3f3989f38cca80766eb0102a"
"This One Habit Can Support Your Dog’s Longevity, Says A Veterinarian","mindbodygreen","Intermittent fasting (or feeding) can add years to your dog's life.","2021-11-10 23:04:00","Health","https://www.mindbodygreen.com/articles/why-your-dogs-should-be-intermittent-fasting-from-vet","f930d64e9313dfb00fca6790d58eee8a2adc123fe369215fac755631e56438b7","2362ba5b16b7e878e4b0509615d5db49"
"A Gut Health Expert Says To Eat This For Glowing Skin & More Collagen","mindbodygreen","A skin-supporting food she can't get enough of.","2021-11-10 20:42:00","Health","https://www.mindbodygreen.com/articles/why-gut-health-expert-loves-blueberries-for-skin","f930d64e9313dfb00fca6790d58eee8a2adc123fe369215fac755631e56438b7","6e57a64a1763b540afaa092a76262e80"
"Upgrade Your Lunch With This Mouthwatering Pear, Tempeh & Arugula Sandwich","mindbodygreen","You didn't know you needed this sandwich in your life.","2021-11-10 09:00:00","Health","https://www.mindbodygreen.com/articles/upgrade-your-lunch-with-this-mouthwatering-pear-tempeh-and-arugula-sandwich","f930d64e9313dfb00fca6790d58eee8a2adc123fe369215fac755631e56438b7","0686d80c305c58827aa78c6c77798bb2"
"I’m A Nutritionist: These Are My 6 All-Time Favorite Foods For Longevity","mindbodygreen","Check out this superstar grocery list.","2021-11-11 10:57:00","Health","https://www.mindbodygreen.com/articles/nutritionists-favorite-foods-for-longevity","f930d64e9313dfb00fca6790d58eee8a2adc123fe369215fac755631e56438b7","f1cae8f01c8f6312040e9de1e1c48f2e"
"Yes, It's Possible To Get Omega-3s As A Vegan Or Vegetarian: Here's How","mindbodygreen","Variety is key.","2021-11-11 10:31:00","Health","https://www.mindbodygreen.com/articles/omega-3-food","f930d64e9313dfb00fca6790d58eee8a2adc123fe369215fac755631e56438b7","e07e1c218c80dac307103f68ff7f649c"
"Underrated Ingredients To Look For In Hand Creams Because Winter Skin Is Upon Us","mindbodygreen","Cold, dry weather does a number on the hands.","2021-11-11 10:04:00","Health","https://www.mindbodygreen.com/articles/how-to-find-hydrating-hand-cream-to-soothe-dry-skin","f930d64e9313dfb00fca6790d58eee8a2adc123fe369215fac755631e56438b7","65b4f0fc239ef1d129d9431b34c9b5d2"
"You Might Want To Look Out For This Iffy Sign In Vitamin D Supplements","mindbodygreen","There’s a certain ingredient on the label—and it often goes overlooked. ","2021-11-11 11:23:00","Health","https://www.mindbodygreen.com/articles/how-to-know-if-your-vitamin-d-supplement-is-vegan","f930d64e9313dfb00fca6790d58eee8a2adc123fe369215fac755631e56438b7","7f8c9c90122d8e13c796e2a8d7b630d3"
"The Treehouse-Inspired Airbnb At The Top Of Our Vacation Bucket List","mindbodygreen","The Nook is an invitation to a slower, more intentional way of living. ","2021-11-11 12:04:00","Health","https://www.mindbodygreen.com/articles/holistic-home-tour-the-nook","f930d64e9313dfb00fca6790d58eee8a2adc123fe369215fac755631e56438b7","c852dc65443566913592f82317e8f813"
"Are Stressed Out Skin Care Products The Key To A Glowing Complexion?","mindbodygreen","A very good thing indeed.","2021-11-11 13:08:00","Health","https://www.mindbodygreen.com/articles/wild-crafting-skin-care","f930d64e9313dfb00fca6790d58eee8a2adc123fe369215fac755631e56438b7","94144213c4306659b235426db3a7832a"
"This One Habit Can Support Your Dog's Longevity, Says A Veterinarian","mindbodygreen","Intermittent fasting (or feeding) can add years to your dog's life.","2021-11-10 23:04:00","Health","https://www.mindbodygreen.com/articles/why-your-dogs-should-be-intermittent-fasting-from-vet","f930d64e9313dfb00fca6790d58eee8a2adc123fe369215fac755631e56438b7","fd9f184dbad9bcd20e24041f1e78e065"
"Are These Sneaky & Common Habits Secretly Sabotaging Your Happiness?","mindbodygreen","They're important, yet they're often overlooked.","2021-11-12 10:02:00","Health","https://www.mindbodygreen.com/articles/common-habits-that-can-secretly-sabotage-your-happiness","f930d64e9313dfb00fca6790d58eee8a2adc123fe369215fac755631e56438b7","0b3a5175a492f16d84b7e2a985e5dac1"
"This Super Flavorful One-Pan Meal Is The Perfect Healthy Weeknight Dinner","mindbodygreen","Simple, easy, and nutritious.","2021-11-12 02:04:00","Health","https://www.mindbodygreen.com/articles/yogurt-marinated-chicken-thighs-sheet-pan-recipe","f930d64e9313dfb00fca6790d58eee8a2adc123fe369215fac755631e56438b7","38bf17833dd08ffe4b9ca332f6fdd149"
"How Long Is Too Long To Keep A Candle Burning? Toxicology Experts Weigh In","mindbodygreen","After this many hours, it's time to blow it out.","2021-11-11 23:05:00","Health","https://www.mindbodygreen.com/articles/how-long-should-you-leave-candle-burning","f930d64e9313dfb00fca6790d58eee8a2adc123fe369215fac755631e56438b7","f7d92f0bbb831e41185316f8048625e7"
"To Stay Healthy, We're Making Our Planet Sick: The Climate Impact Of Health Care","mindbodygreen","Here are a few ways we can make it more sustainable and resilient.","2021-11-11 17:31:00","Health","https://www.mindbodygreen.com/articles/climate-impact-of-healthcare","f930d64e9313dfb00fca6790d58eee8a2adc123fe369215fac755631e56438b7","b55eef5945b13c7dd52a1f193a4a0658"
"Are Stressed-Out Skin Care Products The Key To A Glowing Complexion?","mindbodygreen","A very good thing indeed.","2021-11-11 13:08:00","Health","https://www.mindbodygreen.com/articles/wild-crafting-skin-care","f930d64e9313dfb00fca6790d58eee8a2adc123fe369215fac755631e56438b7","860944fab9118ed718acf4c556d7904e"
"I'm A Nutritionist: These Are My 6 All-Time Favorite Foods For Longevity","mindbodygreen","Check out this superstar grocery list.","2021-11-11 10:57:00","Health","https://www.mindbodygreen.com/articles/nutritionists-favorite-foods-for-longevity","f930d64e9313dfb00fca6790d58eee8a2adc123fe369215fac755631e56438b7","e4925b51912d08c2ddbbddbefc38533c"
"What A Former Baker Has To Say About Finding Joy While Managing Type 2 Diabetes","mindbodygreen","What A Former Baker Has To Say About Finding Joy While Managing Type 2 Diabetes","2021-11-11 10:00:00","Health","https://www.mindbodygreen.com/articles/what-former-baker-has-to-say-about-finding-joy-while-managing-type-2-diabetes","f930d64e9313dfb00fca6790d58eee8a2adc123fe369215fac755631e56438b7","5b3aca12fde3e81f4a4a3b93cfcc80e0"
"What Soul Searching Really Means & 9 Ways To Do It, From Experts","mindbodygreen","Soul searching is the process of figuring our your purpose.","2021-11-12 10:28:00","Health","https://www.mindbodygreen.com/articles/soul-searching","f930d64e9313dfb00fca6790d58eee8a2adc123fe369215fac755631e56438b7","e3af445c6b1598c002a7159302a9b82c"
"I'm A Neuroscientist: This One Weird Trick Can Help Conquer Anxiety","mindbodygreen","It takes most people decades to learn this crucial lesson.","2021-11-12 11:24:00","Health","https://www.mindbodygreen.com/articles/trick-for-anxiety-from-psychiatrist","f930d64e9313dfb00fca6790d58eee8a2adc123fe369215fac755631e56438b7","bb9f6661cb8172dac6859bf65b7d6c27"
"The Best Time To Apply Hand Cream Might Not Be When You Think","mindbodygreen","Here's exactly when to butter up those paws.","2021-11-12 11:03:00","Health","https://www.mindbodygreen.com/articles/when-to-apply-hand-cream-after-washing","f930d64e9313dfb00fca6790d58eee8a2adc123fe369215fac755631e56438b7","6d16540bd781d50a94c02a774dbb9550"
"This Super-Flavorful One-Pan Meal Is The Perfect Healthy Weeknight Dinner","mindbodygreen","Simple, easy, and nutritious.","2021-11-12 02:04:00","Health","https://www.mindbodygreen.com/articles/yogurt-marinated-chicken-thighs-sheet-pan-recipe","f930d64e9313dfb00fca6790d58eee8a2adc123fe369215fac755631e56438b7","d2749ae7698c8b53b4b6a56306e7b9e8"
"This Harsh Communication Style Is The No. 1 Predictor Of Divorce","mindbodygreen","One is far worse for relationships.","2021-11-12 18:31:00","Health","https://www.mindbodygreen.com/articles/criticism-vs-contempt-in-relationships","f930d64e9313dfb00fca6790d58eee8a2adc123fe369215fac755631e56438b7","a0a33f11833c96ea64b950cdedd05019"
"What's In Store For You & Your Twin Flame? Here's How To Find Out","mindbodygreen","Twin flame relationships are intense.","2021-11-12 21:29:00","Health","https://www.mindbodygreen.com/articles/twin-flame-tarot-spread","f930d64e9313dfb00fca6790d58eee8a2adc123fe369215fac755631e56438b7","b599c23c9ab1b983d5b8a422e8c7bb9a"
"A Longevity Specialist's Top Tips For Combating The Winter Blues","mindbodygreen","Ready, set, go get some sleep.","2021-11-12 23:03:00","Health","https://www.mindbodygreen.com/articles/longevity-specialists-tips-for-combatting-the-winter-blues","f930d64e9313dfb00fca6790d58eee8a2adc123fe369215fac755631e56438b7","c9060d7bd029de27c7bf3af9d9350b5f"
"The One Ingredient This MD Adds To Her Chai For Extra Antioxidants","mindbodygreen","How to take your chai tea up a notch.","2021-11-13 00:11:00","Health","https://www.mindbodygreen.com/articles/functional-medicine-doctor-matcha-chai-latte-recipe","f930d64e9313dfb00fca6790d58eee8a2adc123fe369215fac755631e56438b7","0238469ed0d3dce6fd6e97a9117fe957"
"The First Thing A Sleep Doctor Does In The Morning For Instant Energy","mindbodygreen","Perfect for those groggy mornings.","2021-11-14 15:01:00","Health","https://www.mindbodygreen.com/articles/why-sleep-specialist-says-you-should-do-breathwork-when-you-wake-up","f930d64e9313dfb00fca6790d58eee8a2adc123fe369215fac755631e56438b7","96a11b145df3c9f12d240cc311989e36"
"I'm A Psychologist & Yoga Teacher: This Is The One Pose I Turn To When Stressed","mindbodygreen","Simple and effective.","2021-11-14 12:31:00","Health","https://www.mindbodygreen.com/articles/why-psychologist-loves-sun-salutations-for-coping-with-stress","f930d64e9313dfb00fca6790d58eee8a2adc123fe369215fac755631e56438b7","3679b00179091da67c7e7d1adddc66af"
"Are Postbiotics The New Probiotics In Skin Care? The Surprising New Research","mindbodygreen","We make the case for postbiotics.","2021-11-14 11:01:00","Health","https://www.mindbodygreen.com/articles/why-you-should-use-postbiotics-not-probiotics-in-skin-care","f930d64e9313dfb00fca6790d58eee8a2adc123fe369215fac755631e56438b7","aa7463bb6a5b7e124f7916ed1ca94624"
"Does Caffeine Impact People With ADHD Differently? Experts Explain","mindbodygreen","Can it help with symptoms, or make things worse?","2021-11-14 10:27:00","Health","https://www.mindbodygreen.com/articles/caffeine-and-adhd","f930d64e9313dfb00fca6790d58eee8a2adc123fe369215fac755631e56438b7","de28611fbcfbb59b530a1060ed8997fc"
"Having Kids Messes With Sleep: 5 Hacks For Parents Looking To Rest","mindbodygreen","To help you get through parenthood a little bit better rested.","2021-11-14 10:02:00","Health","https://www.mindbodygreen.com/articles/sleep-advice-for-parents","f930d64e9313dfb00fca6790d58eee8a2adc123fe369215fac755631e56438b7","cabe85a41d152055bf7abf038abac799"
"Eclipse Season Starts This Week: Here's What It Means For Love & Finances","mindbodygreen","Time to expect the unexpected.","2021-11-13 15:03:00","Health","https://www.mindbodygreen.com/articles/weekly-horoscope-for-november-15-21-2021-from-astrotwins","f930d64e9313dfb00fca6790d58eee8a2adc123fe369215fac755631e56438b7","80f280f525d59714c944fe430cb89da9"
"A Perfectly Light & Fluffy Omelet Is Within Reach: Try This Simple Method","mindbodygreen","Stop stressing over your eggs.","2021-11-13 13:23:00","Health","https://www.mindbodygreen.com/articles/simple-baked-omelet","f930d64e9313dfb00fca6790d58eee8a2adc123fe369215fac755631e56438b7","58db9bc2049d2d4a38f44e62c8326215"
"My Doctor Was Convinced I Had An Eating Disorder—Then I Got This Diagnosis","mindbodygreen","How I manage my illness, from the diagnosis 11 year ago until now.","2021-11-13 12:03:00","Health","https://www.mindbodygreen.com/articles/invisible-illness-type-1-diabetes","f930d64e9313dfb00fca6790d58eee8a2adc123fe369215fac755631e56438b7","3b97d02f4ab2200dd8a2466c08696b67"
"Should This Antioxidant-Rich Supplement Be Part Of Your Health Routine?","mindbodygreen","Plus, how to make your own.","2021-11-13 11:01:00","Health","https://www.mindbodygreen.com/articles/elderberry-tincture","f930d64e9313dfb00fca6790d58eee8a2adc123fe369215fac755631e56438b7","c53abaa5459bd9141cf63be8539c3aef"
"The Surprising Way The Pandemic Is Affecting Decision-Making","mindbodygreen","Here's what the most recent APA report found.","2021-11-13 10:26:00","Health","https://www.mindbodygreen.com/articles/pandemic-decision-making-research","f930d64e9313dfb00fca6790d58eee8a2adc123fe369215fac755631e56438b7","008b170bb297fddc7e8f04b8d5282c2f"
"The Hero Product This Beauty Editor Swears By For Soft, Never Greasy Skin","mindbodygreen","It sinks in like a dream.","2021-11-13 10:02:00","Health","https://www.mindbodygreen.com/articles/beauty-editor-hand-cream-review","f930d64e9313dfb00fca6790d58eee8a2adc123fe369215fac755631e56438b7","7879fcd4cfc3f24c3ed177d13507b722"
"Are Healthy Diets Cost-Effective & Sustainable? It's Complicated","mindbodygreen","It depends where you are.","2021-11-13 01:03:00","Health","https://www.mindbodygreen.com/articles/are-healthy-diets-cost-effective-and-sustainable","f930d64e9313dfb00fca6790d58eee8a2adc123fe369215fac755631e56438b7","829f44b4dddbded15176ac7a7df91ea3"
"The 8 Most Sustainable & Affordable Electronic Gifts Of The Season","mindbodygreen","Sustainable & Affordable Electronic Gifts","2021-11-15 10:01:00","Health","https://www.mindbodygreen.com/articles/8-most-sustainable-and-affordable-electronic-gifts-of-season","f930d64e9313dfb00fca6790d58eee8a2adc123fe369215fac755631e56438b7","ab54b7604e1a6cd5ce39c835baab703d"
"3 Easy, DIY Tips That Keep This Iconic Model's Face Glowing","mindbodygreen","I don’t toss around the word icon too freely. But Veronica Webb more than deserves the moniker.","2021-11-15 10:01:00","Health","https://www.mindbodygreen.com/articles/veronica-webb-best-beauty-tips","f930d64e9313dfb00fca6790d58eee8a2adc123fe369215fac755631e56438b7","b8f410ef50962617ad005420e9395cc7"
"From Fitness Fanatics To Mindful Movers: 12 Gifts Active People Will Love","mindbodygreen","Sure to get everyone on your list moving.","2021-11-15 10:00:00","Health","https://www.mindbodygreen.com/articles/gift-guide-movement","f930d64e9313dfb00fca6790d58eee8a2adc123fe369215fac755631e56438b7","25a1b7365b29df1d036fd7dd61770dc3"
"Top 12 Gifts For The Woman Who Does It All","mindbodygreen","gifts for the wellness warrior...","2021-11-15 10:00:00","Health","https://www.mindbodygreen.com/articles/top-12-gifts-for-woman-who-does-it-all","f930d64e9313dfb00fca6790d58eee8a2adc123fe369215fac755631e56438b7","fd4ff277de2354870dcd00adf2d03e0e"
"The First Novel On Our Winter Reading List Is All About Love, Life & Secrets","mindbodygreen","This cold weather calls for a cozy read.","2021-11-15 10:00:00","Health","https://www.mindbodygreen.com/articles/the-first-novel-on-our-winter-reading-list-is-all-about-love-life-and-secrets","f930d64e9313dfb00fca6790d58eee8a2adc123fe369215fac755631e56438b7","bfd6bc42a8e9920cb8e6ec927c2f19cc"
"Foodies, Prepare Yourselves: The 16 Most Downright Delicious Gifts Of The Year","mindbodygreen","Calling all coffee aficionados and cocktail (or mocktail) connoisseurs.","2021-11-15 09:50:00","Health","https://www.mindbodygreen.com/articles/gift-guide-functional-food","f930d64e9313dfb00fca6790d58eee8a2adc123fe369215fac755631e56438b7","00da7e59e445889daa4b4e8770de1cdd"
"Sustainable Gifts You Can Actually Feel Good About Giving This Year","mindbodygreen","Calling all Earth lovers.","2021-11-15 09:45:00","Health","https://www.mindbodygreen.com/articles/gift-guide-eco-friendly","f930d64e9313dfb00fca6790d58eee8a2adc123fe369215fac755631e56438b7","891192d9edeafa97590f34bd1f7ddba2"
"Clean Beauty Finds That'll Help Everyone On Your List Look & Feel Their Best","mindbodygreen","Simple delights for beauty fans and newbies alike.","2021-11-15 09:37:00","Health","https://www.mindbodygreen.com/articles/gift-guide-clean-natural-beauty","f930d64e9313dfb00fca6790d58eee8a2adc123fe369215fac755631e56438b7","e66fb114b0545ed8cc0da62518a08eab"
"The Ultimate Gift Guide For Staying Cozy This Winter","mindbodygreen","Gift Guide to stay cozy this winter","2021-11-15 09:34:00","Health","https://www.mindbodygreen.com/articles/ultimate-gift-guide-for-staying-cozy-this-winter","f930d64e9313dfb00fca6790d58eee8a2adc123fe369215fac755631e56438b7","96550db79182b5145b9b9e55a8f6fae4"
"Give The Gift Of Self-Care With These 12 Oh-So-Nourishing Finds","mindbodygreen","From gratitude journals to foot soaks, these gifts will bring on the ahhhh.","2021-11-15 09:30:00","Health","https://www.mindbodygreen.com/articles/gift-guide-self-care","f930d64e9313dfb00fca6790d58eee8a2adc123fe369215fac755631e56438b7","5eb4514ad69fe4df53c4d0d9d6075299"
"12 Gifts That Ensure Quality Zzz’s This Holiday Season","mindbodygreen","Gift Guide for easy sleep","2021-11-15 09:21:00","Health","https://www.mindbodygreen.com/articles/12-gifts-that-ensure-quality-zzzs-this-holiday-season","f930d64e9313dfb00fca6790d58eee8a2adc123fe369215fac755631e56438b7","32f6d8d39dc87c5253d6cbf6d7083b37"
"Over 40? Never Miss This Spot When Doing Your Skin Care Routine","mindbodygreen","All in the hands.","2021-11-15 11:02:00","Health","https://www.mindbodygreen.com/articles/how-to-take-care-of-your-hands-as-you-age","f930d64e9313dfb00fca6790d58eee8a2adc123fe369215fac755631e56438b7","5a563d864bf71d06636e6d30819c8a7d"
"This Fun 9-Minute Cardio Workout Is Literally A Dance Party In Your Living Room","mindbodygreen","It's essentially exercise in disguise.","2021-11-15 10:33:00","Health","https://www.mindbodygreen.com/articles/easy-to-follow-dance-cardio","f930d64e9313dfb00fca6790d58eee8a2adc123fe369215fac755631e56438b7","f51325a2235f939e30ab5a8bd095755d"
"It's Here: mbg's 2021 Holiday Gift Guide Just Dropped","mindbodygreen","2021 Gift Guide","2021-11-15 10:10:00","Health","https://www.mindbodygreen.com/articles/2021-gift-guide","f930d64e9313dfb00fca6790d58eee8a2adc123fe369215fac755631e56438b7","3adb6dda7d0b4fcfb23f2b647fb03197"
"12 Highly Giftable Essentials Every Home Could Use","mindbodygreen","Next stop: The lush dwelling of their dreams.","2021-11-15 10:05:00","Health","https://www.mindbodygreen.com/articles/gift-guide-green-clean-home","f930d64e9313dfb00fca6790d58eee8a2adc123fe369215fac755631e56438b7","61e02558740320b4247a95e28cc404d3"
"Does Caffeine Affect People With ADHD Differently? Experts Explain","mindbodygreen","Can it help with symptoms or make things worse?","2021-11-14 10:27:00","Health","https://www.mindbodygreen.com/articles/caffeine-and-adhd","f930d64e9313dfb00fca6790d58eee8a2adc123fe369215fac755631e56438b7","13e7c29ecc44426ab474b0693caf244b"
"6 Quick But Powerful Ways To Boost Self-Love, From A Psychic Intuitive","mindbodygreen","Modeling self-love for others is a wonderful gift to offer the world.","2021-11-15 21:05:00","Health","https://www.mindbodygreen.com/articles/self-love-micro-shifts","f930d64e9313dfb00fca6790d58eee8a2adc123fe369215fac755631e56438b7","80e93383e1c8dccd1e29ea562308c5cd"
"Pet Parents, We Cleared Up 5 Myths About A Raw Dog Food Diet. Here’s Why We’re Relieved","mindbodygreen","Because diet is always the first line of defense, we decided to hone in on debunking the myths that stand between us and a well-fed pet.","2021-11-15 08:00:00","Health","https://www.mindbodygreen.com/articles/pet-parents-we-cleared-up-5-myths-about-raw-dog-food-diet-heres-why-were-relieved","f930d64e9313dfb00fca6790d58eee8a2adc123fe369215fac755631e56438b7","0ed8c473acc9e2d0288e85ac4220f5c0"
"This Mumbai-Inspired Sprouted Salad Is Rich In Gut-Healthy Fiber","mindbodygreen","It's good for your gut, too.","2021-11-15 23:13:00","Health","https://www.mindbodygreen.com/articles/sprouted-moong-salad","f930d64e9313dfb00fca6790d58eee8a2adc123fe369215fac755631e56438b7","d11c6a4ddc94733c901a6a2e51ad5123"
"I'm A Functional MD & Here's How I Stay Healthy Over The Holidays","mindbodygreen","Fiber can be festive, too.","2021-11-16 10:02:00","Health","https://www.mindbodygreen.com/articles/how-to-stay-healthy-over-holidays","f930d64e9313dfb00fca6790d58eee8a2adc123fe369215fac755631e56438b7","9bbde00cf7b0e090e31797e92e1c61de"
"5 Expert-Backed Gut Health Tips We Can't Stop Thinking About","mindbodygreen","From functional medicine doctors, gastroenterologists, and registered dietitians.","2021-11-16 10:26:00","Health","https://www.mindbodygreen.com/articles/expert-gut-health-advice","f930d64e9313dfb00fca6790d58eee8a2adc123fe369215fac755631e56438b7","00a934dbbad1eac83254a60c2a384f57"
"Your Vitamin D Supplement Might Not Be Doing As Much Good As You Think","mindbodygreen","Here's what you can do about it.","2021-11-16 10:16:00","Health","https://www.mindbodygreen.com/articles/your-vitamin-d-supplement-might-not-be-doing-as-much-good-as-you-think","f930d64e9313dfb00fca6790d58eee8a2adc123fe369215fac755631e56438b7","d2dbe19e4de1b87e677279bd6fc0fce4"
"This One Step Is Crucial For Pro-Level Manicures & You're Probably Skipping It","mindbodygreen","I’d argue our manis are not up to their full potential.","2021-11-16 11:23:00","Health","https://www.mindbodygreen.com/articles/why-you-shouldnt-skip-hand-cream-when-painting-your-nails","f930d64e9313dfb00fca6790d58eee8a2adc123fe369215fac755631e56438b7","ec1bfe0e5feb61774b695f126ce23a8e"
"Make Your Flowers Last Longer With These 5 Simple Drying Methods","mindbodygreen","Yes, you can use a microwave.","2021-11-16 11:04:00","Health","https://www.mindbodygreen.com/articles/how-to-dry-flowers","f930d64e9313dfb00fca6790d58eee8a2adc123fe369215fac755631e56438b7","d14b31c069825f3a1d442fe8b4124556"
"Asking For A Friend: Can Multivitamins Help Your Hair Grow Strong?","mindbodygreen","Is your daily multivitamin helping your hair too?*","2021-11-16 12:03:00","Health","https://www.mindbodygreen.com/articles/do-multi-help-with-hair","f930d64e9313dfb00fca6790d58eee8a2adc123fe369215fac755631e56438b7","a4ae0e9b0d68b24c28529272dd7b0a1a"
"Keep This Within Reach For Plump & Supple Lips All Winter Long (Thank Us Later)","mindbodygreen","Flaky, chapped lips, begone.","2021-11-16 13:28:00","Health","https://www.mindbodygreen.com/articles/vegan-lip-balm","f930d64e9313dfb00fca6790d58eee8a2adc123fe369215fac755631e56438b7","c94638043000950136ca9781bdb85860"
"The Part Of Your Zodiac Chart You've Never Looked At—But Is Majorly Revealing","mindbodygreen","Astrology is so much more than your sun sign.","2021-11-16 15:03:00","Health","https://www.mindbodygreen.com/articles/critical-degrees-astrology","f930d64e9313dfb00fca6790d58eee8a2adc123fe369215fac755631e56438b7","2648e6cf9593e7042757115f6e87f7ca"
"5 Mindful Ideas To Help Your Kids Ground Down After School","mindbodygreen","After a busy day at school, use these tips to help your kids unwind.","2021-11-17 08:00:00","Health","https://www.mindbodygreen.com/articles/5-mindful-ideas-to-help-your-kids-ground-down-after-school","f930d64e9313dfb00fca6790d58eee8a2adc123fe369215fac755631e56438b7","bbabfe3afdc5fb8e8c29267479d6576a"
"I Tried Facial Cupping At Home & Here's What I Found","mindbodygreen","Would you try facial cupping? Why you should.","2021-11-16 23:03:00","Health","https://www.mindbodygreen.com/articles/how-mbgs-beauty-editor-practices-facial-cupping","f930d64e9313dfb00fca6790d58eee8a2adc123fe369215fac755631e56438b7","e1aa766b9ed80588697d124631bca919"
"Did You Spot The Glaring Red Flag In Taylor Swift's All Too Well Short Film?","mindbodygreen","I think you're making yourself feel that way.","2021-11-16 19:02:00","Health","https://www.mindbodygreen.com/articles/gaslighting-in-the-taylor-swift-all-too-well-short-film","f930d64e9313dfb00fca6790d58eee8a2adc123fe369215fac755631e56438b7","a56f862ea3f6c8ffcf95fcdea5106af2"
"5 Ways To Really Bond With Your Partner This Holiday Season, From A Psychologist","mindbodygreen","'Tis the season for romance.","2021-11-16 17:03:00","Health","https://www.mindbodygreen.com/articles/ways-to-bond-with-your-partner-during-holidays","f930d64e9313dfb00fca6790d58eee8a2adc123fe369215fac755631e56438b7","42c4998c75b1cfa58e35432c97f075d6"
"The Part Of Your Zodiac Chart You've Never Looked At — But Is Majorly Revealing","mindbodygreen","Astrology is so much more than your sun sign.","2021-11-16 15:03:00","Health","https://www.mindbodygreen.com/articles/critical-degrees-astrology","f930d64e9313dfb00fca6790d58eee8a2adc123fe369215fac755631e56438b7","c4c3b07f59d0421e1224a29fe3e35c48"
"I’m A Gastroenterologist & These Are My Must-Have Foods For Gut Health","mindbodygreen","These are his fridge staples.","2021-11-17 10:01:00","Health","https://www.mindbodygreen.com/articles/gastroenterologists-top-10-foods-for-optimal-gut-health","f930d64e9313dfb00fca6790d58eee8a2adc123fe369215fac755631e56438b7","b26956fc08681f10549167324bda9a55"
"How To Find The Balance Between Independence & Connection In Relationships","mindbodygreen","The two central drives for human beings are autonomy (control of our individuality) and attachment (urge for relationship).","2021-11-17 11:01:00","Health","https://www.mindbodygreen.com/articles/how-to-balance-autonomy-and-connection-in-relationships","f930d64e9313dfb00fca6790d58eee8a2adc123fe369215fac755631e56438b7","13375149162257fc275511e76a0b6b5f"
"You Might Need Even More Vitamin D As You Age—Here's How To Tell","mindbodygreen","And what to do about it.","2021-11-17 10:27:00","Health","https://www.mindbodygreen.com/articles/how-your-age-affects-vitamin-d-levels-what-to-do-about-it","f930d64e9313dfb00fca6790d58eee8a2adc123fe369215fac755631e56438b7","3126ed74ed111be748b05b8dc43f2b93"
"A Game-Changing Taurus Full Moon & Lunar Eclipse Is Here To Shake Things Up","mindbodygreen","Here are 6 ways to embrace it.","2021-11-17 11:32:00","Health","https://www.mindbodygreen.com/articles/full-moon-november-2021","f930d64e9313dfb00fca6790d58eee8a2adc123fe369215fac755631e56438b7","cd69691675219e6851d6f31a05c86371"
"Just In: Study Finds This Is The Best Bedtime For Heart Health","mindbodygreen","It appears the heart may have a preferred bedtime.","2021-11-17 12:07:00","Health","https://www.mindbodygreen.com/articles/best-bedtime-for-heart-health-research","f930d64e9313dfb00fca6790d58eee8a2adc123fe369215fac755631e56438b7","33eeed29fc05c3f3cc727894d1a7402f"
"You Might Need Even More Vitamin D As You Age — Here's How To Tell","mindbodygreen","And what to do about it.","2021-11-17 10:27:00","Health","https://www.mindbodygreen.com/articles/how-your-age-affects-vitamin-d-levels-what-to-do-about-it","f930d64e9313dfb00fca6790d58eee8a2adc123fe369215fac755631e56438b7","b596f906efd7b5cddf1ba6f203fbc851"
"I'm A Gastroenterologist & These Are My Must-Have Foods For Gut Health","mindbodygreen","These are his fridge staples.","2021-11-17 10:01:00","Health","https://www.mindbodygreen.com/articles/gastroenterologists-top-10-foods-for-optimal-gut-health","f930d64e9313dfb00fca6790d58eee8a2adc123fe369215fac755631e56438b7","8dedbda0c8f815671ac7e7ccba16279c"
"The Only (& We Mean Only) Guide To Applying Eyeliner That You'll Ever Need","mindbodygreen","You cannot fail with these tips.","2021-11-17 14:04:00","Health","https://www.mindbodygreen.com/articles/how-to-apply-eyeliner","f930d64e9313dfb00fca6790d58eee8a2adc123fe369215fac755631e56438b7","71403c608e2cd11df1911eb6a49037ef"
"12 Gifts For The Strongest Person In Your Life (Yourself Included)","mindbodygreen","12 Gifts For The Strongest Person In Your Life (Yourself Included)","2021-11-16 10:00:00","Health","https://www.mindbodygreen.com/articles/12-gifts-for-the-strongest-person-in-your-life","f930d64e9313dfb00fca6790d58eee8a2adc123fe369215fac755631e56438b7","644287b95c7fa404c0eeff3b4af8df31"
"The Nature-Inspired Philosophy That Helped Me Get Through Postpartum","mindbodygreen","Here's how I embraced my inner winter.","2021-11-17 19:03:00","Health","https://www.mindbodygreen.com/articles/wintering-postpartum","f930d64e9313dfb00fca6790d58eee8a2adc123fe369215fac755631e56438b7","27e5a1436126e11fbcfbe917e40b9b79"
"I'm An RD & Nutrition Scientist: Look Out For These Common Multivitamin Mistakes","mindbodygreen","Because you want your daily multi to actually work.","2021-11-17 22:03:00","Health","https://www.mindbodygreen.com/articles/im-nutrition-scientist-here-are-my-many-grievances-with-most-multivitamins","f930d64e9313dfb00fca6790d58eee8a2adc123fe369215fac755631e56438b7","beeb9a7319b6998ae5a23e9879a4d4f7"
"An Easy Way To Make This Year’s Friendsgiving Even More Delightful","mindbodygreen","And why Friendsgiving is the perfect outdoor party.","2021-11-18 00:02:00","Health","https://www.mindbodygreen.com/articles/how-this-chef-takes-friendsgiving-to-great-outdoors","f930d64e9313dfb00fca6790d58eee8a2adc123fe369215fac755631e56438b7","a04d60ecbebcbc1613ecd38d5578b0de"
"Does Picking Your Lips Leave Them Raw & Painful? Try This","mindbodygreen","It's a difficult habit to break.","2021-11-18 01:06:00","Health","https://www.mindbodygreen.com/articles/how-to-stop-picking-your-lips","f930d64e9313dfb00fca6790d58eee8a2adc123fe369215fac755631e56438b7","de6ea621b243718e514e9dde69d53bca"
"What This Lunar Eclipse Means For Your Sign (It Foreshadows The Next 2 Years)","mindbodygreen","This Friday's full moon is sure to be an intense one.","2021-11-18 15:04:00","Health","https://www.mindbodygreen.com/articles/full-moon-november-2021-by-sign","f930d64e9313dfb00fca6790d58eee8a2adc123fe369215fac755631e56438b7","2ca96090328885372f20c2cbe89916b1"
"The Strange & Scientific Reason Your Brain Craves Ketchup (Seriously)","mindbodygreen","Here's why you want to drizzle it on everything.","2021-11-18 13:08:00","Health","https://www.mindbodygreen.com/articles/why-your-brain-loves-ketchup","f930d64e9313dfb00fca6790d58eee8a2adc123fe369215fac755631e56438b7","9d4511e3cf84382f872c4a7d7bf0decf"
"5 Ways To Heal Your Inner Child & Stand In Your Power As An Adult","mindbodygreen","Make the loving inner adult the loudest voice in your head.","2021-11-18 12:04:00","Health","https://www.mindbodygreen.com/articles/heal-your-inner-child-for-power","f930d64e9313dfb00fca6790d58eee8a2adc123fe369215fac755631e56438b7","f1fa8c2323814d5f3f8bf4c39581966f"
"How To Instantly Refresh Musty Sweaters You Haven't Worn In Ages","mindbodygreen","Sweater weather is upon us.","2021-11-18 11:25:00","Health","https://www.mindbodygreen.com/articles/how-to-refresh-sweaters-at-home","f930d64e9313dfb00fca6790d58eee8a2adc123fe369215fac755631e56438b7","dfa19cd9f752a4af7596e90e45c4f822"
"Do You Have Bumpy Skin? Here's What It Could Be + How To Get Rid Of It","mindbodygreen","Say hello to a soft and smooth canvas.","2021-11-18 11:02:00","Health","https://www.mindbodygreen.com/articles/how-to-get-rid-of-bumpy-skin","f930d64e9313dfb00fca6790d58eee8a2adc123fe369215fac755631e56438b7","7e47a896c633ff8b4ef0e3518dcae380"
"This Chocolate Won't Spike Blood Sugar & You'll Never Guess What It's Made From","mindbodygreen","Confession: I ate it for breakfast this week.","2021-11-18 10:31:00","Health","https://www.mindbodygreen.com/articles/supplant-chocolate-launch","f930d64e9313dfb00fca6790d58eee8a2adc123fe369215fac755631e56438b7","7cf234918fcf2e2060a1398a81b56bbe"
"Is There Anything Women Need To Know About Taking Collagen Supplements?","mindbodygreen","Collagen supplements are having a moment—and for good reason, too","2021-11-18 10:17:00","Health","https://www.mindbodygreen.com/articles/collagen-benefits-for-women-what-to-expect-from-supplement","f930d64e9313dfb00fca6790d58eee8a2adc123fe369215fac755631e56438b7","f6f8f596c7404f2c16ccb7acc314cede"
"13 Rituals To Help You Make The Most Of Every Full Moon Night","mindbodygreen","The full moon is the perfect time to power up your rituals.","2021-11-18 10:09:00","Health","https://www.mindbodygreen.com/articles/full-moon-rituals","f930d64e9313dfb00fca6790d58eee8a2adc123fe369215fac755631e56438b7","9a342e30ecb8e8b4df9279592a98fd63"
"An Easy Way To Make This Year's Friendsgiving Even More Delightful","mindbodygreen","And why Friendsgiving is the perfect outdoor party.","2021-11-18 00:02:00","Health","https://www.mindbodygreen.com/articles/how-this-chef-takes-friendsgiving-to-great-outdoors","f930d64e9313dfb00fca6790d58eee8a2adc123fe369215fac755631e56438b7","cf39f1c180898149fc3961f16d720db1"
