"Jocelyn Lee’s Older Women in the Nude","The New Yorker","Is nakedness invisibility’s opposite? Maybe not, but, if it’s unapologetically displayed, it can be a kind of antidote to erasure.","2021-11-01 21:42:22","Culture","https://www.newyorker.com/culture/photo-booth/jocelyn-lees-older-women-in-the-nude","fa671da9d90dcc114d6b9397363ebf94be8fb2121e5d077d68ddee3373f91889","8fad59425b3400dffd5a65bb79c7e634"
"It’s Time for Democrats to Take a Win on Spending","The New Yorker","Warts and all, the reconciliation bill would tilt the economy in a greener direction, improve the lives of Americans, and give a boost to Biden.","2021-11-01 21:36:52","Culture","https://www.newyorker.com/news/our-columnists/its-time-for-democrats-to-take-a-win-on-spending","fa671da9d90dcc114d6b9397363ebf94be8fb2121e5d077d68ddee3373f91889","61842fbf74be29f1979e172084264144"
"The Nobel Prize Winner Maria Ressa on the Turmoil at Facebook","The New Yorker","Ressa, a Filipino American journalist, discusses the latest revelations of the social network’s failure to control disinformation and hate.","2021-11-01 20:00:00","Culture","https://www.newyorker.com/podcast/political-scene/the-nobel-prize-winner-maria-ressa-on-the-turmoil-at-facebook","fa671da9d90dcc114d6b9397363ebf94be8fb2121e5d077d68ddee3373f91889","aace2308aa2fb441cf1c8dc759e0543b"
"How to React to “Forensic Files” or, Really, Any True-Crime Show","The New Yorker","They can show that on TV?!","2021-11-01 18:00:00","Culture","https://www.newyorker.com/humor/daily-shouts/how-to-react-to-forensic-files-or-really-any-true-crime-show","fa671da9d90dcc114d6b9397363ebf94be8fb2121e5d077d68ddee3373f91889","38e55d7bfa179d60833fabd4f72b8ed8"
"Eric Trump in Tears After Dad Eats All His Candy","The New Yorker","Donald Trump, Jr., had “no idea” why his brother was so upset about the incident. “Dad does this every year,” he added.","2021-11-01 14:35:06","Culture","https://www.newyorker.com/humor/borowitz-report/eric-trump-in-tears-after-dad-eats-all-his-candy","fa671da9d90dcc114d6b9397363ebf94be8fb2121e5d077d68ddee3373f91889","0f04014729cc9931b5a73b592c0b5f8c"
"Daily Cartoon: Monday, November 1st","The New Yorker","“The Fremen really go nuts for these pumpkin-spice lattes.”","2021-11-01 13:40:37","Culture","https://www.newyorker.com/cartoons/daily-cartoon/monday-november-1st-pumpkin-spice","fa671da9d90dcc114d6b9397363ebf94be8fb2121e5d077d68ddee3373f91889","9641e2802e4346c48dfc0595e47c46b4"
"Ben Lerner Reads Julio Cortázar","The New Yorker","The author joins Deborah Treisman to read and discuss “In the Name of Bobby,” by Julio Cortázar, which was published in a 1979 issue of the magazine.","2021-11-01 10:00:00","Culture","https://www.newyorker.com/podcast/fiction/ben-lerner-reads-julio-cortazar","fa671da9d90dcc114d6b9397363ebf94be8fb2121e5d077d68ddee3373f91889","ef9b9d6aa8ca5a1f63508528b802203e"
"When the Man in Black Met the Guys in Tie-Dye","The New Yorker","Owsley Stanley, the legendary Grateful Dead soundman and LSD chemist, left behind thirteen hundred reels of live recordings from his sonic laboratory, including a newly released recording of the night Johnny Cash came to town.","2021-11-01 10:00:00","Culture","https://www.newyorker.com/magazine/2021/11/08/when-the-man-in-black-met-the-guys-in-tie-dye","fa671da9d90dcc114d6b9397363ebf94be8fb2121e5d077d68ddee3373f91889","cdb5c99d079a912cabd36d8e02bdffe6"
"Maurice Harris Knows What Roses Really Smell Like","The New Yorker","The “Full Bloom” judge and florist for Beyoncé and Louis Vuitton talks flowers, tedium, and how fickle the trend of supporting Black businesses can be.","2021-11-01 10:00:00","Culture","https://www.newyorker.com/magazine/2021/11/08/maurice-harris-knows-what-roses-really-smell-like","fa671da9d90dcc114d6b9397363ebf94be8fb2121e5d077d68ddee3373f91889","7da1e4dd8e6b6d4ef06b23eed1c51470"
"“pencil & pen”","The New Yorker","Poetry by Eileen Myles: “A minute is so / long.”","2021-11-01 10:00:00","Culture","https://www.newyorker.com/magazine/2021/11/08/pencil-and-pen","fa671da9d90dcc114d6b9397363ebf94be8fb2121e5d077d68ddee3373f91889","f02670005c38de1b73f284c09795b8ef"
"Can Jake Paul Fight His Way Out of Trouble?","The New Yorker","A polarizing social-media star seeks an unlikely second act in boxing.","2021-11-01 10:00:00","Culture","https://www.newyorker.com/magazine/2021/11/08/can-jake-paul-fight-his-way-out-of-trouble","fa671da9d90dcc114d6b9397363ebf94be8fb2121e5d077d68ddee3373f91889","e2dcd3cd807f5da0304f1c3682979f48"
"Briefly Noted Book Reviews","The New Yorker","“The Morning Star,” “Imminence,” “Things I Have Withheld,” and “Orwell’s Roses.”","2021-11-01 10:00:00","Culture","https://www.newyorker.com/magazine/2021/11/08/the-morning-star-imminence-things-i-have-withheld-and-orwells-roses","fa671da9d90dcc114d6b9397363ebf94be8fb2121e5d077d68ddee3373f91889","00a7ed2a15c68b36fa9d0cf822aedfa2"
"Is “Succession” the Best Sitcom on Television?","The New Yorker","The HBO series, now in its third season, feels almost Seinfeldian in its efforts to capture a group of eccentric, petty characters as they try, again and again, to one-up one another.","2021-11-01 10:00:00","Culture","https://www.newyorker.com/magazine/2021/11/08/is-succession-the-best-sitcom-on-television","fa671da9d90dcc114d6b9397363ebf94be8fb2121e5d077d68ddee3373f91889","5177594fcadf1452d5a3b580c11219b4"
"The Mail","The New Yorker","Letters respond to an article about the difficulty of defining Long COVID.","2021-11-01 10:00:00","Culture","https://www.newyorker.com/magazine/2021/11/08/letters-from-the-november-8-2021-issue","fa671da9d90dcc114d6b9397363ebf94be8fb2121e5d077d68ddee3373f91889","ee779ce0956399ba2bf254b4b4abab02"
"When “Foundation” Gets the Blockbuster Treatment, Isaac Asimov’s Vision Gets Lost","The New Yorker","The TV version of the classic sci-fi saga sidelines its source’s most pressing questions about power and precarity.","2021-11-01 10:00:00","Culture","https://www.newyorker.com/magazine/2021/11/08/when-foundation-gets-the-blockbuster-treatment-isaac-asimovs-vision-gets-lost-sci-fi","fa671da9d90dcc114d6b9397363ebf94be8fb2121e5d077d68ddee3373f91889","01567abb3cb757c30b38d24ecb2397b3"
"The Most Ambitious Diary in History","The New Yorker","Claude Fredericks, a Bennington classics professor, knew Anaïs Nin and James Merrill, and taught Donna Tartt. He kept a journal for eight decades, and persuaded many in his orbit that he was writing a titanic masterpiece. Did he?","2021-11-01 10:00:00","Culture","https://www.newyorker.com/magazine/2021/11/08/the-most-ambitious-diary-in-history-claude-fredericks","fa671da9d90dcc114d6b9397363ebf94be8fb2121e5d077d68ddee3373f91889","794d1366a307e746933682496f085521"
"“The Haunting of Hajji Hotak,” by Jamil Jan Kochai","The New Yorker","Fiction by Jamil Jan Kochai: “You should update your superiors. You should advise them to abort the operation. But you won’t. Not now.”","2021-11-01 10:00:00","Culture","https://www.newyorker.com/magazine/2021/11/08/the-haunting-of-hajji-hotak","fa671da9d90dcc114d6b9397363ebf94be8fb2121e5d077d68ddee3373f91889","bdadb81385e2f0aa5d31275d9568c22f"
"The Migrant Workers Who Follow Climate Disasters","The New Yorker","A growing group of laborers is trailing hurricanes and wildfires the way farmworkers follow crops, contracting for big disaster-recovery firms, and facing exploitation, injury, and death.","2021-11-01 10:00:00","Culture","https://www.newyorker.com/magazine/2021/11/08/the-migrant-workers-who-follow-climate-disasters","fa671da9d90dcc114d6b9397363ebf94be8fb2121e5d077d68ddee3373f91889","f6fa04f781ba8e930df3ee92000cf91b"
"Jamil Jan Kochai on Americans’ Fear of Islam","The New Yorker","The author discusses “The Haunting of Hajji Hotak,” his story from the latest issue of the magazine.","2021-11-01 10:00:00","Culture","https://www.newyorker.com/books/this-week-in-fiction/jamil-jan-kochai-11-08-21","fa671da9d90dcc114d6b9397363ebf94be8fb2121e5d077d68ddee3373f91889","21f46ee93ec5f385f777d5b229752aab"
"Work, Motherhood, and Capitalism Onstage","The New Yorker","The musicals “Caroline, or Change” and “The Mother” take on personal and political revolutions.","2021-11-01 10:00:00","Culture","https://www.newyorker.com/magazine/2021/11/08/work-motherhood-and-capitalism-onstage","fa671da9d90dcc114d6b9397363ebf94be8fb2121e5d077d68ddee3373f91889","2d6fcc895dbc2f03e212b5254ba029c3"
"“Last Night in Soho,” Reviewed: A Flashy but Facile Anti-Nostalgia Trip","The New Yorker","Edgar Wright’s critique of swinging-sixties London, from the perspective of a young woman of today, gets lost in a tangle of plot twists and shock effects.","2021-11-01 23:07:16","Culture","https://www.newyorker.com/culture/the-front-row/last-night-in-soho-reviewed-a-flashy-but-facile-anti-nostalgia-trip","fa671da9d90dcc114d6b9397363ebf94be8fb2121e5d077d68ddee3373f91889","551f37d8b78091fcf2c2073650ce0038"
"As Biden Speaks at the Glasgow Climate Summit, Manchin Muddles the Message","The New Yorker","Monday should have been a day of great triumph for America, marking its emergence from the Trump years.","2021-11-01 23:06:26","Culture","https://www.newyorker.com/news/daily-comment/as-joe-biden-speaks-at-the-glasgow-climate-summit-joe-manchin-muddles-the-message","fa671da9d90dcc114d6b9397363ebf94be8fb2121e5d077d68ddee3373f91889","2b2c532c35b0dda477e8110a9a520a4f"
"The Risks of Living in This Super-Tall, Ultra-Thin Skyscraper","The New Yorker","Please be aware that the physical strain created by the building’s shape produces the following unique (we like to think of them as “exclusive”) conditions.","2021-11-02 10:00:00","Culture","https://www.newyorker.com/humor/daily-shouts/the-risks-of-living-in-this-super-tall-ultra-thin-skyscraper","fa671da9d90dcc114d6b9397363ebf94be8fb2121e5d077d68ddee3373f91889","f99eae792f3cfcfe5180940850f62813"
"Daily Cartoon: Tuesday, November 2nd","The New Yorker","“If elected, I promise to take down all my campaign signs.”","2021-11-02 16:30:38","Culture","https://www.newyorker.com/cartoons/daily-cartoon/tuesday-november-2nd-campaign-signs","fa671da9d90dcc114d6b9397363ebf94be8fb2121e5d077d68ddee3373f91889","c8e6a1a4396b63235bd3ad0aa56e14ff"
"Republicans Name Joe Manchin Employee of the Month","The New Yorker","Kyrsten Sinema, the runner-up, sent her congratulations to the senator from West Virginia.","2021-11-02 17:29:06","Culture","https://www.newyorker.com/humor/borowitz-report/republicans-name-joe-manchin-employee-of-the-month","fa671da9d90dcc114d6b9397363ebf94be8fb2121e5d077d68ddee3373f91889","aa9524978aa52da7062da99e9791b9a5"
"Will Supply-Chain Issues Ruin Christmas?","The New Yorker","Shortages resulting from the pandemic and Brexit are already causing runs on gifts, turkeys, and puddings.","2021-11-02 18:26:39","Culture","https://www.newyorker.com/news/letter-from-the-uk/will-supply-chain-issues-ruin-christmas","fa671da9d90dcc114d6b9397363ebf94be8fb2121e5d077d68ddee3373f91889","4100e3233dcbb558611b3055cf66ae83"
"Why Spain Was Long in Denial About Franco—and Still Stands By Columbus","The New Yorker","When President Biden proclaimed that Columbus Day would also be Indigenous Peoples’ Day, the right reacted as if the country’s national identity were at stake.","2021-11-02 18:07:02","Culture","https://www.newyorker.com/news/daily-comment/why-spain-was-long-in-denial-about-franco-and-still-stands-by-columbus","fa671da9d90dcc114d6b9397363ebf94be8fb2121e5d077d68ddee3373f91889","567d865cc9a504e0af787f70fba81a15"
"The Nobel Laureate Wole Soyinka Discusses His First Novel in Nearly Fifty Years","The New Yorker","The Nigerian writer explains the origins of his latest book’s title, why novels are harder to write than plays, and the masochistic pull of political activism.","2021-11-02 22:37:29","Culture","https://www.newyorker.com/culture/q-and-a/the-nobel-laureate-wole-soyinka-discusses-his-first-novel-in-nearly-fifty-years","fa671da9d90dcc114d6b9397363ebf94be8fb2121e5d077d68ddee3373f91889","b2022c15ee6a8faa2f4890cf9611042d"
"Expressions More Accurate Than “the New Normal”","The New Yorker","It was never normal?","2021-11-03 10:00:00","Culture","https://www.newyorker.com/humor/daily-shouts/expressions-more-accurate-than-the-new-normal","fa671da9d90dcc114d6b9397363ebf94be8fb2121e5d077d68ddee3373f91889","b27e667d3b6bad72befe7689c00509b2"
"Thirty Films That Expand the Art of the Movie Musical","The New Yorker","They’re not all musicals in the conventional sense, but all enrich the cinematic experience of song and dance.","2021-11-03 10:00:00","Culture","https://www.newyorker.com/culture/the-front-row/thirty-films-that-expand-the-art-of-the-movie-musical","fa671da9d90dcc114d6b9397363ebf94be8fb2121e5d077d68ddee3373f91889","1d8b73f79ed2818ac298b59e5335ab34"
"Glenn Youngkin’s Victory Is a Warning for Democrats","The New Yorker","The gubernatorial elections in Virginia and New Jersey suggest that Republicans’ appeal to voters has strengthened without Trump.","2021-11-03 13:52:52","Culture","https://www.newyorker.com/news/our-columnists/glenn-youngkins-victory-is-a-warning-for-democrats","fa671da9d90dcc114d6b9397363ebf94be8fb2121e5d077d68ddee3373f91889","a15f982ce3c5ffb4162a089f32dd89e4"
"After a Wild Ride, Eric Adams Takes the Wheel","The New Yorker","For Adams, Tuesday included a momentous vote, a P.R. gaffe, and a promise to bring New York together.","2021-11-03 15:33:10","Culture","https://www.newyorker.com/news/our-local-correspondents/after-a-wild-ride-eric-adams-takes-the-wheel","fa671da9d90dcc114d6b9397363ebf94be8fb2121e5d077d68ddee3373f91889","e422cd722c5b010cc368b10f5bdc8061"
"Daily Cartoon: Wednesday, November 3rd","The New Yorker","“The floor is lava, and without intervention the entire house will be lava by 2050.”","2021-11-03 15:10:26","Culture","https://www.newyorker.com/cartoons/daily-cartoon/wednesday-november-3rd-global-warming","fa671da9d90dcc114d6b9397363ebf94be8fb2121e5d077d68ddee3373f91889","7a3e6f26b4db93ed54b8b2ac05eea04a"
"How the Democrats Lost Virginia","The New Yorker","The pollster Sean Trende believes that the outcome of the gubernatorial election has less to do with debates about critical race theory than with the economy and the typical disadvantages of the party in power.","2021-11-03 18:00:48","Culture","https://www.newyorker.com/news/q-and-a/how-the-democrats-lost-virginia","fa671da9d90dcc114d6b9397363ebf94be8fb2121e5d077d68ddee3373f91889","878af1e753e19daa0ea6430f05def4ac"
"Ways in Which to (Safely) Enjoy Fall","The New Yorker","Strategies for distracting yourself from the fact that we are somehow still in a global pandemic.","2021-11-03 18:00:00","Culture","https://www.newyorker.com/humor/daily-shouts/ways-in-which-to-safely-enjoy-fall","fa671da9d90dcc114d6b9397363ebf94be8fb2121e5d077d68ddee3373f91889","0cbfb04c28bcf84b30def9c8b52a5ec5"
"The Velvet Underground Eludes Todd Haynes","The New Yorker","The long-awaited documentary about the Velvet Underground is very good, but we had reason to expect more.","2021-11-03 19:45:53","Culture","https://www.newyorker.com/culture/culture-desk/the-velvet-underground-eludes-todd-haynes","fa671da9d90dcc114d6b9397363ebf94be8fb2121e5d077d68ddee3373f91889","4d86589d6e941ee65aa2d1a561f0291f"
"The Supreme Court Wonders Where the Texas Abortion Law Might Lead","The New Yorker","In order to trample on reproductive rights, S.B. 8 tramples on all rights.","2021-11-03 22:05:05","Culture","https://www.newyorker.com/news/daily-comment/the-supreme-court-wonders-where-the-texas-abortion-law-might-lead","fa671da9d90dcc114d6b9397363ebf94be8fb2121e5d077d68ddee3373f91889","e59cf60d8da9a87fd98afa83cda86980"
"A Celebrity Chef’s Burnout and Pivot to Resiliency","The New Yorker","Edward Columbia’s documentary “Little Fish” follows the sustainable-food pioneer Bun Lai as he closes his successful restaurant and pursues a new approach to life.","2021-11-03 20:06:13","Culture","https://www.newyorker.com/culture/the-new-yorker-documentary/a-celebrity-chefs-burnout-and-pivot-to-resiliency","fa671da9d90dcc114d6b9397363ebf94be8fb2121e5d077d68ddee3373f91889","93b6de0b1aa447b99524c913c19525c6"
"Beyond “Cops”: Other Series-Reboot Plans for Fox Nation","The New Yorker","“CSI: Misinformation Unit,” “Young Sheldon Disproves Critical Race Theory,” and other potential reboots for Fox News Media’s new streaming service.","2021-11-04 10:00:00","Culture","https://www.newyorker.com/humor/daily-shouts/beyond-cops-other-series-reboot-plans-for-fox-nation","fa671da9d90dcc114d6b9397363ebf94be8fb2121e5d077d68ddee3373f91889","57b9c2fa07c30e61b6873d22daccf56c"
"Daily Cartoon: Thursday, November 4th","The New Yorker","Enter the gourd vortex.","2021-11-04 14:44:05","Culture","https://www.newyorker.com/cartoons/daily-cartoon/thursday-november-4th-gourd-vortex","fa671da9d90dcc114d6b9397363ebf94be8fb2121e5d077d68ddee3373f91889","1f9a3bb06eef5e9b9569f0415466af9f"
"Uncovering the Secret Offshore Accounts of the Global Élite","The New Yorker","In an age of rising populism, the International Consortium of Investigative Journalists is exposing the hypocrisy behind the hidden wealth.","2021-11-04 16:19:52","Culture","https://www.newyorker.com/news/annals-of-inquiry/uncovering-the-secret-offshore-accounts-of-the-global-elite","fa671da9d90dcc114d6b9397363ebf94be8fb2121e5d077d68ddee3373f91889","f40b920a5a92c3ac69572b8bb426fbc5"
"Trump Claims He Is Now Governor of Virginia","The New Yorker","He had nothing but contempt for media outlets that have declared Glenn Youngkin the winner of Tuesday’s contest.","2021-11-04 17:28:38","Culture","https://www.newyorker.com/humor/borowitz-report/trump-claims-he-is-now-governor-of-virginia","fa671da9d90dcc114d6b9397363ebf94be8fb2121e5d077d68ddee3373f91889","08cfaa0468ae9a3127587afe400b9b61"
"How Worried Should Democrats Be?","The New Yorker","Do the results of the Virginia and New Jersey gubernatorial races mean trouble for the Democrats in 2022?","2021-11-04 20:30:00","Culture","https://www.newyorker.com/podcast/political-scene/was-last-week-really-so-bad-for-the-democrats","fa671da9d90dcc114d6b9397363ebf94be8fb2121e5d077d68ddee3373f91889","80217d1e3aff447f208c111b5cae9c99"
"An Artist’s Imagining of Life After Humanity","The New Yorker","Arjan Brentjes’s film “Sad Beauty” finds an unexpected source of solace in the age of ecological despair.","2021-11-04 19:57:19","Culture","https://www.newyorker.com/culture/screening-room/an-artists-imagining-of-life-after-humanity","fa671da9d90dcc114d6b9397363ebf94be8fb2121e5d077d68ddee3373f91889","608c6f844cb046c2621f0ac7af047f67"
"“A Cop Movie,” Reviewed: A Revelatory Docu-Fiction About Police in Mexico","The New Yorker","Working with actors and real-life officers, the director Alonso Ruizpalacios goes where reporters can’t.","2021-11-05 00:11:49","Culture","https://www.newyorker.com/culture/the-front-row/a-cop-movie-reviewed-a-revelatory-docu-fiction-about-police-in-mexico","fa671da9d90dcc114d6b9397363ebf94be8fb2121e5d077d68ddee3373f91889","b87a9849bd4964838f2bd542cc59503e"
"We Already Live in Facebook’s Metaverse","The New Yorker","Who among us wants to inhabit an even more virtual world of Mark Zuckerberg’s creation?","2021-11-04 23:54:00","Culture","https://www.newyorker.com/culture/infinite-scroll/we-already-live-in-facebooks-metaverse","fa671da9d90dcc114d6b9397363ebf94be8fb2121e5d077d68ddee3373f91889","bc6f7f73414abc7f8ca6b4b2a4b8368d"
"Biden and Trump Both Lost This Week","The New Yorker","Reading the portents of the off-year elections.","2021-11-04 23:26:57","Culture","https://www.newyorker.com/news/letter-from-bidens-washington/biden-and-trump-both-lost-this-week","fa671da9d90dcc114d6b9397363ebf94be8fb2121e5d077d68ddee3373f91889","3c1c67ba14ecd545c9ab176e97bc458d"
"Boris Johnson’s Fickle Climate Leadership","The New Yorker","In the face of scientific reality, the host of the U.N. climate-change talks comes up short.","2021-11-04 23:13:50","Culture","https://www.newyorker.com/news/daily-comment/boris-johnsons-fickle-climate-leadership","fa671da9d90dcc114d6b9397363ebf94be8fb2121e5d077d68ddee3373f91889","fb4a41ea92fe7654039558b355a5768c"
"Winter Movies Preview","The New Yorker","Major movies held over from last year, such as Steven Spielberg’s “West Side Story,” join new productions, including Jane Campion’s “The Power of the Dog,” for a teeming year-end calendar.","2021-11-05 10:00:00","Culture","https://www.newyorker.com/magazine/2021/11/15/winter-2021-movies-preview","fa671da9d90dcc114d6b9397363ebf94be8fb2121e5d077d68ddee3373f91889","0a3a9a35a810ac10201c90628ff05748"
"Fun Ways to Get Spiders on You This Fall!","The New Yorker","Go on a romantic, autumnal hike. Or perhaps just clean out your closet.","2021-11-05 10:00:00","Culture","https://www.newyorker.com/humor/daily-shouts/fun-ways-to-get-spiders-on-you-this-fall","fa671da9d90dcc114d6b9397363ebf94be8fb2121e5d077d68ddee3373f91889","e2ac26f6274242f1a31acd5a2d47e2a7"
"Winter Art Preview","The New Yorker","Sophie Taeuber-Arp makes modernism joyful at MOMA, Holbein builds character at the Morgan Library, the New Museum surveys the illustrious career of Faith Ringgold, and more.","2021-11-05 10:00:00","Culture","https://www.newyorker.com/magazine/2021/11/15/winter-2021-art-preview","fa671da9d90dcc114d6b9397363ebf94be8fb2121e5d077d68ddee3373f91889","72c9e62ba704f7892bb812e8f7b5cac7"
"Is This the Worst Place to Be Poor and Charged with a Federal Crime?","The New Yorker","The Southern District of Georgia does remarkably little to provide for indigent defendants.","2021-11-05 10:00:00","Culture","https://www.newyorker.com/news/us-journal/is-this-the-worst-place-to-be-poor-and-charged-with-a-federal-crime","fa671da9d90dcc114d6b9397363ebf94be8fb2121e5d077d68ddee3373f91889","857cff3fbd381ec0129175cdb3ae6f21"
"Winter Theatre Preview","The New Yorker","Hugh Jackman and Sutton Foster in “The Music Man,” Beanie Feldstein in “Funny Girl,” Lynn Nottage’s “MJ,” and more.","2021-11-05 10:00:00","Culture","https://www.newyorker.com/magazine/2021/11/15/winter-2021-theatre-preview","fa671da9d90dcc114d6b9397363ebf94be8fb2121e5d077d68ddee3373f91889","d22821c9fb2ce01223642386004cfc5e"
"Winter Contemporary-Music Preview","The New Yorker","Bob Dylan on tour, Kacey Musgraves at Madison Square Garden, Playboi Carti and the Strokes at Barclays Center, and more.","2021-11-05 10:00:00","Culture","https://www.newyorker.com/magazine/2021/11/15/winter-2021-contemporary-music-preview","fa671da9d90dcc114d6b9397363ebf94be8fb2121e5d077d68ddee3373f91889","f611887d8d877ced94ee3f13dbe8c298"
"Winter Dance Preview","The New Yorker","The tap dancer and choreographer Ayodele Casel’s “Chasing Magic,” new works by Jamar Roberts, Pam Tanowitz’s “Four Quartets,” and more.","2021-11-05 10:00:00","Culture","https://www.newyorker.com/magazine/2021/11/15/winter-2021-dance-preview","fa671da9d90dcc114d6b9397363ebf94be8fb2121e5d077d68ddee3373f91889","6f76a5e5d67cf65b0a52132d0fe992f7"
"Rebecca Solnit on the Politics of Pleasure","The New Yorker","The author discusses her new book “Orwell’s Roses” and the role of art and beauty as forms of resistance.","2021-11-05 10:00:00","Culture","https://www.newyorker.com/culture/q-and-a/rebecca-solnit-on-the-politics-of-pleasure","fa671da9d90dcc114d6b9397363ebf94be8fb2121e5d077d68ddee3373f91889","ca593b8ec6feb1842781ab8a95b279ca"
"How Colin Powell Saw His Role—and That of Another Famous Non-Quitter","The New Yorker","The former Secretary of State, who is being honored at the National Cathedral, had a clear notion of “what serving this nation was all about.”","2021-11-05 10:00:00","Culture","https://www.newyorker.com/news/daily-comment/how-colin-powell-saw-his-role-and-that-of-another-famous-non-quitter","fa671da9d90dcc114d6b9397363ebf94be8fb2121e5d077d68ddee3373f91889","fba7b044da5f78085bee17c38d7e5384"
"The Vampy Comedy of “Nollywood Dreams”","The New Yorker","The formative era of Nigeria’s film industry, in the nineteen-nineties, is the setting for this new play by Jocelyn Bioh, opening on Nov. 11, at MCC Theatre.","2021-11-05 10:00:00","Culture","https://www.newyorker.com/magazine/2021/11/15/the-vampy-comedy-of-nollywood-dreams","fa671da9d90dcc114d6b9397363ebf94be8fb2121e5d077d68ddee3373f91889","701d225c013093c3f6a6139f130a39b7"
"In “Spencer,” Kristen Stewart’s Princess Diana Is Forever Trying Out Roles","The New Yorker","Pablo Larraín’s film, less a bio-pic than a set of variations on the theme of Diana, is drunk on the princess’s perception of the world.","2021-11-05 10:00:00","Culture","https://www.newyorker.com/magazine/2021/11/15/in-spencer-kirsten-stewarts-princess-diana-is-forever-trying-out-roles","fa671da9d90dcc114d6b9397363ebf94be8fb2121e5d077d68ddee3373f91889","dee4d3c4b6f206f8816d21ae31756f88"
"At Senza Gluten, the Gluten Isn’t Missed","The New Yorker","There are few surprises at this gluten-free Italian restaurant in Greenwich Village, which serves lasagna, chicken parm, and spaghetti alla pomodoro—and that’s largely the point.","2021-11-05 10:00:00","Culture","https://www.newyorker.com/magazine/2021/11/15/at-senza-gluten-the-gluten-isnt-missed","fa671da9d90dcc114d6b9397363ebf94be8fb2121e5d077d68ddee3373f91889","2bf59e7dcc6c85e9f2900dbcf890876b"
"Winter Classical-Music Preview","The New Yorker","The Met’s New Year’s Eve production of “Rigoletto,” Prototype Festival premières, Death of Classical’s subterranean “Cave Sessions,” and more.","2021-11-05 10:00:00","Culture","https://www.newyorker.com/magazine/2021/11/15/winter-2021-classical-music-preview","fa671da9d90dcc114d6b9397363ebf94be8fb2121e5d077d68ddee3373f91889","d9d25e049899bdb7b301cab99e53d45a"
"Daily Cartoon: Friday, November 5th","The New Yorker","“And then it gets dark outside before you’ve even had a chance to leave the office. . . . ”","2021-11-05 13:53:44","Culture","https://www.newyorker.com/cartoons/daily-cartoon/friday-november-5th-spooky-capitalism","fa671da9d90dcc114d6b9397363ebf94be8fb2121e5d077d68ddee3373f91889","cb5d2fa8bf6a371d1d8fbcbacca18e3b"
"The Meta Narrative: What We’ve Learned from the Facebook Papers","The New Yorker","Thousands of documents uncovered by Frances Haugen reveal, among other things, how employees of Facebook—or Meta, as it’s now known—talk when they think that no one is listening.","2021-11-05 16:11:17","Culture","https://www.newyorker.com/news/daily-comment/the-meta-narrative-what-weve-learned-from-the-facebook-papers","fa671da9d90dcc114d6b9397363ebf94be8fb2121e5d077d68ddee3373f91889","0bb30652479d5c1e6b51ec599e2616aa"
"Élitism Without Borders","The New Yorker","Some extra-special opportunities for the extra-special few.","2021-11-05 18:51:17","Culture","https://www.newyorker.com/cartoons/blitts-kvetchbook/elitism-without-borders","fa671da9d90dcc114d6b9397363ebf94be8fb2121e5d077d68ddee3373f91889","ed0e265918b3b0d5c17709e089da28f1"
"Dear Pepper: For Richer or Poorer","The New Yorker","There are many people who wouldn’t think that a ginormous wedding gift is awkward and a bit sinister, but I️, personally, happen to agree with you.","2021-11-05 18:00:00","Culture","https://www.newyorker.com/humor/daily-shouts/dear-pepper-for-richer-or-poorer","fa671da9d90dcc114d6b9397363ebf94be8fb2121e5d077d68ddee3373f91889","b4a4d7f9816d8b9fac68aba9d52c402b"
"How Masai Ujiri Builds a Team","The New Yorker","The acclaimed N.B.A. executive on trading players, experiencing injustice, and going home.","2021-11-07 22:28:52","Culture","https://www.newyorker.com/culture/the-new-yorker-interview/how-masai-ujiri-builds-a-team","fa671da9d90dcc114d6b9397363ebf94be8fb2121e5d077d68ddee3373f91889","d09ce52c3af86d999274bd2778bb9f90"
"The Cryptic Crossword: Sunday, November 7, 2021","The New Yorker","Rinses off emergency signals (6).","2021-11-07 11:00:00","Culture","https://www.newyorker.com/puzzles-and-games-dept/cryptic-crossword/2021/11/07","fa671da9d90dcc114d6b9397363ebf94be8fb2121e5d077d68ddee3373f91889","af18cf957a6cdb660c920d9afdef210b"
"Sunday Reading: Portraits of Marriage","The New Yorker","From the magazine’s archive: a collection of pieces on matrimony and marital trouble.","2021-11-07 11:00:00","Culture","https://www.newyorker.com/books/double-take/sunday-reading-portraits-of-marriage","fa671da9d90dcc114d6b9397363ebf94be8fb2121e5d077d68ddee3373f91889","d1d5d799d9135d211b991b8d4422deaa"
"Running Out of Time at the U.N. Climate Conference","The New Yorker","To really appreciate America’s fecklessness, you have to go back to the meeting that preceded all the bad COPs—the so-called Earth Summit, in 1992.","2021-11-07 11:00:00","Culture","https://www.newyorker.com/magazine/2021/11/15/running-out-of-time-at-the-un-climate-conference-cop26","fa671da9d90dcc114d6b9397363ebf94be8fb2121e5d077d68ddee3373f91889","adb2284f4249390ac71a7389f5f37cea"
"Ways My Dog Keeps Time","The New Yorker","Barks per minute, wags per whistle, and other methods.","2021-11-07 11:00:00","Culture","https://www.newyorker.com/humor/daily-shouts/ways-my-dog-keeps-time","fa671da9d90dcc114d6b9397363ebf94be8fb2121e5d077d68ddee3373f91889","227e7cbad14ba679d26536965eca1456"
"Why Was the New Jersey Gubernatorial Race So Close?","The New Yorker","A pollster for Governor Phil Murphy explains how Republicans nearly pulled off an upset in the Garden State.","2021-11-06 18:45:21","Culture","https://www.newyorker.com/news/q-and-a/why-was-the-new-jersey-gubernatorial-race-so-close","fa671da9d90dcc114d6b9397363ebf94be8fb2121e5d077d68ddee3373f91889","e8344863ff7b39a47ba3b16d4d38868c"
"The Death of a Sweatpant","The New Yorker","After announcing the end of his pandemic-favorite leisure-wear brand Entireworld, the designer Scott Sternberg hits a high-fashion department store to feel some fabrics and rue the price points.","2021-11-06 14:00:00","Culture","https://www.newyorker.com/magazine/2021/11/15/the-death-of-a-sweatpant","fa671da9d90dcc114d6b9397363ebf94be8fb2121e5d077d68ddee3373f91889","c364b83d1ac5334abde16d1026a25c9b"
"The Book That Taught Me What Translation Was","The New Yorker","In its attention to substitution, Domenico Starnone’s “Trust” embodies the joy of moving words from one language to another.","2021-11-06 10:00:00","Culture","https://www.newyorker.com/books/page-turner/the-book-that-taught-me-what-translation-was","fa671da9d90dcc114d6b9397363ebf94be8fb2121e5d077d68ddee3373f91889","111889d5957decfc53de9328e1933bf0"
"Medicine’s Wellness Conundrum","The New Yorker","Patients want alternative therapies. How can hospitals offer them without putting medical integrity at risk?","2021-11-06 10:00:00","Culture","https://www.newyorker.com/science/annals-of-medicine/medicines-wellness-conundrum","fa671da9d90dcc114d6b9397363ebf94be8fb2121e5d077d68ddee3373f91889","c7b8852726ca511abf43998287dbea1d"
"Explore John Pierpont Morgan College","The New Yorker","At the core of a liberal-arts education is the ability to think independently within the parameters of what one’s professors have already said.","2021-11-06 10:00:00","Culture","https://www.newyorker.com/humor/daily-shouts/explore-john-pierpont-morgan-college","fa671da9d90dcc114d6b9397363ebf94be8fb2121e5d077d68ddee3373f91889","e25a8f592f11a24318602ff1719c813a"
"“Eternals,” Reviewed: Chloé Zhao’s Lifeless Marvel Movie","The New Yorker","With a humanistic tone, the director of “Nomadland” puts substance over style and delivers neither.","2021-11-05 23:08:26","Culture","https://www.newyorker.com/culture/the-front-row/eternals-reviewed-chloe-zhaos-lifeless-marvel-movie","fa671da9d90dcc114d6b9397363ebf94be8fb2121e5d077d68ddee3373f91889","a733292286577b882f975120196d8d43"
"The Life and Legacy of Rachel Held Evans","The New Yorker","The late author of Christian best-sellers gave voice to a movement of disaffected evangelicals. Will her message outlive her? Plus, Cal Newport on the four-hour workweek.","2021-11-05 20:00:00","Culture","https://www.newyorker.com/podcast/the-new-yorker-radio-hour/the-life-and-legacy-of-rachel-held-evans","fa671da9d90dcc114d6b9397363ebf94be8fb2121e5d077d68ddee3373f91889","8d7bdb36c16d43f03a20c48990674125"
"A Strong Jobs Report Gives Biden and the Democrats a Reason to Hope","The New Yorker","Polling suggests that concerns about the economy helped Republicans in this week’s elections.","2021-11-05 19:14:41","Culture","https://www.newyorker.com/news/our-columnists/a-strong-jobs-report-gives-biden-and-the-democrats-a-reason-to-hope","fa671da9d90dcc114d6b9397363ebf94be8fb2121e5d077d68ddee3373f91889","cfd08de9ed2e8612c288fdb8714a6013"
"Cartoon Caption Contest","The New Yorker","Submit your caption.","2021-11-08 05:05:00","Culture","https://www.newyorker.com/magazine/cartoon-caption-contest/this-weeks-contest-2021-11-15","fa671da9d90dcc114d6b9397363ebf94be8fb2121e5d077d68ddee3373f91889","469680eb48e559a75d0ee55c9cc6179b"
"Want to Get Junior Away from That Screen?","The New Yorker","Shouts & Murmurs by Jay Ruttenberg: Try martial arts (to wrestle the phone away), a game of jacks, or a time-travel journey to confront the young Steve Jobs.","2021-11-08 11:00:00","Culture","https://www.newyorker.com/magazine/2021/11/15/want-to-get-junior-away-from-that-screen","fa671da9d90dcc114d6b9397363ebf94be8fb2121e5d077d68ddee3373f91889","f6a07cca9313cd23e873e7303e886108"
"Eric Drooker’s “The Impossible Dream”","The New Yorker","The artist discusses the often quixotic-seeming task of confronting the climate crisis.","2021-11-08 11:00:00","Culture","https://www.newyorker.com/culture/cover-story/cover-story-2021-11-15","fa671da9d90dcc114d6b9397363ebf94be8fb2121e5d077d68ddee3373f91889","232ff8e8a5edc3be437b75835e3e6a24"
"A Fearless Experimentalist’s Stealth Reputation","The New Yorker","Revered among better-known New Narrative writers, Dodie Bellamy has made uncompromising excess her artistic credo.","2021-11-08 11:00:00","Culture","https://www.newyorker.com/magazine/2021/11/15/american-experimentalisms-best-kept-secret-dodie-bellamy-bee-reaved","fa671da9d90dcc114d6b9397363ebf94be8fb2121e5d077d68ddee3373f91889","c94b153c788f64e99f7eef3c76f40e2c"
"Yiyun Li on Friendship and Tolstoy","The New Yorker","The author discusses “Hello, Goodbye,” her story from the latest issue of the magazine.","2021-11-08 11:00:00","Culture","https://www.newyorker.com/books/this-week-in-fiction/yiyun-li-11-15-21","fa671da9d90dcc114d6b9397363ebf94be8fb2121e5d077d68ddee3373f91889","4368cb932bfda92c44f448d70ca0b59d"
"Is the President of Honduras a Narco-Trafficker?","The New Yorker","For decades, the U.S. has accommodated corruption in Central America. Now it is contending with the results.","2021-11-08 11:00:00","Culture","https://www.newyorker.com/magazine/2021/11/15/is-the-president-of-honduras-a-narco-trafficker","fa671da9d90dcc114d6b9397363ebf94be8fb2121e5d077d68ddee3373f91889","c70309f6ca31930b6257fe83ed291bdc"
"“Hello, Goodbye,” by Yiyun Li","The New Yorker","Fiction by Yiyun Li: “Are good choices and bad choices all that different? The consequences of those choices are where life is.”","2021-11-08 11:00:00","Culture","https://www.newyorker.com/magazine/2021/11/15/hello-goodbye","fa671da9d90dcc114d6b9397363ebf94be8fb2121e5d077d68ddee3373f91889","ae05386252064a1e7f3ff2ab49588029"
"Thanks for the Bitcoin! How Does It Work?","The New Yorker","A quirky Toronto broadsheet, beloved by Justin Trudeau and Margaret Atwood, gets tech support from an Ethereum founder.","2021-11-08 11:00:00","Culture","https://www.newyorker.com/magazine/2021/11/15/thanks-for-the-bitcoin-how-does-it-work","fa671da9d90dcc114d6b9397363ebf94be8fb2121e5d077d68ddee3373f91889","2ef95d0546acc80a47fa65f4eaa74083"
"Deer Wars and Death Threats","The New Yorker","A small subset of wild animals thrive alongside humans. An unusual—and polarizing—set of conservation projects have sprung up in response.","2021-11-08 11:00:00","Culture","https://www.newyorker.com/magazine/2021/11/15/deer-wars-and-death-threats","fa671da9d90dcc114d6b9397363ebf94be8fb2121e5d077d68ddee3373f91889","4f03d78de2fc904c625dd1a68f86f38b"
"A George Floyd Field Trip","The New Yorker","Grade schoolers from P.S. 213, in East New York, took a school bus with Terrence Floyd, George’s brother, to participate in his new lesson plan.","2021-11-08 11:00:00","Culture","https://www.newyorker.com/magazine/2021/11/15/a-george-floyd-field-trip","fa671da9d90dcc114d6b9397363ebf94be8fb2121e5d077d68ddee3373f91889","c623d27fece643c3a1cab35e2d5a42cf"
"Choose Your Own Kandinsky Adventure at the Guggenheim","The New Yorker","“Vasily Kandinsky: Around the Circle” takes the viewer from joy to perplexity—or the reverse—depending on where you start on the museum’s ramp.","2021-11-08 11:00:00","Culture","https://www.newyorker.com/magazine/2021/11/15/choose-your-own-kandinsky-adventure-at-the-guggenheim","fa671da9d90dcc114d6b9397363ebf94be8fb2121e5d077d68ddee3373f91889","28214345e8d198e5a17d2ddcac3dc08f"
"Yiyun Li Reads “Hello, Goodbye”","The New Yorker","The author reads her story from the November 15, 2021, issue of the magazine.","2021-11-08 11:00:00","Culture","https://www.newyorker.com/podcast/the-authors-voice/yiyun-li-reads-hello-goodbye","fa671da9d90dcc114d6b9397363ebf94be8fb2121e5d077d68ddee3373f91889","73f59330b8c3434c20a47eff5eb21e2a"
"Slide Show: New Yorker Cartoons November 15, 2021","The New Yorker","Cartoons from the magazine.","2021-11-08 11:00:00","Culture","https://www.newyorker.com/cartoons/issue-cartoons/cartoons-from-the-november-15-2021-issue","fa671da9d90dcc114d6b9397363ebf94be8fb2121e5d077d68ddee3373f91889","4676597cfb678a6447dd5738d7709507"
"The Great Organic-Food Fraud","The New Yorker","There’s no way to confirm that a crop was grown organically. Randy Constant exploited our trust in the labels—and made a fortune.","2021-11-08 11:00:00","Culture","https://www.newyorker.com/magazine/2021/11/15/the-great-organic-food-fraud","fa671da9d90dcc114d6b9397363ebf94be8fb2121e5d077d68ddee3373f91889","1f07eb3f2bb4a933ca2afd1639f67cc8"
"The Trial of Kyle Rittenhouse Begins with Gruesome Videos and a Plea for Fact-Finding","The New Yorker","The rifle-wielding teen-ager killed two men and grievously wounded a third during racial-justice protests in Kenosha, Wisconsin.","2021-11-08 11:00:00","Culture","https://www.newyorker.com/news/news-desk/the-trial-of-kyle-rittenhouse-begins-with-gruesome-videos-and-a-plea-for-fact-finding","fa671da9d90dcc114d6b9397363ebf94be8fb2121e5d077d68ddee3373f91889","c82c157459d8dd36bf170369c46d47df"
"“Morning Sun” Glimmers with Meaning","The New Yorker","In Simon Stephens’s dreamily extended riff, Edie Falco plays a woman whose life is dramatic but unsung, the kind that never makes headlines but is nonetheless dense with incident.","2021-11-08 11:00:00","Culture","https://www.newyorker.com/magazine/2021/11/15/morning-sun-glimmers-with-meaning-edie-falco","fa671da9d90dcc114d6b9397363ebf94be8fb2121e5d077d68ddee3373f91889","acbf33271696cca865150c03bc3e5623"
"Briefly Noted Book Reviews","The New Yorker","“Oh William!,” “Fight Night,” “Fallen Idols,” and “The Gilded Page.”","2021-11-08 11:00:00","Culture","https://www.newyorker.com/magazine/2021/11/15/oh-william-fight-night-fallen-idols-the-gilded-page","fa671da9d90dcc114d6b9397363ebf94be8fb2121e5d077d68ddee3373f91889","e11e492ee0d78e5808b29fcc9cfca4e7"
"“The End of the World,” by Clarence Major","The New Yorker","Poetry by Clarence Major: “I look out the window / at a silent dark night.”","2021-11-08 11:00:00","Culture","https://www.newyorker.com/magazine/2021/11/15/the-end-of-the-world","fa671da9d90dcc114d6b9397363ebf94be8fb2121e5d077d68ddee3373f91889","b0821f6a24c10fdefa1bb6e1b2b5de8d"
"Victoria Chang’s Correspondence with Grief","The New Yorker","In “Dear Memory,” Chang experiments with the grammar of loss, addressing letters to those who will never respond, and finding meaning in their silence.","2021-11-08 11:00:00","Culture","https://www.newyorker.com/magazine/2021/11/15/victoria-changs-correspondence-with-grief-dear-memory","fa671da9d90dcc114d6b9397363ebf94be8fb2121e5d077d68ddee3373f91889","601cf955932ee93b12d2f20bc17c48c2"
"What It’s Like to Fight a Megafire","The New Yorker","Wildfires have grown more extreme. So have the risks of combatting them.","2021-11-08 11:00:00","Culture","https://www.newyorker.com/magazine/2021/11/15/what-is-it-like-to-fight-a-megafire","fa671da9d90dcc114d6b9397363ebf94be8fb2121e5d077d68ddee3373f91889","fbe5df627e3e525ccd65a58ebcc409bb"
"Parquet Courts on the Dance Floor","The New Yorker","A night out in Brooklyn with the psychedelic-punk band’s frontmen, Andrew Savage and Austin Brown, just before the release of their pandemic opus “Sympathy for Life,” which, naturally, was recorded before the pandemic.","2021-11-08 11:00:00","Culture","https://www.newyorker.com/magazine/2021/11/15/parquet-courts-on-the-dance-floor","fa671da9d90dcc114d6b9397363ebf94be8fb2121e5d077d68ddee3373f91889","6eccebb064525be76e1ba06b411db59c"
"Daily Cartoon: Monday, November 8th","The New Yorker","“It’s amazing what you can accomplish when you gain an hour.”","2021-11-08 15:36:19","Culture","https://www.newyorker.com/cartoons/daily-cartoon/monday-november-8th-daylight-saving-marathon","fa671da9d90dcc114d6b9397363ebf94be8fb2121e5d077d68ddee3373f91889","a720e94c926d60cd49795021aeaef66e"
"Oscar the Grouch Cuts Ties with Ted Cruz","The New Yorker","Oscar said that he had supported Cruz’s political career for years “to show solidarity with a fellow-monster.”","2021-11-08 16:48:47","Culture","https://www.newyorker.com/humor/borowitz-report/oscar-the-grouch-cuts-ties-with-ted-cruz","fa671da9d90dcc114d6b9397363ebf94be8fb2121e5d077d68ddee3373f91889","7758a1cfb6750ba433b1dfdebcf72ab9"
"“Uppercase Print,” Reviewed: The Terrifying Absurdities of the Surveillance State","The New Yorker","The pursuit and persecution of a young freethinker are revealed by way of the archives of the Romanian secret police.","2021-11-09 00:35:44","Culture","https://www.newyorker.com/culture/the-front-row/uppercase-print-reviewed-the-terrifying-absurdities-of-the-surveillance-state","fa671da9d90dcc114d6b9397363ebf94be8fb2121e5d077d68ddee3373f91889","d8d6a5400aed16c5f782e694a93676a8"
"Emily Ratajkowski and the Burden of Being Perfect-Looking","The New Yorker","In a new collection of essays, “My Body,” the writer and model reckons with how her appearance has shaped her personal relationships, career, and psyche.","2021-11-09 00:06:47","Culture","https://www.newyorker.com/culture/cultural-comment/emily-ratajkowski-and-the-burden-of-being-perfect-looking","fa671da9d90dcc114d6b9397363ebf94be8fb2121e5d077d68ddee3373f91889","7ad929ee5b80fc2070e5bf8e4f968a26"
"The Splendid Uncoolness of “Sex, Love & Goop”","The New Yorker","Gwyneth Paltrow’s new Netflix series, which follows couples who are struggling with sexual dysfunction, is unexpectedly real, and genuinely moving.","2021-11-08 22:25:02","Culture","https://www.newyorker.com/culture/on-television/the-splendid-uncoolness-of-sex-love-and-goop","fa671da9d90dcc114d6b9397363ebf94be8fb2121e5d077d68ddee3373f91889","968834f3174ac0c4ff7e2c7375326669"
"Inside the Democrats’ Battle to Build Back Better","The New Yorker","House progressives delayed the infrastructure bill to protect Biden’s multitrillion-dollar agenda. Did it work?","2021-11-08 21:04:18","Culture","https://www.newyorker.com/news/the-political-scene/inside-the-democrats-battle-to-build-back-better","fa671da9d90dcc114d6b9397363ebf94be8fb2121e5d077d68ddee3373f91889","d7d21c32e7233b1d002064833e26703a"
"Will the Office Survive the Pandemic?","The New Yorker","Cal Newport discusses the future of remote work. Even as many offices plan their returns, he predicts that, in the long term, the shutdown will forever change how work is done.","2021-11-08 21:00:00","Culture","https://www.newyorker.com/podcast/political-scene/will-the-office-survive-the-pandemic","fa671da9d90dcc114d6b9397363ebf94be8fb2121e5d077d68ddee3373f91889","3d76d87927df7bb6f423c6cc9a452f79"
"Computer Functions I Wish I Had in Real Life","The New Yorker","The wonders that a search bar and autocorrect can bring to the analog world.","2021-11-08 19:00:00","Culture","https://www.newyorker.com/humor/daily-shouts/computer-functions-i-wish-i-had-in-real-life","fa671da9d90dcc114d6b9397363ebf94be8fb2121e5d077d68ddee3373f91889","65ab9ad1c0ee68dbd65a9c6a1dd7b4ca"
"Text Messages to Which I Will Never Receive a Response","The New Yorker","How was space? We missed you down here, ha ha.","2021-11-09 11:00:00","Culture","https://www.newyorker.com/humor/daily-shouts/text-messages-to-which-i-will-never-receive-a-response","fa671da9d90dcc114d6b9397363ebf94be8fb2121e5d077d68ddee3373f91889","e43a4e099fbb13c64b8651f1cc71ecef"
"Daily Cartoon: Tuesday, November 9th","The New Yorker","“Is there a doctor or anyone who has done their own research on board?”","2021-11-09 16:02:08","Culture","https://www.newyorker.com/cartoons/daily-cartoon/tuesday-november-9th-flight-attendant-research","fa671da9d90dcc114d6b9397363ebf94be8fb2121e5d077d68ddee3373f91889","f46b691451303d1b0166416e0bea657d"
"Why Andrew Roberts Wants Us to Reconsider King George III","The New Yorker","The conservative writer, who counts George W. Bush and Henry Kissinger among his admirers, discusses imperial nostalgia and his new book about the maligned monarch.","2021-11-09 20:01:10","Culture","https://www.newyorker.com/news/q-and-a/why-andrew-roberts-wants-us-to-reconsider-king-george-iii","fa671da9d90dcc114d6b9397363ebf94be8fb2121e5d077d68ddee3373f91889","b3d7be49c8502fc3a5edced534d03e60"
"“Passing,” Reviewed: Rebecca Hall’s Anguished Vision of Black Identity","The New Yorker","With a remarkable fusion of substance and style, Hall’s adaptation of Nella Larsen’s 1929 novel unfolds inner lives along with social crises.","2021-11-09 23:25:18","Culture","https://www.newyorker.com/culture/the-front-row/passing-reviewed-rebecca-halls-anguished-vision-of-black-identity","fa671da9d90dcc114d6b9397363ebf94be8fb2121e5d077d68ddee3373f91889","a889e0783ae1d7ad190020002f313aed"
"Trust Is Hard to Find at the U.N. Climate Summit in Glasgow","The New Yorker","Young activists are right to doubt the pledges of governments, financial firms, and the fossil-fuel industry.","2021-11-09 22:57:32","Culture","https://www.newyorker.com/news/daily-comment/trust-is-hard-to-find-at-the-un-climate-summit-in-glasgow","fa671da9d90dcc114d6b9397363ebf94be8fb2121e5d077d68ddee3373f91889","0a5abf07b2dcb1e00851ad299af530f3"
"On “Still Over It,” Summer Walker Gets the Last Word","The New Yorker","Like Keyshia Cole and K. Michelle before her, Walker traffics in an argumentative form of R. & B., itemizing misdeeds, lamenting wasted time, and putting the men responsible on notice.","2021-11-09 22:51:05","Culture","https://www.newyorker.com/culture/listening-booth/on-still-over-it-summer-walker-gets-the-last-word","fa671da9d90dcc114d6b9397363ebf94be8fb2121e5d077d68ddee3373f91889","c8a93be4de183bb7a009e0dc4ec4c512"
"The Question We’ve Stopped Asking About Teen-Agers and Social Media","The New Yorker","Should they be using these services at all?","2021-11-09 21:45:22","Culture","https://www.newyorker.com/culture/office-space/the-question-weve-stopped-asking-about-teen-agers-and-social-media","fa671da9d90dcc114d6b9397363ebf94be8fb2121e5d077d68ddee3373f91889","e446394d7e9ad853f4b472b158caa7ee"
"The Aging Anarchist’s Cookbook","The New Yorker","Sections on making drugs and explosives have been removed. Can you imagine having the energy to do anything like that?","2021-11-10 11:00:00","Culture","https://www.newyorker.com/humor/daily-shouts/the-aging-anarchists-cookbook","fa671da9d90dcc114d6b9397363ebf94be8fb2121e5d077d68ddee3373f91889","5ed1363b87ab27cd46ba6f07c4adb7d1"
"Daily Cartoon: Wednesday, November 10th","The New Yorker","“Holding superstar quarterback accountable—token penalty after the kickoff.”","2021-11-10 15:07:56","Culture","https://www.newyorker.com/cartoons/daily-cartoon/wednesday-november-10th-superstar-quarterback","fa671da9d90dcc114d6b9397363ebf94be8fb2121e5d077d68ddee3373f91889","66e2cb89fb7b4b08a70dd01abff3a3ac"
"Kayleigh McEnany Tells January 6th Panel She Never Worked at White House","The New Yorker","“For the past five years, I have been assistant manager of an Enterprise Rent-a-Car branch.”","2021-11-10 16:05:13","Culture","https://www.newyorker.com/humor/borowitz-report/kayleigh-mcenany-tells-january-6th-panel-she-never-worked-at-white-house","fa671da9d90dcc114d6b9397363ebf94be8fb2121e5d077d68ddee3373f91889","1f7c32342726e3fbaddee66cc0687b85"
"Does Xi Jinping’s Seizure of History Threaten His Future?","The New Yorker","The struggles of the first century of Communist Party rule are being buried by the need to cohere around what Xi calls “the great rejuvenation” of China.","2021-11-10 22:58:02","Culture","https://www.newyorker.com/news/daily-comment/does-xi-jinpings-seizure-of-history-threaten-his-future","fa671da9d90dcc114d6b9397363ebf94be8fb2121e5d077d68ddee3373f91889","05c46b27b86a40bbb655a4ff773ca22b"
"A Choir at the Crossroads of Boyhood and Manhood","The New Yorker","The documentary “The Voice Break Choir” features a Swedish ensemble that lets teen-age boys keep singing as their voices—and lives—change.","2021-11-10 19:49:07","Culture","https://www.newyorker.com/culture/the-new-yorker-documentary/a-choir-at-the-crossroads-of-boyhood-and-manhood","fa671da9d90dcc114d6b9397363ebf94be8fb2121e5d077d68ddee3373f91889","d0e7d3fbe5cd76a47818e30f85d2d8f0"
"A Doctor, a Patient, and Their Poetry","The New Yorker","In some ways, writing was the best treatment.","2021-11-10 19:44:25","Culture","https://www.newyorker.com/science/annals-of-medicine/a-doctor-a-patient-and-their-poetry","fa671da9d90dcc114d6b9397363ebf94be8fb2121e5d077d68ddee3373f91889","bd6f737aca11498544418df2be6eec61"
"“It Just Hurts a Little Bit, and It Helps You”: New York City Kids on Getting Vaxxed","The New Yorker","On Monday, at a Manhattan public school, students ages five through eleven put on their brave faces and looked forward to life after the shot.","2021-11-10 19:38:36","Culture","https://www.newyorker.com/culture/photo-booth/it-just-hurts-a-little-bit-and-it-helps-you-new-york-city-kids-on-getting-vaxxed","fa671da9d90dcc114d6b9397363ebf94be8fb2121e5d077d68ddee3373f91889","a5c3a3c0b51c042fbd0c90ecbcdc380d"
"Questions My Tarot Cards Refuse to Answer","The New Yorker","“Will my neighbor ever get the hint?,” “Why does the M.T.A. schedule feel like a personal attack?,” and other imponderables.","2021-11-10 19:00:00","Culture","https://www.newyorker.com/humor/daily-shouts/questions-my-tarot-cards-refuse-to-answer","fa671da9d90dcc114d6b9397363ebf94be8fb2121e5d077d68ddee3373f91889","442bceb62a57efd4f2e03d8efa0d368b"
"Louise Erdrich’s Spectral Novel of the Moment","The New Yorker","In “The Sentence,” Erdrich takes on COVID-19, the George Floyd protests, the effects of incarceration, and a haunted bookstore.","2021-11-10 18:05:28","Culture","https://www.newyorker.com/books/page-turner/louise-erdrichs-spectral-novel-of-the-moment","fa671da9d90dcc114d6b9397363ebf94be8fb2121e5d077d68ddee3373f91889","9f41a6ea5aaf673ab280d24b03275c8a"
"Welcome to Your Decided-Not-to-Have-a-Baby Shower!","The New Yorker","It’s going to be a challenging first couple years as you power through the remainder of your thirties with people constantly asking when you’re going to procreate.","2021-11-11 11:00:00","Culture","https://www.newyorker.com/humor/daily-shouts/welcome-to-your-decided-not-to-have-a-baby-shower","fa671da9d90dcc114d6b9397363ebf94be8fb2121e5d077d68ddee3373f91889","4a43dc2de22ecd755009a9127c8aadd7"
"The January 6th Investigation Gets Closer to Donald Trump","The New Yorker","Judges, national-security officials, and Liz Cheney say that the effort must proceed.","2021-11-12 00:53:02","Culture","https://www.newyorker.com/news/daily-comment/the-january-6th-investigation-gets-closer-to-donald-trump","fa671da9d90dcc114d6b9397363ebf94be8fb2121e5d077d68ddee3373f91889","cb56a0bcbad7420f9aa6de91f86551a4"
"How Trump Transformed the Supreme Court","The New Yorker","The legal journalist Linda Greenhouse expects the new conservative majority to change American law on abortion, religion, and affirmative action.","2021-11-11 21:53:15","Culture","https://www.newyorker.com/news/q-and-a/how-trump-transformed-the-supreme-court","fa671da9d90dcc114d6b9397363ebf94be8fb2121e5d077d68ddee3373f91889","36a9c9a8cd6726701ecd2f5dfe35ed3d"
"Philip Montgomery’s Up-Close Portrait of an America in Crisis","The New Yorker","For nearly a decade, the photographer has been chronicling the country’s historic struggles, with an intimacy that can be achieved only by getting uncomfortably close.","2021-11-11 19:54:21","Culture","https://www.newyorker.com/culture/photo-booth/philip-montgomerys-unblinking-portrait-of-an-america-in-crisis","fa671da9d90dcc114d6b9397363ebf94be8fb2121e5d077d68ddee3373f91889","0d532c09f41c58f0e087fcd16ca5f8e1"
"The Selfish Individualism of Aaron Rodgers","The New Yorker","The Green Bay quarterback’s semi-rebellious attitude once seemed almost charming. But his attitude toward the N.F.L.’s vaccine mandate has exposed his self-absorption.","2021-11-11 19:22:30","Culture","https://www.newyorker.com/sports/sporting-scene/the-selfish-individualism-of-aaron-rodgers","fa671da9d90dcc114d6b9397363ebf94be8fb2121e5d077d68ddee3373f91889","2ac1e92da0e57f2aa44592cfe167734d"
"What Does an At-Home Abortion Look Like in 2021?","The New Yorker","The practice is often assumed to be dangerous, but Abigail Aiken’s data suggest that ordering abortion pills online, and inducing a miscarriage at home, is as safe as going to a clinic.","2021-11-11 19:08:29","Culture","https://www.newyorker.com/news/news-desk/what-does-an-at-home-abortion-look-like-in-2021","fa671da9d90dcc114d6b9397363ebf94be8fb2121e5d077d68ddee3373f91889","159f17ef492120cc5b51dd8ae07c3f39"
"Politics and Justice at the Kyle Rittenhouse Trial","The New Yorker","A Wisconsin jury considers “the most divisive case in the country.”","2021-11-11 19:00:21","Culture","https://www.newyorker.com/podcast/political-scene/politics-and-justice-at-the-kyle-rittenhouse-trial","fa671da9d90dcc114d6b9397363ebf94be8fb2121e5d077d68ddee3373f91889","b6f547807ceb07bf7da928c6f15c5d13"
"Daily Cartoon: Thursday, November 11th","The New Yorker","“What do I get for the person who has everything, because he buys it for himself right before the holidays?”","2021-11-11 17:03:24","Culture","https://www.newyorker.com/cartoons/daily-cartoon/thursday-november-11th-holiday-gifts","fa671da9d90dcc114d6b9397363ebf94be8fb2121e5d077d68ddee3373f91889","3792112d067c75fceb89dd37a35b8efb"
"“The Hare with Amber Eyes,” at the Jewish Museum","The New Yorker","Japanese netsuke—ivory carvings used as kimono ornaments—are at the heart of both the Edmund de Waal memoir and the show, opening Nov. 19.","2021-11-12 11:00:00","Culture","https://www.newyorker.com/magazine/2021/11/22/the-hare-with-amber-eyes-at-the-jewish-museum","fa671da9d90dcc114d6b9397363ebf94be8fb2121e5d077d68ddee3373f91889","7d0aed931ea905d7c82b022fed2f9274"
"Magic Mushrooms, a Love Story","The New Yorker","A graphic novel tells the story of the couple whose love for fungi and each other laid the foundation for the serious study of psilocybin.","2021-11-12 11:00:00","Culture","https://www.newyorker.com/culture/culture-desk/magic-mushrooms-a-love-story","fa671da9d90dcc114d6b9397363ebf94be8fb2121e5d077d68ddee3373f91889","fc5752a3fba5709f079cdb6f15aa9242"
"A Middle Eastern Party at Shukette, in Chelsea","The New Yorker","The chef Ayesha Nurdjaja’s eclectic menu includes an exceptionally rich labneh, Moroccan bread topped with whole roasted garlic cloves, and reliable char-grilled pleasures such as the Persian-inspired Joojeh Chicken.","2021-11-12 11:00:00","Culture","https://www.newyorker.com/magazine/2021/11/22/a-middle-eastern-party-at-shukette-in-chelsea","fa671da9d90dcc114d6b9397363ebf94be8fb2121e5d077d68ddee3373f91889","a78202d9faf10ec364097c09322090db"
"Hi, I’m Your Best Friend Who Can Rationalize Anything!","The New Yorker","When we prioritize ourselves it empowers those around us. I read that on Instagram.","2021-11-12 11:00:00","Culture","https://www.newyorker.com/humor/daily-shouts/hi-im-your-best-friend-who-can-rationalize-anything","fa671da9d90dcc114d6b9397363ebf94be8fb2121e5d077d68ddee3373f91889","113371126ab1a32eeb8691eaefe6a3ea"
"Richard Rusczyk’s Worldwide Math Camp","The New Yorker","Online, a math Olympian has found a way to nurture prodigies from around the world.","2021-11-12 11:00:00","Culture","https://www.newyorker.com/culture/persons-of-interest/richard-rusczyks-worldwide-math-camp","fa671da9d90dcc114d6b9397363ebf94be8fb2121e5d077d68ddee3373f91889","39b6d4551b91aca3d088ba1a5798b7f1"
"Daily Cartoon: Friday, November 12th","The New Yorker","Fall foliage, as seen by man’s best friend.","2021-11-12 15:04:15","Culture","https://www.newyorker.com/cartoons/daily-cartoon/friday-november-12th-autumn-dog","fa671da9d90dcc114d6b9397363ebf94be8fb2121e5d077d68ddee3373f91889","5351d925580746b1fdbecae48bfd4f3e"
"Future Lana Del Rey Albums","The New Yorker","“The Born-Again-Virgin Suicides,” “Proud Boys on the Potomac,” “The Real Queen of Detroit,” and other astonishments for your ears.","2021-11-12 19:00:00","Culture","https://www.newyorker.com/humor/daily-shouts/future-lana-del-rey-albums","fa671da9d90dcc114d6b9397363ebf94be8fb2121e5d077d68ddee3373f91889","da819c2096f5663ac7489ff0715a2456"
"The Essential Workers of the Climate Crisis","The New Yorker","If the roof is ripped from your house or the basement is drowned in mud, these are the people you’re looking for. Who’s looking out for them? Plus, Anna Deavere Smith in her own words.","2021-11-12 21:53:59","Culture","https://www.newyorker.com/podcast/the-new-yorker-radio-hour/the-essential-workers-of-the-climate-crisis","fa671da9d90dcc114d6b9397363ebf94be8fb2121e5d077d68ddee3373f91889","a7e9102a706206dfa3b827f399d3dc46"
"Ted Cruz Gets to Sesame Street","The New Yorker","The senator from Texas draws the ire of Big Bird and company.","2021-11-12 21:34:29","Culture","https://www.newyorker.com/cartoons/blitts-kvetchbook/ted-cruz-gets-to-sesame-street","fa671da9d90dcc114d6b9397363ebf94be8fb2121e5d077d68ddee3373f91889","f6a05e48d7349fe670d172dcdda43206"
"The Diasporic Mélange of “Nollywood Dreams”","The New Yorker","Jocelyn Bioh’s comedy is set in Lagos in the nineties, during the upsurge of off-kilter, melodramatic cinematic invention that, in the decades since, has helped make Nigeria an engine of global entertainment.","2021-11-12 22:29:27","Culture","https://www.newyorker.com/culture/culture-desk/the-diasporic-melange-of-nollywood-dreams","fa671da9d90dcc114d6b9397363ebf94be8fb2121e5d077d68ddee3373f91889","b19314a9d00603ba796ca8ec21be3b46"
"Europe’s Migration Crisis, Born in Belarus","The New Yorker","“Europe’s last dictator” won’t hold on to power forever. But he has invented a new weapon.","2021-11-14 17:13:51","Culture","https://www.newyorker.com/news/daily-comment/europes-migration-crisis-born-in-belarus","fa671da9d90dcc114d6b9397363ebf94be8fb2121e5d077d68ddee3373f91889","e51823f91e6a330796d1aae2f8412b7c"
"Sunday Reading: The High Stakes of Infrastructure","The New Yorker","From the magazine’s archive: a selection of pieces about how issues of infrastructure have altered the fate of American cities, towns, and lives.","2021-11-14 11:00:00","Culture","https://www.newyorker.com/books/double-take/sunday-reading-the-high-stakes-of-infrastructure","fa671da9d90dcc114d6b9397363ebf94be8fb2121e5d077d68ddee3373f91889","4631acf9acda2ff7bf7da25bc7c8940e"
"The Cryptic Crossword: Sunday, November 14, 2021","The New Yorker","Facial hair has to hurt (8).","2021-11-14 11:00:00","Culture","https://www.newyorker.com/puzzles-and-games-dept/cryptic-crossword/2021/11/14","fa671da9d90dcc114d6b9397363ebf94be8fb2121e5d077d68ddee3373f91889","810a737f08948b68325804eb19314ad6"
"The Vaccine-Mandate Battle","The New Yorker","Vaccines work, and so do mandates—but Aaron Rodgers and Republican politicians are among those who are muddying the message.","2021-11-14 11:00:00","Culture","https://www.newyorker.com/magazine/2021/11/22/the-vaccine-mandate-battle","fa671da9d90dcc114d6b9397363ebf94be8fb2121e5d077d68ddee3373f91889","295f96c7df6e57caa74553dd421a4eff"
"Wait, but Have You Tried—","The New Yorker","A rib belt? Kinesio tape? Cupping? Do you wear a brace for it?","2021-11-14 11:00:00","Culture","https://www.newyorker.com/humor/daily-shouts/wait-but-have-you-tried","fa671da9d90dcc114d6b9397363ebf94be8fb2121e5d077d68ddee3373f91889","35bed99b6d39b78167688ab1808a4803"
"Lin-Manuel Miranda Goes in Search of Lost Time","The New Yorker","The “Hamilton” creator’s directorial début, “Tick, Tick . . . Boom!,” channels the bohemian life and spirit of the theatre composer Jonathan Larson.","2021-11-14 11:00:00","Culture","https://www.newyorker.com/culture/the-new-yorker-interview/lin-manuel-miranda-goes-in-search-of-lost-time","fa671da9d90dcc114d6b9397363ebf94be8fb2121e5d077d68ddee3373f91889","72374a67a7f78b8ff4ceed52fb01758b"
"How Britney Spears Got Free, and What Comes Next","The New Yorker","Spears fought for years to end the conservatorship she was under, and finally won. But the legal battles aren’t over.","2021-11-13 18:01:48","Culture","https://www.newyorker.com/news/news-desk/how-britney-spears-got-free-and-what-comes-next","fa671da9d90dcc114d6b9397363ebf94be8fb2121e5d077d68ddee3373f91889","6434843e7b46e9c811cbfdb717bffffb"
"Discovering the Oldest Figural Paintings on Earth","The New Yorker","While working as an independent archeologist, an Indonesian grad student revised the human story.","2021-11-13 15:47:13","Culture","https://www.newyorker.com/science/elements/discovering-the-oldest-figural-paintings-on-earth","fa671da9d90dcc114d6b9397363ebf94be8fb2121e5d077d68ddee3373f91889","92545090e7f9eb8cbb86739949f8516c"
"Nightmare of the Windowless Dorm Room","The New Yorker","Charlie Munger, a Warren Buffett crony, donated two hundred million dollars to a university for a gigantic new dorm. The catch: no windows. How did guinea pigs in a similar Munger housing experiment fare?","2021-11-13 15:00:00","Culture","https://www.newyorker.com/magazine/2021/11/22/nightmare-of-the-windowless-dorm-room","fa671da9d90dcc114d6b9397363ebf94be8fb2121e5d077d68ddee3373f91889","8fc3be7e46c3657f657a4647a2a8560e"
"Credit-Card Perks for Castaways","The New Yorker","Start earning the minute you wash ashore.","2021-11-13 11:00:00","Culture","https://www.newyorker.com/humor/daily-shouts/credit-card-perks-for-castaways","fa671da9d90dcc114d6b9397363ebf94be8fb2121e5d077d68ddee3373f91889","72a2cc041a07c88d27cc4883ddb3e778"
"Bruce McCall’s “Season’s Special”","The New Yorker","The artist discusses his favorite city-dwelling rodents and how he learned to appreciate animals from his daughter.","2021-11-15 11:00:00","Culture","https://www.newyorker.com/culture/cover-story/cover-story-2021-11-22","fa671da9d90dcc114d6b9397363ebf94be8fb2121e5d077d68ddee3373f91889","6443333978e52c12348308417d8a2072"
"The Complex Task Facing the Kyle Rittenhouse Jury","The New Yorker","​​The panel may consider lesser charges when determining whether the teen-ager committed crimes or acted in self-defense.","2021-11-15 11:00:00","Culture","https://www.newyorker.com/news/news-desk/the-complex-task-facing-the-kyle-rittenhouse-jury","fa671da9d90dcc114d6b9397363ebf94be8fb2121e5d077d68ddee3373f91889","3fb28fcbda34338605a1e4577a9a5dd4"
"Davóne Tines Is Changing What It Means to Be a Classical Singer","The New Yorker","The bass-baritone’s daring recitals feel almost like compositions in themselves.","2021-11-15 11:00:00","Culture","https://www.newyorker.com/magazine/2021/11/22/davone-tines-is-changing-what-it-means-to-be-a-classical-singer","fa671da9d90dcc114d6b9397363ebf94be8fb2121e5d077d68ddee3373f91889","2a4d5179788d52aa32b06220fa48bdff"
"“Detective Dog,” by Gish Jen","The New Yorker","Fiction by Gish Jen: “When the Hong Kong police stormed the universities, she and her family just sat here in New York on their lilac leather couch and watched on their computers.”","2021-11-15 11:00:00","Culture","https://www.newyorker.com/magazine/2021/11/22/detective-dog","fa671da9d90dcc114d6b9397363ebf94be8fb2121e5d077d68ddee3373f91889","5a8c68dec8e2c60c79cdae38b6d7bb3e"
"Petey’s Earnest Songs and Absurd TikToks","The New Yorker","He has become famous online for silly and sweet comedy videos. Now fans are discovering his music.","2021-11-15 11:00:00","Culture","https://www.newyorker.com/magazine/2021/11/22/peteys-earnest-songs-and-absurd-tiktoks","fa671da9d90dcc114d6b9397363ebf94be8fb2121e5d077d68ddee3373f91889","675adc0c8cbd3eab10ee97f522b5b407"
"How Your Family Tree Could Catch a Killer","The New Yorker","Genetic genealogists like CeCe Moore are cracking cold cases and transforming policing. As DNA analysis redefines ancestry and anonymity, what knowledge should we be permitted to unlock?","2021-11-15 11:00:00","Culture","https://www.newyorker.com/magazine/2021/11/22/how-your-family-tree-could-catch-a-killer","fa671da9d90dcc114d6b9397363ebf94be8fb2121e5d077d68ddee3373f91889","db1374691556fd3891c0286af942c1ef"
"How the Week Organizes and Tyrannizes Our Lives","The New Yorker","From work schedules to TV seasons to baseball games, the seven-day cycle has long ordered American society. Will we ever get rid of it?","2021-11-15 11:00:00","Culture","https://www.newyorker.com/magazine/2021/11/22/how-the-week-organizes-and-tyrannizes-our-lives-david-m-henken-book","fa671da9d90dcc114d6b9397363ebf94be8fb2121e5d077d68ddee3373f91889","67fef31ba2399e1a7f1e3151fd830aac"
"Slide Show: New Yorker Cartoons November 22, 2021","The New Yorker","Cartoons from the magazine.","2021-11-15 11:00:00","Culture","https://www.newyorker.com/cartoons/issue-cartoons/cartoons-from-the-november-22-2021-issue","fa671da9d90dcc114d6b9397363ebf94be8fb2121e5d077d68ddee3373f91889","1a112ce58f78ac6a108aeeb95eebfc9b"
"Welcome to the Police Station, How May We Help You?","The New Yorker","A new batch of recruits spends a day training to be N.Y.P.D. community guides—like Walmart greeters for police precincts—as part of the department’s new customer-service push.","2021-11-15 11:00:00","Culture","https://www.newyorker.com/magazine/2021/11/22/welcome-to-the-police-station-how-may-we-help-you","fa671da9d90dcc114d6b9397363ebf94be8fb2121e5d077d68ddee3373f91889","1113e675bd9df179bccaff25dc4ae098"
"“Kaepernick,” by Sasha Debevec-McKenney","The New Yorker","Poetry by Sasha Debevec-McKenney: “The football players / are kneeling because, I say, anyone could kill / your Black son.”","2021-11-15 11:00:00","Culture","https://www.newyorker.com/magazine/2021/11/22/kaepernick","fa671da9d90dcc114d6b9397363ebf94be8fb2121e5d077d68ddee3373f91889","661f84acc90392a8c6adb1e829d7a77a"
"Gish Jen on Storytelling Across Cultures","The New Yorker","The author discusses “Detective Dog,” her story from the latest issue of the magazine.","2021-11-15 11:00:00","Culture","https://www.newyorker.com/books/this-week-in-fiction/gish-jen-11-22-21","fa671da9d90dcc114d6b9397363ebf94be8fb2121e5d077d68ddee3373f91889","e6187d02639fb0400c79666a1210a30f"
"“Former Lives,” by Carl Dennis","The New Yorker","Poetry by Carl Dennis: “It can lead to the practice of tolerance, the notion / That the soul returns to earth more than once.”","2021-11-15 11:00:00","Culture","https://www.newyorker.com/magazine/2021/11/22/former-lives","fa671da9d90dcc114d6b9397363ebf94be8fb2121e5d077d68ddee3373f91889","824a2e7a768e0f6f8a517f5fa3e9564f"
"Can Russia’s Press Ever Be Free?","The New Yorker","The journalists of Novaya Gazeta report on dangerous conflicts—and endure threats of their own.","2021-11-15 11:00:00","Culture","https://www.newyorker.com/magazine/2021/11/22/can-russias-press-ever-be-free","fa671da9d90dcc114d6b9397363ebf94be8fb2121e5d077d68ddee3373f91889","a4714a0d351b00a07b76eb4d2afe519f"
"How Kristen Stewart Became Her Generation’s Most Interesting Movie Star","The New Yorker","The actor’s naturalistic style is captivating to some and inscrutable to others. As Princess Diana in “Spencer,” she takes on the biggest role of her career.","2021-11-15 11:00:00","Culture","https://www.newyorker.com/magazine/2021/11/22/how-kristen-stewart-became-her-generations-most-interesting-movie-star","fa671da9d90dcc114d6b9397363ebf94be8fb2121e5d077d68ddee3373f91889","249790c5e78f06879084370c96302ebe"
"A Voice for the Yorkies and Doodles When Mom and Dad Split Up","The New Yorker","Matthew Cooper, a New York matrimonial-court judge, reviews his landmark canine cases (including one decision citing Lassie) after the passage of a New York law allowing the court to consider the welfare of pets in divorce proceedings.","2021-11-15 11:00:00","Culture","https://www.newyorker.com/magazine/2021/11/22/a-voice-for-the-yorkies-and-doodles-when-mom-and-dad-split-up","fa671da9d90dcc114d6b9397363ebf94be8fb2121e5d077d68ddee3373f91889","59fc46b9280e45b017db74af46f4f56f"
"Welcome to Mars! Frequently Asked Questions","The New Yorker","Shouts & Murmurs by Nicky Guerreiro and Ethan Simon: Of course there’s air! Just don’t breathe it. And, with the crazy gravity situation, everyone can dunk!","2021-11-15 11:00:00","Culture","https://www.newyorker.com/magazine/2021/11/22/welcome-to-mars-frequently-asked-questions","fa671da9d90dcc114d6b9397363ebf94be8fb2121e5d077d68ddee3373f91889","841a5ad1139f6306499ccfd2bae50c51"
"The Hard Choices of Elizabeth Hardwick","The New Yorker","Behind the renowned prose, there was a writer constantly weighing the costs of freedom and submission.","2021-11-15 11:00:00","Culture","https://www.newyorker.com/magazine/2021/11/22/the-hard-choices-of-elizabeth-hardwick-cathy-curtis-biography-a-splendid-intelligence","fa671da9d90dcc114d6b9397363ebf94be8fb2121e5d077d68ddee3373f91889","eae080a2d66ac9cfd97339f830436a7c"
"Maggie Gyllenhaal and Girlfriends Channel Elena Ferrante","The New Yorker","The stars of “The Lost Daughter”—Olivia Colman, Dakota Johnson, and Jessie Buckley—gab about spinach pie, wine, and  “press-clothes bullshit.”","2021-11-15 11:00:00","Culture","https://www.newyorker.com/magazine/2021/11/22/maggie-gyllenhaal-and-girlfriends-channel-elena-ferrante","fa671da9d90dcc114d6b9397363ebf94be8fb2121e5d077d68ddee3373f91889","e528ca752f54d181552e955953835eb5"
"Why New Jersey Voters Picked a Truck Driver Over the State Senate President","The New Yorker","An unknown Republican named Ed Durr unseated the second most powerful lawmaker in the Garden State, shocking even himself.","2021-11-15 13:49:24","Culture","https://www.newyorker.com/news/news-desk/why-new-jersey-voters-picked-a-truck-driver-over-the-state-senate-president","fa671da9d90dcc114d6b9397363ebf94be8fb2121e5d077d68ddee3373f91889","47d4eb57bc69f509cfdb45a475c67db1"
"Daily Cartoon: Monday, November 15th","The New Yorker","“I wish they had untamed-rage detectors.”","2021-11-15 15:42:18","Culture","https://www.newyorker.com/cartoons/daily-cartoon/monday-november-15th-airport-detector","fa671da9d90dcc114d6b9397363ebf94be8fb2121e5d077d68ddee3373f91889","1b4ff75526b364af97268319d0e51a0a"
"Inflation and the Great Global Logjam","The New Yorker","Prices are surging for reasons largely beyond Joe Biden’s control, but that won’t stop Republican cries of “Bidenflation.”","2021-11-15 15:10:15","Culture","https://www.newyorker.com/news/our-columnists/inflation-and-the-great-global-logjam","fa671da9d90dcc114d6b9397363ebf94be8fb2121e5d077d68ddee3373f91889","cfdbd4d9b0a70a81230f2d5b606e2a45"
"How Republicans Are Distorting Inflation and Supply-Chain Problems","The New Yorker","Prices are surging for reasons largely beyond Joe Biden’s control, but that won’t stop G.O.P. cries of “Bidenflation.”","2021-11-15 15:10:15","Culture","https://www.newyorker.com/news/our-columnists/inflation-and-the-great-global-logjam","fa671da9d90dcc114d6b9397363ebf94be8fb2121e5d077d68ddee3373f91889","46bcaa6777826480868a03db5b12dc26"
"Some Falling Thoughts","The New Yorker","“At least I’m not the first to go.”","2021-11-15 19:43:00","Culture","https://www.newyorker.com/humor/daily-shouts/some-falling-thoughts","fa671da9d90dcc114d6b9397363ebf94be8fb2121e5d077d68ddee3373f91889","6adfcbfe00fc0040941d1073da283508"
"How Marcella Hazan Became a Legend of Italian Cooking","The New Yorker","The cookbook author showed America a world beyond spaghetti and meatballs, even if she never intended to.","2021-11-15 17:53:55","Culture","https://www.newyorker.com/culture/kitchen-notes/how-marcella-hazan-became-a-legend-of-italian-cooking","fa671da9d90dcc114d6b9397363ebf94be8fb2121e5d077d68ddee3373f91889","83da73187a026e0803747c938b98e7a9"
"J. Smith-Cameron Knows What You’re Thinking About Gerri","The New Yorker","The “Succession” star discusses her chemistry with Kieran Culkin, her life in the theatre, and why bantering with the Roy family really is a bit like doing Shakespeare.","2021-11-15 17:45:04","Culture","https://www.newyorker.com/culture/the-new-yorker-interview/j-smith-cameron-knows-what-youre-thinking-about-gerri","fa671da9d90dcc114d6b9397363ebf94be8fb2121e5d077d68ddee3373f91889","056a3bb0c9bff5c4d0fc81558fac028e"
"Bannon Arrested for Contempt of Soap","The New Yorker","“You can lock me up but you can’t hose me down,” the former Trump adviser thundered.","2021-11-15 20:23:54","Culture","https://www.newyorker.com/humor/borowitz-report/bannon-arrested-for-contempt-of-soap","fa671da9d90dcc114d6b9397363ebf94be8fb2121e5d077d68ddee3373f91889","b2df750ff5b28a24368353156077899d"
"“Tick, Tick . . . Boom!,” Reviewed: The Hole at the Center of Lin-Manuel Miranda’s Movie-Musical Adaptation","The New Yorker","There’s a venerable tradition of nonmusical stars playing major roles in musicals. But this one suffers for having a movie star at its center.","2021-11-16 00:41:06","Culture","https://www.newyorker.com/culture/the-front-row/tick-tick-boom-reviewed-the-hole-at-the-center-of-lin-manuel-mirandas-movie-musical-adaptation","fa671da9d90dcc114d6b9397363ebf94be8fb2121e5d077d68ddee3373f91889","c3c9be6da58543bab4c15f103398adfa"
"When a Child Comes to Understand Death","The New Yorker","Even after tragedy befell our community, my mother and I had to keep up appearances.","2021-11-16 11:00:00","Culture","https://www.newyorker.com/culture/personal-history/when-a-child-comes-to-understand-death","fa671da9d90dcc114d6b9397363ebf94be8fb2121e5d077d68ddee3373f91889","087bcd71f1a90f829828f71f7efbe460"
"Re: Your Chocolate Order Has Shipped!","The New Yorker","The overnight-shipping cost was high. The cost of the product was high.	Yet I will not be able to use these items to make the cake. I am so disappointed.","2021-11-16 11:00:00","Culture","https://www.newyorker.com/humor/daily-shouts/re-your-chocolate-order-has-shipped","fa671da9d90dcc114d6b9397363ebf94be8fb2121e5d077d68ddee3373f91889","64a13e18c37283b40afd7892111d4b9b"
"Piss and Power in “Succession”","The New Yorker","In the latest episode of the HBO series, Logan Roy’s urinary-tract infection is not just a plot point but a motif that can help us understand the show more broadly.","2021-11-16 11:00:00","Culture","https://www.newyorker.com/culture/culture-desk/piss-and-power-in-succession","fa671da9d90dcc114d6b9397363ebf94be8fb2121e5d077d68ddee3373f91889","b5c7d717f434010b78cc5595839c81f5"
"Daily Cartoon: Tuesday, November 16th","The New Yorker","“Quick, go ask Joe Manchin if it’s O.K. to run!”","2021-11-16 15:01:28","Culture","https://www.newyorker.com/cartoons/daily-cartoon/tuesday-november-16th-manchin-monster","fa671da9d90dcc114d6b9397363ebf94be8fb2121e5d077d68ddee3373f91889","bf2effa3cff7e362ff204911d9a7986f"
"What Happened to Gun Culture","The New Yorker","During the past three decades, it became one of the most dangerous elements of the right. How much of that can be blamed on the N.R.A.?","2021-11-16 15:00:00","Culture","https://www.newyorker.com/culture/annals-of-inquiry/what-happened-to-gun-culture","fa671da9d90dcc114d6b9397363ebf94be8fb2121e5d077d68ddee3373f91889","d0f204d9878f7b2b83e13e879ed61cd5"
"How Big a Threat Is Steve Bannon?","The New Yorker","The case of Donald Trump’s former adviser marks a strange and perilous period in American democracy.","2021-11-17 00:25:55","Culture","https://www.newyorker.com/news/daily-comment/how-big-a-threat-is-steve-bannon","fa671da9d90dcc114d6b9397363ebf94be8fb2121e5d077d68ddee3373f91889","09e420e3fbb97f285bb7fcdda319785f"
"Can Biden’s Agenda Survive Inflation?","The New Yorker","The economist Jason Furman explains why prices are rising and what is at stake for the Administration.","2021-11-16 17:44:38","Culture","https://www.newyorker.com/news/q-and-a/can-bidens-agenda-survive-inflation","fa671da9d90dcc114d6b9397363ebf94be8fb2121e5d077d68ddee3373f91889","2c3bec83a68de4d64c185c355decfd50"
"The War Inside H. G. Wells","The New Yorker","In his nonfiction, he laid out a vision of endless human progress. In his fiction, he foretold a darker truth.","2021-11-15 11:00:00","Culture","https://www.newyorker.com/magazine/2021/11/22/the-war-inside-h-g-wells-claire-tomalin-the-young-h-g-wells-changing-the-world","fa671da9d90dcc114d6b9397363ebf94be8fb2121e5d077d68ddee3373f91889","82766d5b2d54368838e28167a0f8c47d"
"Gish Jen Reads “Detective Dog”","The New Yorker","The author reads her story from the November 22, 2021, issue of the magazine.","2021-11-15 11:00:00","Culture","https://www.newyorker.com/podcast/the-authors-voice/gish-jen-reads-detective-dog","fa671da9d90dcc114d6b9397363ebf94be8fb2121e5d077d68ddee3373f91889","2f0aa9d0b89c36449af54f8eb4c75c32"
"“The Power of the Dog” Is Jane Campion’s Anti-Western","The New Yorker","Despite the grandeur of its Montana setting, this dark family drama, starring Benedict Cumberbatch, Kirsten Dunst, and Jesse Plemons, is claustrophobic—a chamber piece with chaps.","2021-11-17 11:00:00","Culture","https://www.newyorker.com/magazine/2021/11/29/the-power-of-the-dog-is-jane-campions-anti-western","fa671da9d90dcc114d6b9397363ebf94be8fb2121e5d077d68ddee3373f91889","3ab89071df356c5dc09dca5bcb4e6935"
"She’s an Old Soul","The New Yorker","Her soul got kicked out of Fleetwood Mac and was asked to rejoin Fleetwood Mac and was kicked out again.","2021-11-17 11:00:00","Culture","https://www.newyorker.com/humor/daily-shouts/shes-an-old-soul","fa671da9d90dcc114d6b9397363ebf94be8fb2121e5d077d68ddee3373f91889","b8d0626138ba159e51d3ae6bbd87a1e7"
"When Mom Takes Over Your Life—and Your Novel","The New Yorker","Violaine Huisman’s enthralling family history, “The Book of Mother,” enacts a power struggle between a manic-depressive mom and her narrator daughter.","2021-11-17 11:00:00","Culture","https://www.newyorker.com/books/page-turner/when-mom-takes-over-your-life-and-your-novel","fa671da9d90dcc114d6b9397363ebf94be8fb2121e5d077d68ddee3373f91889","674323c712d3b896aced978907a3c2c3"
"Taylor Swift’s Quest for Justice","The New Yorker","With “Red (Taylor’s Version),” Swift seeks to reclaim control in her business affairs and in matters of the heart.","2021-11-17 11:00:00","Culture","https://www.newyorker.com/magazine/2021/11/29/taylor-swifts-quest-for-justice","fa671da9d90dcc114d6b9397363ebf94be8fb2121e5d077d68ddee3373f91889","a28ff92339b8c91a937eeb5bc962dd6a"
"Celebrate George Booth and His Singular Cartoons at The New Yorker Live","The New Yorker","Thursday’s film première and discussion dig into Booth’s many decades of boisterous comic creations.","2021-11-17 11:00:00","Culture","https://www.newyorker.com/culture/culture-desk/celebrate-george-booth-and-his-singular-cartoons-at-the-new-yorker-live","fa671da9d90dcc114d6b9397363ebf94be8fb2121e5d077d68ddee3373f91889","373db92682c31ed5ac1474aed3006b18"
"Daily Cartoon: Wednesday, November 17th","The New Yorker","“I hate how the screens get bright so early this time of year.”","2021-11-17 15:08:01","Culture","https://www.newyorker.com/cartoons/daily-cartoon/wednesday-november-17th-daylight-saving-screens","fa671da9d90dcc114d6b9397363ebf94be8fb2121e5d077d68ddee3373f91889","2b7004fee58172ebe2ffcd71f61b1a53"
"Los migrantes que van tras los pasos de los desastres climáticos","The New Yorker","Un grupo cada vez mayor de operarios persigue huracanes e incendios forestales del mismo modo que los trabajadores agrícolas siguen tras las cosechas, tercerizados por grandes empresas de recuperación de desastres y enfrentándose a la explotación, las lesiones y la muerte.","2021-11-17 15:00:00","Culture","https://www.newyorker.com/magazine/2021/11/08/los-migrantes-que-van-tras-los-pasos-de-los-desastres-climaticos-spanish-translation","fa671da9d90dcc114d6b9397363ebf94be8fb2121e5d077d68ddee3373f91889","4d32d15140293d4aaef5e4b849fd2e0a"
"Sophie Calle and the Art of Leaving a Trace","The New Yorker","The French artist has attained celebrity—and attracted controversy—by pursuing the objects of her obsession. What is she really after?","2021-11-17 18:48:41","Culture","https://www.newyorker.com/books/under-review/sophie-calle-and-the-art-of-leaving-a-trace","fa671da9d90dcc114d6b9397363ebf94be8fb2121e5d077d68ddee3373f91889","db6f2cb9e9cef64ee8941e0db8396c08"
"Ted Cruz Attacks Bob the Builder for Spreading Pro-Infrastructure Propaganda","The New Yorker","The senator said that Bob, who originates from the United Kingdom, should “stop throwing his precious wrench into the American economy.”","2021-11-17 18:11:54","Culture","https://www.newyorker.com/humor/borowitz-report/ted-cruz-attacks-bob-the-builder-for-spreading-pro-infrastructure-propaganda","fa671da9d90dcc114d6b9397363ebf94be8fb2121e5d077d68ddee3373f91889","a3693b16e3975b71afd818e2f52997d7"
"How Former Prisoners View the Parole System","The New Yorker","“The Interview,” by Jon Miller and Zach Russo, shines a light on the intricacies of parole in New York State from the perspective of those who were eventually granted it.","2021-11-17 19:42:11","Culture","https://www.newyorker.com/culture/the-new-yorker-documentary/how-former-prisoners-view-the-parole-system","fa671da9d90dcc114d6b9397363ebf94be8fb2121e5d077d68ddee3373f91889","3276cca515f9fc7deb82891279ffe380"
"Bruno Mars and Anderson .Paak’s Soul Simulacrum","The New Yorker","The pleasure of “An Evening with Silk Sonic” comes from watching two charismatic leads with undeniable chemistry and a shared appreciation for vintage hi-fi stylings.","2021-11-17 19:16:57","Culture","https://www.newyorker.com/culture/listening-booth/bruno-mars-and-anderson-paaks-soul-simulacrum","fa671da9d90dcc114d6b9397363ebf94be8fb2121e5d077d68ddee3373f91889","00889837f9470628c98564d9a87ca379"
"Concerning Wedding Registries","The New Yorker","A knife sharpener, a set of knives, a year’s supply of garbage bags, and a large tarp, please.","2021-11-17 19:00:00","Culture","https://www.newyorker.com/humor/daily-shouts/concerning-wedding-registries","fa671da9d90dcc114d6b9397363ebf94be8fb2121e5d077d68ddee3373f91889","944918f66477122a983833e59e6ee841"
"“C’mon C’mon,” Reviewed: A Child Star Is Born","The New Yorker","Mike Mills’s passionate, documentary-driven drama, about the bond of an uncle and his nephew, spotlights the onscreen chemistry of Joaquin Phoenix and the astounding young actor Woody Norman.","2021-11-18 00:01:53","Culture","https://www.newyorker.com/culture/the-front-row/cmon-cmon-reviewed-a-child-star-is-born","fa671da9d90dcc114d6b9397363ebf94be8fb2121e5d077d68ddee3373f91889","498205952e2d6bae8afeb14b6ba7bf47"
"“Procession,” Reviewed: An Astonishing Collaboration with Victims of Sexual Abuse","The New Yorker","In his new film, Robert Greene works with six men who were abused by priests as children to re-create their experiences, even at the very sites where the traumas occurred.","2021-11-19 00:47:54","Culture","https://www.newyorker.com/culture/the-front-row/procession-reviewed-an-astonishing-collaboration-with-victims-of-sexual-abuse","fa671da9d90dcc114d6b9397363ebf94be8fb2121e5d077d68ddee3373f91889","6eaad3492a1c729afb91fa80a829ef32"
"Tucker Carlson Updates the TV Dinner","The New Yorker","Introducing the Swanson heir’s hot innovations on a classic.","2021-11-18 23:44:47","Culture","https://www.newyorker.com/cartoons/blitts-kvetchbook/tucker-carlson-updates-the-tv-dinner","fa671da9d90dcc114d6b9397363ebf94be8fb2121e5d077d68ddee3373f91889","9b8c784d5f3d95f024c4628d1b9b73c2"
"Britney Spears, Free from the Conservatorship, but Not from the Public Eye","The New Yorker","The #FreeBritney movement helped the pop star regain her autonomy. What comes next?","2021-11-18 22:00:00","Culture","https://www.newyorker.com/podcast/political-scene/britney-spears-free-from-the-conservatorship-but-not-from-the-public-eye","fa671da9d90dcc114d6b9397363ebf94be8fb2121e5d077d68ddee3373f91889","6bbfe36c0009d7885c93fcc72294e9da"
"Kenneth Branagh’s Airbrushed “Belfast”","The New Yorker","The greatest threat to this film comes not from the stink of sectarian conflict but from the aroma of sweetness.","2021-11-18 19:09:48","Culture","https://www.newyorker.com/culture/culture-desk/kenneth-branaghs-airbrushed-belfast","fa671da9d90dcc114d6b9397363ebf94be8fb2121e5d077d68ddee3373f91889","7fd884ad791eb6b130efdc8df71d33f3"
"Daily Cartoon: Thursday, November 18th","The New Yorker","“Uh . . . swish, I guess?”","2021-11-18 16:41:50","Culture","https://www.newyorker.com/cartoons/daily-cartoon/thursday-november-18th-vr-sports-staples","fa671da9d90dcc114d6b9397363ebf94be8fb2121e5d077d68ddee3373f91889","02fd55059a06d6ea2fed80ed489d50fa"
"An Architectural Survey in Search of America","The New Yorker","A new book compiled by Jeffrey Ladd uses material from the Historic American Buildings Survey to capture something of the national character.","2021-11-18 15:01:19","Culture","https://www.newyorker.com/culture/photo-booth/an-architectural-survey-in-search-of-america","fa671da9d90dcc114d6b9397363ebf94be8fb2121e5d077d68ddee3373f91889","f7b515406a07945fdfc85aae40b3fb83"
"The ABCs of Finding an N.Y.C. Apartment","The New Yorker","An alphabet song to accompany the hunt for the perfect New York residence.","2021-11-18 11:00:00","Culture","https://www.newyorker.com/humor/daily-shouts/the-abcs-of-finding-an-nyc-apartment","fa671da9d90dcc114d6b9397363ebf94be8fb2121e5d077d68ddee3373f91889","f7bf3c50c008b0c0cb5d50fe656371f7"
"A Counterterrorism Informant’s Drama of Trust and Betrayal","The New Yorker","In “No Longer Suitable for Use,” Julian Joslin spotlights the vulnerabilities of undocumented people drawn into work as sources for the F.B.I.","2021-11-18 11:00:00","Culture","https://www.newyorker.com/culture/screening-room/a-counterterrorism-informants-drama-of-trust-and-betrayal","fa671da9d90dcc114d6b9397363ebf94be8fb2121e5d077d68ddee3373f91889","16f64ed9b39b8d03628b12c4580f81b6"
"“The Power of the Dog” is Jane Campion’s Anti-Western","The New Yorker","Despite the grandeur of its Montana setting, this dark family drama, starring Benedict Cumberbatch, Kirsten Dunst, and Jesse Plemons, is claustrophobic—a chamber piece with chaps.","2021-11-17 11:00:00","Culture","https://www.newyorker.com/magazine/2021/11/29/the-power-of-the-dog-is-jane-campions-anti-western","fa671da9d90dcc114d6b9397363ebf94be8fb2121e5d077d68ddee3373f91889","ef9fd57eb5313437bd1f86c2e8666c39"
