"How Two People With HIV Suppressed Virus After Stopping Treatment","MedicineNet","Title: How Two People With HIV Suppressed Virus After Stopping TreatmentCategory: Health NewsCreated: 10/29/2021 12:00:00 AMLast Editorial Review: 10/29/2021 12:00:00 AM","2021-10-30 07:00:00","Health","https://www.medicinenet.com/script/main/art.asp?articlekey=266448","fc319e327c8de12c86c6fe2353a21597bfc8414a3a1c6e80f22960281c3e2cb7","33278127c67496222a92b3162e079b3f"
"Fitter in 1820: Today's Americans Spend Much Less Time Being Active","MedicineNet","Title: Fitter in 1820: Today's Americans Spend Much Less Time Being ActiveCategory: Health NewsCreated: 10/29/2021 12:00:00 AMLast Editorial Review: 10/29/2021 12:00:00 AM","2021-10-30 07:00:00","Health","https://www.medicinenet.com/script/main/art.asp?articlekey=266447","fc319e327c8de12c86c6fe2353a21597bfc8414a3a1c6e80f22960281c3e2cb7","e4d3374c4c09c82ca3918b0e8a469d3a"
"Language Can Make the Difference Between Home, Hospital Care: Study","MedicineNet","Title: Language Can Make the Difference Between Home, Hospital Care: StudyCategory: Health NewsCreated: 10/29/2021 12:00:00 AMLast Editorial Review: 10/29/2021 12:00:00 AM","2021-10-30 07:00:00","Health","https://www.medicinenet.com/script/main/art.asp?articlekey=266446","fc319e327c8de12c86c6fe2353a21597bfc8414a3a1c6e80f22960281c3e2cb7","e0760d052fb461cc856c671398016898"
"High School Football Won't Raise Lifetime Risk for Suicide: Study","MedicineNet","Title: High School Football Won't Raise Lifetime Risk for Suicide: StudyCategory: Health NewsCreated: 10/29/2021 12:00:00 AMLast Editorial Review: 10/29/2021 12:00:00 AM","2021-10-30 07:00:00","Health","https://www.medicinenet.com/script/main/art.asp?articlekey=266445","fc319e327c8de12c86c6fe2353a21597bfc8414a3a1c6e80f22960281c3e2cb7","59210fd62eadc00b17e91ac36699ad2f"
"Coronavirus May Infect, Harm the Inner Ear","MedicineNet","Title: Coronavirus May Infect, Harm the Inner EarCategory: Health NewsCreated: 10/29/2021 12:00:00 AMLast Editorial Review: 10/29/2021 12:00:00 AM","2021-10-30 07:00:00","Health","https://www.medicinenet.com/script/main/art.asp?articlekey=266444","fc319e327c8de12c86c6fe2353a21597bfc8414a3a1c6e80f22960281c3e2cb7","5504024104cdbe242348b2a0f3de7a25"
"Warning: Halloween Candy or Cannabis Edible?","MedicineNet","Title: Warning: Halloween Candy or Cannabis Edible?Category: Health NewsCreated: 10/29/2021 12:00:00 AMLast Editorial Review: 10/29/2021 12:00:00 AM","2021-10-30 07:00:00","Health","https://www.medicinenet.com/script/main/art.asp?articlekey=266443","fc319e327c8de12c86c6fe2353a21597bfc8414a3a1c6e80f22960281c3e2cb7","92480a88abff66b184e6619c3d8663e0"
"AHA News: New Guidelines Help Doctors Diagnose Chest Pain – But Only if You Act","MedicineNet","Title: AHA News: New Guidelines Help Doctors Diagnose Chest Pain – But Only if You ActCategory: Health NewsCreated: 10/29/2021 12:00:00 AMLast Editorial Review: 10/29/2021 12:00:00 AM","2021-10-30 07:00:00","Health","https://www.medicinenet.com/script/main/art.asp?articlekey=266442","fc319e327c8de12c86c6fe2353a21597bfc8414a3a1c6e80f22960281c3e2cb7","e945f799f43f912299d90d6e8f937403"
"Magnetic Brain Stimulation Helped Rid Him of Decades-Long Depression","MedicineNet","Title: Magnetic Brain Stimulation Helped Rid Him of Decades-Long DepressionCategory: Health NewsCreated: 10/29/2021 12:00:00 AMLast Editorial Review: 10/29/2021 12:00:00 AM","2021-10-30 07:00:00","Health","https://www.medicinenet.com/script/main/art.asp?articlekey=266440","fc319e327c8de12c86c6fe2353a21597bfc8414a3a1c6e80f22960281c3e2cb7","9741205ff4db718f458df98ac198f1ba"
"CDC Lowers Threshold for Lead Poisoning in Youngest Kids","MedicineNet","Title: CDC Lowers Threshold for Lead Poisoning in Youngest KidsCategory: Health NewsCreated: 10/28/2021 12:00:00 AMLast Editorial Review: 10/29/2021 12:00:00 AM","2021-10-30 07:00:00","Health","https://www.medicinenet.com/script/main/art.asp?articlekey=266400","fc319e327c8de12c86c6fe2353a21597bfc8414a3a1c6e80f22960281c3e2cb7","ae3cd9f951b58b122e33e5175c87f55c"
"Use of Ritalin, Other Stimulants Can Raise Heart Risks for Older Adults","MedicineNet","Title: Use of Ritalin, Other Stimulants Can Raise Heart Risks for Older AdultsCategory: Health NewsCreated: 10/28/2021 12:00:00 AMLast Editorial Review: 10/29/2021 12:00:00 AM","2021-10-30 07:00:00","Health","https://www.medicinenet.com/script/main/art.asp?articlekey=266393","fc319e327c8de12c86c6fe2353a21597bfc8414a3a1c6e80f22960281c3e2cb7","bfa95805c27a3a65227546b36f33c76e"
"Could Breastfeeding Help Women Keep Their Smarts as They Age?","MedicineNet","Title: Could Breastfeeding Help Women Keep Their Smarts as They Age?Category: Health NewsCreated: 10/28/2021 12:00:00 AMLast Editorial Review: 10/29/2021 12:00:00 AM","2021-10-30 07:00:00","Health","https://www.medicinenet.com/script/main/art.asp?articlekey=266391","fc319e327c8de12c86c6fe2353a21597bfc8414a3a1c6e80f22960281c3e2cb7","24a5fd3d0e68295647f8ed5d4381e9bc"
"More Americans Are Dying From Parkinson's Disease: Study","MedicineNet","Title: More Americans Are Dying From Parkinson's Disease: StudyCategory: Health NewsCreated: 10/28/2021 12:00:00 AMLast Editorial Review: 10/29/2021 12:00:00 AM","2021-10-30 07:00:00","Health","https://www.medicinenet.com/script/main/art.asp?articlekey=266389","fc319e327c8de12c86c6fe2353a21597bfc8414a3a1c6e80f22960281c3e2cb7","942ff80a099d28c07522d6ab8cad0c53"
"Guard Dogs, Panic Buttons: Nurses Under Threat From Rising Violence","MedicineNet","Title: Guard Dogs, Panic Buttons: Nurses Under Threat From Rising ViolenceCategory: Health NewsCreated: 11/1/2021 12:00:00 AMLast Editorial Review: 11/1/2021 12:00:00 AM","2021-11-02 07:00:00","Health","https://www.medicinenet.com/script/main/art.asp?articlekey=266491","fc319e327c8de12c86c6fe2353a21597bfc8414a3a1c6e80f22960281c3e2cb7","c7316d4b040b6edf5775477d3a17c26c"
"FDA Delays Decision on Moderna COVID Vaccine for Younger Teens","MedicineNet","Title: FDA Delays Decision on Moderna COVID Vaccine for Younger TeensCategory: Health NewsCreated: 11/1/2021 12:00:00 AMLast Editorial Review: 11/1/2021 12:00:00 AM","2021-11-02 07:00:00","Health","https://www.medicinenet.com/script/main/art.asp?articlekey=266490","fc319e327c8de12c86c6fe2353a21597bfc8414a3a1c6e80f22960281c3e2cb7","7d21665ad24707910fb955a2cc73b9b5"
"Few Dental Patients Regret Having a Root Canal: Study","MedicineNet","Title: Few Dental Patients Regret Having a Root Canal: StudyCategory: Health NewsCreated: 11/1/2021 12:00:00 AMLast Editorial Review: 11/1/2021 12:00:00 AM","2021-11-02 07:00:00","Health","https://www.medicinenet.com/script/main/art.asp?articlekey=266489","fc319e327c8de12c86c6fe2353a21597bfc8414a3a1c6e80f22960281c3e2cb7","240bd865aa83c7f0cfffb0fc28705f9e"
"Brazil Study Shows Climate Change's Deadly Impact on Kidneys","MedicineNet","Title: Brazil Study Shows Climate Change's Deadly Impact on KidneysCategory: Health NewsCreated: 11/1/2021 12:00:00 AMLast Editorial Review: 11/1/2021 12:00:00 AM","2021-11-02 07:00:00","Health","https://www.medicinenet.com/script/main/art.asp?articlekey=266488","fc319e327c8de12c86c6fe2353a21597bfc8414a3a1c6e80f22960281c3e2cb7","04477c5b02763ed83bf949501a3f30a5"
"Liar, Liar:  Chronic Fibbers Are Rare, Study Reveals","MedicineNet","Title: Liar, Liar:  Chronic Fibbers Are Rare, Study RevealsCategory: Health NewsCreated: 11/1/2021 12:00:00 AMLast Editorial Review: 11/1/2021 12:00:00 AM","2021-11-02 07:00:00","Health","https://www.medicinenet.com/script/main/art.asp?articlekey=266487","fc319e327c8de12c86c6fe2353a21597bfc8414a3a1c6e80f22960281c3e2cb7","3c739ee4d1ec17ca78da83f90d69cf7f"
"Could a Quick Breathalyzer Test for COVID-19 Be on the Way?","MedicineNet","Title: Could a Quick Breathalyzer Test for COVID-19 Be on the Way?Category: Health NewsCreated: 11/1/2021 12:00:00 AMLast Editorial Review: 11/1/2021 12:00:00 AM","2021-11-02 07:00:00","Health","https://www.medicinenet.com/script/main/art.asp?articlekey=266486","fc319e327c8de12c86c6fe2353a21597bfc8414a3a1c6e80f22960281c3e2cb7","e6b7e70e118682fec8f2f81965656156"
"White House Press Secretary Jen Psaki Has COVID-19","MedicineNet","Title: White House Press Secretary Jen Psaki Has COVID-19Category: Health NewsCreated: 11/1/2021 12:00:00 AMLast Editorial Review: 11/1/2021 12:00:00 AM","2021-11-02 07:00:00","Health","https://www.medicinenet.com/script/main/art.asp?articlekey=266485","fc319e327c8de12c86c6fe2353a21597bfc8414a3a1c6e80f22960281c3e2cb7","44c0c990a61a4356895cd7420d030d9e"
"COVID Death Toll Tops 5 Million Worldwide","MedicineNet","Title: COVID Death Toll Tops 5 Million WorldwideCategory: Health NewsCreated: 11/1/2021 12:00:00 AMLast Editorial Review: 11/1/2021 12:00:00 AM","2021-11-02 07:00:00","Health","https://www.medicinenet.com/script/main/art.asp?articlekey=266484","fc319e327c8de12c86c6fe2353a21597bfc8414a3a1c6e80f22960281c3e2cb7","ea951d957a95a1127dd7a83d49e70c0b"
"Faster, Cheaper Test for Premature Delivery Risk","MedicineNet","Title: Faster, Cheaper Test for Premature Delivery RiskCategory: Health NewsCreated: 11/1/2021 12:00:00 AMLast Editorial Review: 11/1/2021 12:00:00 AM","2021-11-02 07:00:00","Health","https://www.medicinenet.com/script/main/art.asp?articlekey=266483","fc319e327c8de12c86c6fe2353a21597bfc8414a3a1c6e80f22960281c3e2cb7","f68068b2f68955491ef14e5f911c0435"
"Caring for a New Baby's Skin, Hair and Nails","MedicineNet","Title: Caring for a New Baby's Skin, Hair and NailsCategory: Health NewsCreated: 10/31/2021 12:00:00 AMLast Editorial Review: 11/1/2021 12:00:00 AM","2021-11-02 07:00:00","Health","https://www.medicinenet.com/script/main/art.asp?articlekey=266481","fc319e327c8de12c86c6fe2353a21597bfc8414a3a1c6e80f22960281c3e2cb7","7485e0aa48e51d377831938d358740c1"
"FDA Approves Pfizer COVID Vaccine for Kids 5-11","MedicineNet","Title: FDA Approves Pfizer COVID Vaccine for Kids 5-11Category: Health NewsCreated: 10/29/2021 12:00:00 AMLast Editorial Review: 11/1/2021 12:00:00 AM","2021-11-02 07:00:00","Health","https://www.medicinenet.com/script/main/art.asp?articlekey=266476","fc319e327c8de12c86c6fe2353a21597bfc8414a3a1c6e80f22960281c3e2cb7","abaf8c4e72be8b460b1dcc93f8b4fb7f"
"Pretty Poison: 'Luster Dust' Sprinkled on Cakes Can Be Toxic","MedicineNet","Title: Pretty Poison: 'Luster Dust' Sprinkled on Cakes Can Be ToxicCategory: Health NewsCreated: 10/29/2021 12:00:00 AMLast Editorial Review: 11/1/2021 12:00:00 AM","2021-11-02 07:00:00","Health","https://www.medicinenet.com/script/main/art.asp?articlekey=266453","fc319e327c8de12c86c6fe2353a21597bfc8414a3a1c6e80f22960281c3e2cb7","8a0651639429b98b7774988141a9da59"
"AHA News: At 31, a Stroke Immobilized His Right Side. Now He's a Competitive Bodybuilder.","MedicineNet","Title: AHA News: At 31, a Stroke Immobilized His Right Side. Now He's a Competitive Bodybuilder.Category: Health NewsCreated: 10/29/2021 12:00:00 AMLast Editorial Review: 11/1/2021 12:00:00 AM","2021-11-02 07:00:00","Health","https://www.medicinenet.com/script/main/art.asp?articlekey=266450","fc319e327c8de12c86c6fe2353a21597bfc8414a3a1c6e80f22960281c3e2cb7","d0d8ac47494bcf656293018afbb682b6"
"COVID Vaccination Provides Better Protection Than Prior Infection: Study","MedicineNet","Title: COVID Vaccination Provides Better Protection Than Prior Infection: StudyCategory: Health NewsCreated: 10/29/2021 12:00:00 AMLast Editorial Review: 11/1/2021 12:00:00 AM","2021-11-02 07:00:00","Health","https://www.medicinenet.com/script/main/art.asp?articlekey=266464","fc319e327c8de12c86c6fe2353a21597bfc8414a3a1c6e80f22960281c3e2cb7","0f07d04fba73435e8978bcb816ce33b5"
"U.S. COVID Cases Fell 60% Since September, But Vigilance Still Needed: Health Officials","MedicineNet","Title: U.S. COVID Cases Fell 60% Since September, But Vigilance Still Needed: Health OfficialsCategory: Health NewsCreated: 10/29/2021 12:00:00 AMLast Editorial Review: 11/1/2021 12:00:00 AM","2021-11-02 07:00:00","Health","https://www.medicinenet.com/script/main/art.asp?articlekey=266458","fc319e327c8de12c86c6fe2353a21597bfc8414a3a1c6e80f22960281c3e2cb7","1cddec212c164cf4326e69457d958ed2"
"Climate Change Is Already Harming Many Americans' Health: Report","MedicineNet","Title: Climate Change Is Already Harming Many Americans' Health: ReportCategory: Health NewsCreated: 10/29/2021 12:00:00 AMLast Editorial Review: 11/1/2021 12:00:00 AM","2021-11-02 07:00:00","Health","https://www.medicinenet.com/script/main/art.asp?articlekey=266457","fc319e327c8de12c86c6fe2353a21597bfc8414a3a1c6e80f22960281c3e2cb7","444cabac2600e6de3200f1a9a7ae6324"
"Vaccinations for Kids Will Be in Full Swing by Nov. 8, White House Says","MedicineNet","Title: Vaccinations for Kids Will Be in Full Swing by Nov. 8, White House SaysCategory: Health NewsCreated: 11/1/2021 12:00:00 AMLast Editorial Review: 11/2/2021 12:00:00 AM","2021-11-03 07:00:00","Health","https://www.medicinenet.com/script/main/art.asp?articlekey=266510","fc319e327c8de12c86c6fe2353a21597bfc8414a3a1c6e80f22960281c3e2cb7","cee9c67ec86197b1bfaf316bf5f75ecb"
"'Forever Chemicals' Might Raise Risk of Pregnancy Complication","MedicineNet","Title: 'Forever Chemicals' Might Raise Risk of Pregnancy ComplicationCategory: Health NewsCreated: 11/2/2021 12:00:00 AMLast Editorial Review: 11/2/2021 12:00:00 AM","2021-11-03 07:00:00","Health","https://www.medicinenet.com/script/main/art.asp?articlekey=266543","fc319e327c8de12c86c6fe2353a21597bfc8414a3a1c6e80f22960281c3e2cb7","de95a477698515bdf6b9c81986bc75db"
"A New Way to Spot Pregnancy Risks?","MedicineNet","Title: A New Way to Spot Pregnancy Risks?Category: Health NewsCreated: 11/2/2021 12:00:00 AMLast Editorial Review: 11/2/2021 12:00:00 AM","2021-11-03 07:00:00","Health","https://www.medicinenet.com/script/main/art.asp?articlekey=266542","fc319e327c8de12c86c6fe2353a21597bfc8414a3a1c6e80f22960281c3e2cb7","1432b275e567ed44c0a7d186a2565bbc"
"Biggest Driver of Infectious Disease Outbreaks: Water","MedicineNet","Title: Biggest Driver of Infectious Disease Outbreaks: WaterCategory: Health NewsCreated: 11/2/2021 12:00:00 AMLast Editorial Review: 11/2/2021 12:00:00 AM","2021-11-03 07:00:00","Health","https://www.medicinenet.com/script/main/art.asp?articlekey=266540","fc319e327c8de12c86c6fe2353a21597bfc8414a3a1c6e80f22960281c3e2cb7","1c231f4b52b206af500eb9c2c952e644"
"'Delta Plus' Variant Now in at Least 8 US States","MedicineNet","Title: 'Delta Plus' Variant Now in at Least 8 US StatesCategory: Health NewsCreated: 11/2/2021 12:00:00 AMLast Editorial Review: 11/2/2021 12:00:00 AM","2021-11-03 07:00:00","Health","https://www.medicinenet.com/script/main/art.asp?articlekey=266539","fc319e327c8de12c86c6fe2353a21597bfc8414a3a1c6e80f22960281c3e2cb7","8f0dc0debb6e5b35d04c13e080ad2f50"
"Bagged Salads Recalled Due to Listeria Concerns","MedicineNet","Title: Bagged Salads Recalled Due to Listeria ConcernsCategory: Health NewsCreated: 11/2/2021 12:00:00 AMLast Editorial Review: 11/2/2021 12:00:00 AM","2021-11-03 07:00:00","Health","https://www.medicinenet.com/script/main/art.asp?articlekey=266537","fc319e327c8de12c86c6fe2353a21597bfc8414a3a1c6e80f22960281c3e2cb7","aae9f58126643bb2143a50cae8502328"
"U.S. Adolescents' Daily Screen Time Doubled During Pandemic","MedicineNet","Title: U.S. Adolescents' Daily Screen Time Doubled During PandemicCategory: Health NewsCreated: 11/2/2021 12:00:00 AMLast Editorial Review: 11/2/2021 12:00:00 AM","2021-11-03 07:00:00","Health","https://www.medicinenet.com/script/main/art.asp?articlekey=266536","fc319e327c8de12c86c6fe2353a21597bfc8414a3a1c6e80f22960281c3e2cb7","8c58e4f61d35ee7e0ee41a16d10dfe42"
"Almost 1 in 3 U.S. Seniors Now Sees at Least 5 Doctors Per Year","MedicineNet","Title: Almost 1 in 3 U.S. Seniors Now Sees at Least 5 Doctors Per YearCategory: Health NewsCreated: 11/2/2021 12:00:00 AMLast Editorial Review: 11/2/2021 12:00:00 AM","2021-11-03 07:00:00","Health","https://www.medicinenet.com/script/main/art.asp?articlekey=266535","fc319e327c8de12c86c6fe2353a21597bfc8414a3a1c6e80f22960281c3e2cb7","7abb6ee90690a22237cc819958460682"
"AHA News: Could the Path to Better Brain Health Involve Better Mouth Care?","MedicineNet","Title: AHA News: Could the Path to Better Brain Health Involve Better Mouth Care?Category: Health NewsCreated: 11/1/2021 12:00:00 AMLast Editorial Review: 11/2/2021 12:00:00 AM","2021-11-03 07:00:00","Health","https://www.medicinenet.com/script/main/art.asp?articlekey=266507","fc319e327c8de12c86c6fe2353a21597bfc8414a3a1c6e80f22960281c3e2cb7","45667827ea0c484a7cdb26c7ee0eb07c"
"Financial Stress Burdens More Than Half of New U.S. Moms: Study","MedicineNet","Title: Financial Stress Burdens More Than Half of New U.S. Moms: StudyCategory: Health NewsCreated: 11/1/2021 12:00:00 AMLast Editorial Review: 11/2/2021 12:00:00 AM","2021-11-03 07:00:00","Health","https://www.medicinenet.com/script/main/art.asp?articlekey=266506","fc319e327c8de12c86c6fe2353a21597bfc8414a3a1c6e80f22960281c3e2cb7","97ff8ed5863d544f74ea4c8774e11f60"
"Purrfect Pal: Robotic Cats May Help People With Dementia","MedicineNet","Title: Purrfect Pal: Robotic Cats May Help People With DementiaCategory: Health NewsCreated: 11/1/2021 12:00:00 AMLast Editorial Review: 11/2/2021 12:00:00 AM","2021-11-03 07:00:00","Health","https://www.medicinenet.com/script/main/art.asp?articlekey=266505","fc319e327c8de12c86c6fe2353a21597bfc8414a3a1c6e80f22960281c3e2cb7","4b080c9050b2f7f01eef94cf2d7b9a6f"
"Pandemic Has Stressed Out Doctors","MedicineNet","Title: Pandemic Has Stressed Out DoctorsCategory: Health NewsCreated: 11/3/2021 12:00:00 AMLast Editorial Review: 11/3/2021 12:00:00 AM","2021-11-04 07:00:00","Health","https://www.medicinenet.com/script/main/art.asp?articlekey=266629","fc319e327c8de12c86c6fe2353a21597bfc8414a3a1c6e80f22960281c3e2cb7","7ad9cdd3a913c3add5a0b64e14ab72b2"
"COVID-19 in Pets: Man Infects His Dog and Cat","MedicineNet","Title: COVID-19 in Pets: Man Infects His Dog and CatCategory: Health NewsCreated: 11/3/2021 12:00:00 AMLast Editorial Review: 11/3/2021 12:00:00 AM","2021-11-04 07:00:00","Health","https://www.medicinenet.com/script/main/art.asp?articlekey=266628","fc319e327c8de12c86c6fe2353a21597bfc8414a3a1c6e80f22960281c3e2cb7","ebb09dda22176e435041429e72b0aad2"
"California Judge Sides With Drug Companies in Opioid Lawsuit","MedicineNet","Title: California Judge Sides With Drug Companies in Opioid LawsuitCategory: Health NewsCreated: 11/3/2021 12:00:00 AMLast Editorial Review: 11/3/2021 12:00:00 AM","2021-11-04 07:00:00","Health","https://www.medicinenet.com/script/main/art.asp?articlekey=266627","fc319e327c8de12c86c6fe2353a21597bfc8414a3a1c6e80f22960281c3e2cb7","c6552864dba56dc491fff981844964d5"
"Women Less Likely to Ask for More Time When Deadlines Loom","MedicineNet","Title: Women Less Likely to Ask for More Time When Deadlines LoomCategory: Health NewsCreated: 11/3/2021 12:00:00 AMLast Editorial Review: 11/3/2021 12:00:00 AM","2021-11-04 07:00:00","Health","https://www.medicinenet.com/script/main/art.asp?articlekey=266625","fc319e327c8de12c86c6fe2353a21597bfc8414a3a1c6e80f22960281c3e2cb7","005e124ce839e54bf7cfbf1312b17353"
"Think a Little Alcohol Might Be Healthy? Think Again","MedicineNet","Title: Think a Little Alcohol Might Be Healthy? Think AgainCategory: Health NewsCreated: 11/3/2021 12:00:00 AMLast Editorial Review: 11/3/2021 12:00:00 AM","2021-11-04 07:00:00","Health","https://www.medicinenet.com/script/main/art.asp?articlekey=266624","fc319e327c8de12c86c6fe2353a21597bfc8414a3a1c6e80f22960281c3e2cb7","c9dd829e54c9e4e1a813afab21302891"
"White House Moves to Cut Methane Emissions That Threaten Climate, Health","MedicineNet","Title: White House Moves to Cut Methane Emissions That Threaten Climate, HealthCategory: Health NewsCreated: 11/2/2021 12:00:00 AMLast Editorial Review: 11/3/2021 12:00:00 AM","2021-11-04 07:00:00","Health","https://www.medicinenet.com/script/main/art.asp?articlekey=266555","fc319e327c8de12c86c6fe2353a21597bfc8414a3a1c6e80f22960281c3e2cb7","cc835d532a9526552cab3f33cd345d53"
"When Climbing Corporate Ladder, Women Are as Competitive as Men: Study","MedicineNet","Title: When Climbing Corporate Ladder, Women Are as Competitive as Men: StudyCategory: Health NewsCreated: 11/2/2021 12:00:00 AMLast Editorial Review: 11/3/2021 12:00:00 AM","2021-11-04 07:00:00","Health","https://www.medicinenet.com/script/main/art.asp?articlekey=266554","fc319e327c8de12c86c6fe2353a21597bfc8414a3a1c6e80f22960281c3e2cb7","1c9c0032f5f3e44cd81b8d27ef43d34d"
"More Lung Cancer Patients Are Surviving, Thriving","MedicineNet","Title: More Lung Cancer Patients Are Surviving, ThrivingCategory: Health NewsCreated: 11/2/2021 12:00:00 AMLast Editorial Review: 11/3/2021 12:00:00 AM","2021-11-04 07:00:00","Health","https://www.medicinenet.com/script/main/art.asp?articlekey=266549","fc319e327c8de12c86c6fe2353a21597bfc8414a3a1c6e80f22960281c3e2cb7","44641594db641f4bb1f6907226c5542e"
"We've Been Here Before: How Polio Vaccine Rollout Saved Millions of Young Lives","MedicineNet","Title: We've Been Here Before: How Polio Vaccine Rollout Saved Millions of Young LivesCategory: Health NewsCreated: 11/2/2021 12:00:00 AMLast Editorial Review: 11/3/2021 12:00:00 AM","2021-11-04 07:00:00","Health","https://www.medicinenet.com/script/main/art.asp?articlekey=266548","fc319e327c8de12c86c6fe2353a21597bfc8414a3a1c6e80f22960281c3e2cb7","3dfe8c831e5caf0377794de2a5db1f00"
"AHA News: 'Balance' Is the Key Word in New Dietary Guidance for Heart Health","MedicineNet","Title: AHA News: 'Balance' Is the Key Word in New Dietary Guidance for Heart HealthCategory: Health NewsCreated: 11/2/2021 12:00:00 AMLast Editorial Review: 11/3/2021 12:00:00 AM","2021-11-04 07:00:00","Health","https://www.medicinenet.com/script/main/art.asp?articlekey=266545","fc319e327c8de12c86c6fe2353a21597bfc8414a3a1c6e80f22960281c3e2cb7","ac69adf0f4f0685a2ddc52c1dbfb0a4f"
"Zinc Might Help Shorten Your Cold or Flu, Study Finds","MedicineNet","Title: Zinc Might Help Shorten Your Cold or Flu, Study FindsCategory: Health NewsCreated: 11/2/2021 12:00:00 AMLast Editorial Review: 11/3/2021 12:00:00 AM","2021-11-04 07:00:00","Health","https://www.medicinenet.com/script/main/art.asp?articlekey=266544","fc319e327c8de12c86c6fe2353a21597bfc8414a3a1c6e80f22960281c3e2cb7","2afa19638801f77564f90e1f8f999c3f"
"Have Diabetes? Here's How to Save Your Sight","MedicineNet","Title: Have Diabetes? Here's How to Save Your SightCategory: Health NewsCreated: 11/3/2021 12:00:00 AMLast Editorial Review: 11/3/2021 12:00:00 AM","2021-11-04 07:00:00","Health","https://www.medicinenet.com/script/main/art.asp?articlekey=266630","fc319e327c8de12c86c6fe2353a21597bfc8414a3a1c6e80f22960281c3e2cb7","baf7e53c5809bdd614ed4a12a269bec4"
"CDC Panel Signs Off on Pfizer Vaccine for Younger Kids","MedicineNet","Title: CDC Panel Signs Off on Pfizer Vaccine for Younger KidsCategory: Health NewsCreated: 11/2/2021 12:00:00 AMLast Editorial Review: 11/3/2021 12:00:00 AM","2021-11-04 07:00:00","Health","https://www.medicinenet.com/script/main/art.asp?articlekey=266592","fc319e327c8de12c86c6fe2353a21597bfc8414a3a1c6e80f22960281c3e2cb7","3ba11d7a5a00d8d47fef3a62967c23f2"
"Medicare Could Negotiate Drug Prices Under Democrat Proposal","MedicineNet","Title: Medicare Could Negotiate Drug Prices Under Democrat ProposalCategory: Health NewsCreated: 11/3/2021 12:00:00 AMLast Editorial Review: 11/4/2021 12:00:00 AM","2021-11-05 07:00:00","Health","https://www.medicinenet.com/script/main/art.asp?articlekey=266640","fc319e327c8de12c86c6fe2353a21597bfc8414a3a1c6e80f22960281c3e2cb7","e7e73ae25ed119bd0a29920966206491"
"COVID Shots Less Effective for People With Weak Immune Systems","MedicineNet","Title: COVID Shots Less Effective for People With Weak Immune SystemsCategory: Health NewsCreated: 11/3/2021 12:00:00 AMLast Editorial Review: 11/4/2021 12:00:00 AM","2021-11-05 07:00:00","Health","https://www.medicinenet.com/script/main/art.asp?articlekey=266639","fc319e327c8de12c86c6fe2353a21597bfc8414a3a1c6e80f22960281c3e2cb7","a7ec54c2dbdc6abc6933b0d5b838aaca"
"Despite Stress of Pandemic, U.S. Suicide Rate Dropped in 2020","MedicineNet","Title: Despite Stress of Pandemic, U.S. Suicide Rate Dropped in 2020Category: Health NewsCreated: 11/3/2021 12:00:00 AMLast Editorial Review: 11/4/2021 12:00:00 AM","2021-11-05 07:00:00","Health","https://www.medicinenet.com/script/main/art.asp?articlekey=266636","fc319e327c8de12c86c6fe2353a21597bfc8414a3a1c6e80f22960281c3e2cb7","0c39221dbc29e030f4e8cf6bd1e33f89"
"Insomnia Tied to Raised Risk of Aneurysm","MedicineNet","Title: Insomnia Tied to Raised Risk of AneurysmCategory: Health NewsCreated: 11/3/2021 12:00:00 AMLast Editorial Review: 11/4/2021 12:00:00 AM","2021-11-05 07:00:00","Health","https://www.medicinenet.com/script/main/art.asp?articlekey=266635","fc319e327c8de12c86c6fe2353a21597bfc8414a3a1c6e80f22960281c3e2cb7","10207430c8e09035f6fb3be7ad622b4c"
"A Growing Phenomenon, Youth Caregivers Need Recognition, Support","MedicineNet","Title: A Growing Phenomenon, Youth Caregivers Need Recognition, SupportCategory: Health NewsCreated: 11/3/2021 12:00:00 AMLast Editorial Review: 11/4/2021 12:00:00 AM","2021-11-05 07:00:00","Health","https://www.medicinenet.com/script/main/art.asp?articlekey=266632","fc319e327c8de12c86c6fe2353a21597bfc8414a3a1c6e80f22960281c3e2cb7","126e5919dc94345a5ad9b9692eacc5cc"
"Will an Early-Stage Breast Cancer Spread? New Analysis Offers Some Answers","MedicineNet","Title: Will an Early-Stage Breast Cancer Spread? New Analysis Offers Some AnswersCategory: Health NewsCreated: 11/3/2021 12:00:00 AMLast Editorial Review: 11/4/2021 12:00:00 AM","2021-11-05 07:00:00","Health","https://www.medicinenet.com/script/main/art.asp?articlekey=266631","fc319e327c8de12c86c6fe2353a21597bfc8414a3a1c6e80f22960281c3e2cb7","9fd624a6e48c652a689ab69cbe39b54c"
"CDC Expands Recall of Aromatherapy Sprays Tied to Rare Illness","MedicineNet","Title: CDC Expands Recall of Aromatherapy Sprays Tied to Rare IllnessCategory: Health NewsCreated: 11/4/2021 12:00:00 AMLast Editorial Review: 11/4/2021 12:00:00 AM","2021-11-05 07:00:00","Health","https://www.medicinenet.com/script/main/art.asp?articlekey=266695","fc319e327c8de12c86c6fe2353a21597bfc8414a3a1c6e80f22960281c3e2cb7","11e3376765a508e7f60256028c2495f4"
"COVID Widespread Among Iowa Deer","MedicineNet","Title: COVID Widespread Among Iowa DeerCategory: Health NewsCreated: 11/4/2021 12:00:00 AMLast Editorial Review: 11/4/2021 12:00:00 AM","2021-11-05 07:00:00","Health","https://www.medicinenet.com/script/main/art.asp?articlekey=266694","fc319e327c8de12c86c6fe2353a21597bfc8414a3a1c6e80f22960281c3e2cb7","78a4a42400520528ae510510d7d76353"
"Urine Test May Spot Aggressive Prostate Cancer","MedicineNet","Title: Urine Test May Spot Aggressive Prostate CancerCategory: Health NewsCreated: 11/4/2021 12:00:00 AMLast Editorial Review: 11/4/2021 12:00:00 AM","2021-11-05 07:00:00","Health","https://www.medicinenet.com/script/main/art.asp?articlekey=266692","fc319e327c8de12c86c6fe2353a21597bfc8414a3a1c6e80f22960281c3e2cb7","e3f2430af7a94f20fb45d85a2956d9a4"
"Fish on Your Plate May Keep Your Brain Sharp","MedicineNet","Title: Fish on Your Plate May Keep Your Brain SharpCategory: Health NewsCreated: 11/4/2021 12:00:00 AMLast Editorial Review: 11/4/2021 12:00:00 AM","2021-11-05 07:00:00","Health","https://www.medicinenet.com/script/main/art.asp?articlekey=266691","fc319e327c8de12c86c6fe2353a21597bfc8414a3a1c6e80f22960281c3e2cb7","bb5b2cc6178740743beae55637d532d5"
"Shortages of Drugs, Devices Due to Supply Chain Issues","MedicineNet","Title: Shortages of Drugs, Devices Due to Supply Chain IssuesCategory: Health NewsCreated: 11/4/2021 12:00:00 AMLast Editorial Review: 11/4/2021 12:00:00 AM","2021-11-05 07:00:00","Health","https://www.medicinenet.com/script/main/art.asp?articlekey=266690","fc319e327c8de12c86c6fe2353a21597bfc8414a3a1c6e80f22960281c3e2cb7","abc5377dcfc0a44e4a64b860141728c1"
"Could 'Brown Fat' Make Some Obese People Healthier?","MedicineNet","Title: Could 'Brown Fat' Make Some Obese People Healthier?Category: Health NewsCreated: 11/4/2021 12:00:00 AMLast Editorial Review: 11/4/2021 12:00:00 AM","2021-11-05 07:00:00","Health","https://www.medicinenet.com/script/main/art.asp?articlekey=266689","fc319e327c8de12c86c6fe2353a21597bfc8414a3a1c6e80f22960281c3e2cb7","b5e397127a0dc17d9caddce310230daa"
"Mouse Study Offers Hope for Gene Therapy Against Parkinson's Disease","MedicineNet","Title: Mouse Study Offers Hope for Gene Therapy Against Parkinson's DiseaseCategory: Health NewsCreated: 11/4/2021 12:00:00 AMLast Editorial Review: 11/4/2021 12:00:00 AM","2021-11-05 07:00:00","Health","https://www.medicinenet.com/script/main/art.asp?articlekey=266688","fc319e327c8de12c86c6fe2353a21597bfc8414a3a1c6e80f22960281c3e2cb7","3247ce3cc40a4ba1f992515a8edf954c"
"Nearly 3 in 10 U.S. Adults Say They Have a Disability","MedicineNet","Title: Nearly 3 in 10 U.S. Adults Say They Have a DisabilityCategory: Health NewsCreated: 11/4/2021 12:00:00 AMLast Editorial Review: 11/4/2021 12:00:00 AM","2021-11-05 07:00:00","Health","https://www.medicinenet.com/script/main/art.asp?articlekey=266687","fc319e327c8de12c86c6fe2353a21597bfc8414a3a1c6e80f22960281c3e2cb7","2a768c1ba8d0d755b8384565358c61da"
"HPV Vaccination When Young Cuts Cervical Cancer Risk by 87%","MedicineNet","Title: HPV Vaccination When Young Cuts Cervical Cancer Risk by 87%Category: Health NewsCreated: 11/4/2021 12:00:00 AMLast Editorial Review: 11/4/2021 12:00:00 AM","2021-11-05 07:00:00","Health","https://www.medicinenet.com/script/main/art.asp?articlekey=266686","fc319e327c8de12c86c6fe2353a21597bfc8414a3a1c6e80f22960281c3e2cb7","afd621f852b93bc8f0aac3b1f1cb53a0"
"No 'Fall Back'? Sleep Experts Argue Against Daylight Standard Time","MedicineNet","Title: No 'Fall Back'? Sleep Experts Argue Against Daylight Standard TimeCategory: Health NewsCreated: 11/5/2021 12:00:00 AMLast Editorial Review: 11/5/2021 12:00:00 AM","2021-11-06 07:00:00","Health","https://www.medicinenet.com/script/main/art.asp?articlekey=266774","fc319e327c8de12c86c6fe2353a21597bfc8414a3a1c6e80f22960281c3e2cb7","6719484e8e7237c21b3a08d0cee1272b"
"Pfizer Says New COVID Pill Cut Severe Disease by 89%","MedicineNet","Title: Pfizer Says New COVID Pill Cut Severe Disease by 89%Category: Health NewsCreated: 11/5/2021 12:00:00 AMLast Editorial Review: 11/5/2021 12:00:00 AM","2021-11-06 07:00:00","Health","https://www.medicinenet.com/script/main/art.asp?articlekey=266773","fc319e327c8de12c86c6fe2353a21597bfc8414a3a1c6e80f22960281c3e2cb7","26e714b3adf5a3fdae5cb8e0641678fe"
"How Bilingual Brains Shift Quickly Between Languages","MedicineNet","Title: How Bilingual Brains Shift Quickly Between LanguagesCategory: Health NewsCreated: 11/5/2021 12:00:00 AMLast Editorial Review: 11/5/2021 12:00:00 AM","2021-11-06 07:00:00","Health","https://www.medicinenet.com/script/main/art.asp?articlekey=266772","fc319e327c8de12c86c6fe2353a21597bfc8414a3a1c6e80f22960281c3e2cb7","263b8fca7370ede9586f28acff3938e2"
"Let Babies Eat Eggs to Avoid Egg Allergy Later: Study","MedicineNet","Title: Let Babies Eat Eggs to Avoid Egg Allergy Later: StudyCategory: Health NewsCreated: 11/5/2021 12:00:00 AMLast Editorial Review: 11/5/2021 12:00:00 AM","2021-11-06 07:00:00","Health","https://www.medicinenet.com/script/main/art.asp?articlekey=266771","fc319e327c8de12c86c6fe2353a21597bfc8414a3a1c6e80f22960281c3e2cb7","54bca882218cb84400c02535f5870058"
"Many Kids With Asthma Are Unprepared for Adult Asthma Care","MedicineNet","Title: Many Kids With Asthma Are Unprepared for Adult Asthma CareCategory: Health NewsCreated: 11/5/2021 12:00:00 AMLast Editorial Review: 11/5/2021 12:00:00 AM","2021-11-06 07:00:00","Health","https://www.medicinenet.com/script/main/art.asp?articlekey=266770","fc319e327c8de12c86c6fe2353a21597bfc8414a3a1c6e80f22960281c3e2cb7","c5cd5c6610346f87dd352d84d1ca5298"
"After Clocks 'Fall Back' This Weekend, Watch Out for Seasonal Mood Changes","MedicineNet","Title: After Clocks 'Fall Back' This Weekend, Watch Out for Seasonal Mood ChangesCategory: Health NewsCreated: 11/5/2021 12:00:00 AMLast Editorial Review: 11/5/2021 12:00:00 AM","2021-11-06 07:00:00","Health","https://www.medicinenet.com/script/main/art.asp?articlekey=266769","fc319e327c8de12c86c6fe2353a21597bfc8414a3a1c6e80f22960281c3e2cb7","a752f4f2e0cdd979100e60857c703853"
"AHA News: How Doctors Can Help Their Patients Make Heart-Healthy Lifestyle Changes","MedicineNet","Title: AHA News: How Doctors Can Help Their Patients Make Heart-Healthy Lifestyle ChangesCategory: Health NewsCreated: 11/4/2021 12:00:00 AMLast Editorial Review: 11/5/2021 12:00:00 AM","2021-11-06 07:00:00","Health","https://www.medicinenet.com/script/main/art.asp?articlekey=266702","fc319e327c8de12c86c6fe2353a21597bfc8414a3a1c6e80f22960281c3e2cb7","d2d3fbcc54d19b06a7d27219f418c1ff"
"Jan. 4 Deadline for Companies to Mandate COVID Vaccines","MedicineNet","Title: Jan. 4 Deadline for Companies to Mandate COVID VaccinesCategory: Health NewsCreated: 11/4/2021 12:00:00 AMLast Editorial Review: 11/5/2021 12:00:00 AM","2021-11-06 07:00:00","Health","https://www.medicinenet.com/script/main/art.asp?articlekey=266700","fc319e327c8de12c86c6fe2353a21597bfc8414a3a1c6e80f22960281c3e2cb7","3bbba0f8fc93151dcca2d28c33fd631a"
"Breastfeeding by Moms Who've Had COVID May Help Protect Newborn","MedicineNet","Title: Breastfeeding by Moms Who've Had COVID May Help Protect NewbornCategory: Health NewsCreated: 11/4/2021 12:00:00 AMLast Editorial Review: 11/5/2021 12:00:00 AM","2021-11-06 07:00:00","Health","https://www.medicinenet.com/script/main/art.asp?articlekey=266698","fc319e327c8de12c86c6fe2353a21597bfc8414a3a1c6e80f22960281c3e2cb7","00a125dbe75c00c9185d074cc6d0a41f"
"AHA News: Two Heart Operations in Her First 8 Months of Life","MedicineNet","Title: AHA News: Two Heart Operations in Her First 8 Months of LifeCategory: Health NewsCreated: 11/4/2021 12:00:00 AMLast Editorial Review: 11/5/2021 12:00:00 AM","2021-11-06 07:00:00","Health","https://www.medicinenet.com/script/main/art.asp?articlekey=266727","fc319e327c8de12c86c6fe2353a21597bfc8414a3a1c6e80f22960281c3e2cb7","264ef572ad05185e1c5a9f1e7ebcd8e9"
"New U.S. COVID Vaccinations Climb for the Longest Stretch in Months","MedicineNet","Title: New U.S. COVID Vaccinations Climb for the Longest Stretch in MonthsCategory: Health NewsCreated: 11/5/2021 12:00:00 AMLast Editorial Review: 11/5/2021 12:00:00 AM","2021-11-06 07:00:00","Health","https://www.medicinenet.com/script/main/art.asp?articlekey=266778","fc319e327c8de12c86c6fe2353a21597bfc8414a3a1c6e80f22960281c3e2cb7","e6717ae57b08703d12a915dbb28eae81"
"More Proof That COVID Vaccines Guard Against Severe Disease","MedicineNet","Title: More Proof That COVID Vaccines Guard Against Severe DiseaseCategory: Health NewsCreated: 11/5/2021 12:00:00 AMLast Editorial Review: 11/5/2021 12:00:00 AM","2021-11-06 07:00:00","Health","https://www.medicinenet.com/script/main/art.asp?articlekey=266777","fc319e327c8de12c86c6fe2353a21597bfc8414a3a1c6e80f22960281c3e2cb7","c5a429d19055737f7e6fc87083e8ddcd"
"For Kids Afraid of Needles, These Tips May Help Ease COVID Shots","MedicineNet","Title: For Kids Afraid of Needles, These Tips May Help Ease COVID ShotsCategory: Health NewsCreated: 11/5/2021 12:00:00 AMLast Editorial Review: 11/5/2021 12:00:00 AM","2021-11-06 07:00:00","Health","https://www.medicinenet.com/script/main/art.asp?articlekey=266775","fc319e327c8de12c86c6fe2353a21597bfc8414a3a1c6e80f22960281c3e2cb7","ae5c76b228a7d5171589a2742e1ca897"
"Hepatitis B Shots Advised for All Adults Under 60","MedicineNet","Title: Hepatitis B Shots Advised for All Adults Under 60Category: Health NewsCreated: 11/4/2021 12:00:00 AMLast Editorial Review: 11/5/2021 12:00:00 AM","2021-11-06 07:00:00","Health","https://www.medicinenet.com/script/main/art.asp?articlekey=266726","fc319e327c8de12c86c6fe2353a21597bfc8414a3a1c6e80f22960281c3e2cb7","c9f2f2396e641d652df930e688e17b2c"
"COVID Vaccine Spurs Good Response in People With Crohn's, Colitis","MedicineNet","Title: COVID Vaccine Spurs Good Response in People With Crohn's, ColitisCategory: Health NewsCreated: 11/4/2021 12:00:00 AMLast Editorial Review: 11/5/2021 12:00:00 AM","2021-11-06 07:00:00","Health","https://www.medicinenet.com/script/main/art.asp?articlekey=266712","fc319e327c8de12c86c6fe2353a21597bfc8414a3a1c6e80f22960281c3e2cb7","c2819e0e396559dd17ab8bd9184b1614"
"Table Set for One May Be Tough on Women's Hearts","MedicineNet","Title: Table Set for One May Be Tough on Women's HeartsCategory: Health NewsCreated: 11/8/2021 12:00:00 AMLast Editorial Review: 11/8/2021 12:00:00 AM","2021-11-09 07:00:00","Health","https://www.medicinenet.com/script/main/art.asp?articlekey=266825","fc319e327c8de12c86c6fe2353a21597bfc8414a3a1c6e80f22960281c3e2cb7","2d1937e5af5d1205bb20ee966f1f83d6"
"Get Your Dietary Fat From Plants, Cut Your Stroke Risk","MedicineNet","Title: Get Your Dietary Fat From Plants, Cut Your Stroke RiskCategory: Health NewsCreated: 11/8/2021 12:00:00 AMLast Editorial Review: 11/8/2021 12:00:00 AM","2021-11-09 07:00:00","Health","https://www.medicinenet.com/script/main/art.asp?articlekey=266824","fc319e327c8de12c86c6fe2353a21597bfc8414a3a1c6e80f22960281c3e2cb7","b92f0c85b68679c45a2c5076ac7f8cb5"
"As Pandemic Cut Air Pollution, Heart Attacks Declined","MedicineNet","Title: As Pandemic Cut Air Pollution, Heart Attacks DeclinedCategory: Health NewsCreated: 11/8/2021 12:00:00 AMLast Editorial Review: 11/8/2021 12:00:00 AM","2021-11-09 07:00:00","Health","https://www.medicinenet.com/script/main/art.asp?articlekey=266823","fc319e327c8de12c86c6fe2353a21597bfc8414a3a1c6e80f22960281c3e2cb7","843768eb446dbcc59a7959a9c4d5a31d"
"COVID Variant Tied to Heart Inflammation in Cats, Dogs","MedicineNet","Title: COVID Variant Tied to Heart Inflammation in Cats, DogsCategory: Health NewsCreated: 11/5/2021 12:00:00 AMLast Editorial Review: 11/8/2021 12:00:00 AM","2021-11-09 07:00:00","Health","https://www.medicinenet.com/script/main/art.asp?articlekey=266784","fc319e327c8de12c86c6fe2353a21597bfc8414a3a1c6e80f22960281c3e2cb7","28a2d85f9ff6d615462c6f877ab56f0c"
"AHA News: Boston Nonprofit Helps Young Adults Experiencing Homelessness Launch Careers","MedicineNet","Title: AHA News: Boston Nonprofit Helps Young Adults Experiencing Homelessness Launch CareersCategory: Health NewsCreated: 11/5/2021 12:00:00 AMLast Editorial Review: 11/8/2021 12:00:00 AM","2021-11-09 07:00:00","Health","https://www.medicinenet.com/script/main/art.asp?articlekey=266783","fc319e327c8de12c86c6fe2353a21597bfc8414a3a1c6e80f22960281c3e2cb7","f94b7ad3718204c4bd595997a7459971"
"What Parents Should Know About the COVID-19 Vaccine For 5- to 11-Year-Olds","MedicineNet","Title: What Parents Should Know About the COVID-19 Vaccine For 5- to 11-Year-OldsCategory: Health NewsCreated: 11/5/2021 12:00:00 AMLast Editorial Review: 11/8/2021 12:00:00 AM","2021-11-09 07:00:00","Health","https://www.medicinenet.com/script/main/art.asp?articlekey=266782","fc319e327c8de12c86c6fe2353a21597bfc8414a3a1c6e80f22960281c3e2cb7","43ad891c95a6a4fe533a510746eb0ce5"
"Study Compares Bypass, Stenting for Patients With Severe Heart Disease","MedicineNet","Title: Study Compares Bypass, Stenting for Patients With Severe Heart DiseaseCategory: Health NewsCreated: 11/5/2021 12:00:00 AMLast Editorial Review: 11/8/2021 12:00:00 AM","2021-11-09 07:00:00","Health","https://www.medicinenet.com/script/main/art.asp?articlekey=266781","fc319e327c8de12c86c6fe2353a21597bfc8414a3a1c6e80f22960281c3e2cb7","5670b09d64973c748ace043becb1092f"
"Court Temporarily Blocks Vaccine Mandate for Big Businesses","MedicineNet","Title: Court Temporarily Blocks Vaccine Mandate for Big BusinessesCategory: Health NewsCreated: 11/8/2021 12:00:00 AMLast Editorial Review: 11/8/2021 12:00:00 AM","2021-11-09 07:00:00","Health","https://www.medicinenet.com/script/main/art.asp?articlekey=266822","fc319e327c8de12c86c6fe2353a21597bfc8414a3a1c6e80f22960281c3e2cb7","e025a2ca0c3a8a4dd5d9d1814844020f"
"Discrimination Takes Toll on Mental Health of Young Adults","MedicineNet","Title: Discrimination Takes Toll on Mental Health of Young AdultsCategory: Health NewsCreated: 11/8/2021 12:00:00 AMLast Editorial Review: 11/8/2021 12:00:00 AM","2021-11-09 07:00:00","Health","https://www.medicinenet.com/script/main/art.asp?articlekey=266821","fc319e327c8de12c86c6fe2353a21597bfc8414a3a1c6e80f22960281c3e2cb7","1fa79b0036579b5989ba5eabaace6dd8"
"U.S. Reopens Borders to Vaccinated Foreign Travelers","MedicineNet","Title: U.S. Reopens Borders to Vaccinated Foreign TravelersCategory: Health NewsCreated: 11/8/2021 12:00:00 AMLast Editorial Review: 11/8/2021 12:00:00 AM","2021-11-09 07:00:00","Health","https://www.medicinenet.com/script/main/art.asp?articlekey=266820","fc319e327c8de12c86c6fe2353a21597bfc8414a3a1c6e80f22960281c3e2cb7","572ed9720f595407af9e3125a8bc3e30"
"Firefighters' Blood Pressure Can Rise When Duty Calls","MedicineNet","Title: Firefighters' Blood Pressure Can Rise When Duty CallsCategory: Health NewsCreated: 11/8/2021 12:00:00 AMLast Editorial Review: 11/8/2021 12:00:00 AM","2021-11-09 07:00:00","Health","https://www.medicinenet.com/script/main/art.asp?articlekey=266819","fc319e327c8de12c86c6fe2353a21597bfc8414a3a1c6e80f22960281c3e2cb7","f05f37a0c6ec6a1e26fb4a3cde781063"
"Blood Test Looks at Patients' Whole Genome to Spot Rare Inherited Diseases","MedicineNet","Title: Blood Test Looks at Patients' Whole Genome to Spot Rare Inherited DiseasesCategory: Health NewsCreated: 11/8/2021 12:00:00 AMLast Editorial Review: 11/8/2021 12:00:00 AM","2021-11-09 07:00:00","Health","https://www.medicinenet.com/script/main/art.asp?articlekey=266818","fc319e327c8de12c86c6fe2353a21597bfc8414a3a1c6e80f22960281c3e2cb7","252e4f6780046a61037acdabb655d96c"
"No Evidence Violent Video Games Lead to Real Violence: Study","MedicineNet","Title: No Evidence Violent Video Games Lead to Real Violence: StudyCategory: Health NewsCreated: 11/8/2021 12:00:00 AMLast Editorial Review: 11/8/2021 12:00:00 AM","2021-11-09 07:00:00","Health","https://www.medicinenet.com/script/main/art.asp?articlekey=266817","fc319e327c8de12c86c6fe2353a21597bfc8414a3a1c6e80f22960281c3e2cb7","e00ae9a8331575af75dcb2b2c83816f7"
"Sales of Unproven, Unapproved Stem Cell Therapies Are Booming","MedicineNet","Title: Sales of Unproven, Unapproved Stem Cell Therapies Are BoomingCategory: Health NewsCreated: 11/8/2021 12:00:00 AMLast Editorial Review: 11/8/2021 12:00:00 AM","2021-11-09 07:00:00","Health","https://www.medicinenet.com/script/main/art.asp?articlekey=266816","fc319e327c8de12c86c6fe2353a21597bfc8414a3a1c6e80f22960281c3e2cb7","f6075d8c32d2403fcb888b4ec3ed1f01"
"Your Expectations Could Shape Your Odds for Vaccine Side Effects","MedicineNet","Title: Your Expectations Could Shape Your Odds for Vaccine Side EffectsCategory: Health NewsCreated: 11/8/2021 12:00:00 AMLast Editorial Review: 11/8/2021 12:00:00 AM","2021-11-09 07:00:00","Health","https://www.medicinenet.com/script/main/art.asp?articlekey=266815","fc319e327c8de12c86c6fe2353a21597bfc8414a3a1c6e80f22960281c3e2cb7","9013f4ea57cb1816e6b0a048ee5cc756"
"Do Your Kids Really Need Cough & Cold Meds?","MedicineNet","Title: Do Your Kids Really Need Cough & Cold Meds?Category: Health NewsCreated: 11/7/2021 12:00:00 AMLast Editorial Review: 11/8/2021 12:00:00 AM","2021-11-09 07:00:00","Health","https://www.medicinenet.com/script/main/art.asp?articlekey=266813","fc319e327c8de12c86c6fe2353a21597bfc8414a3a1c6e80f22960281c3e2cb7","fbbfe90dea92ac7e32e5e00af6740093"
"Time to Replace Your Smoke Alarm Batteries","MedicineNet","Title: Time to Replace Your Smoke Alarm BatteriesCategory: Health NewsCreated: 11/6/2021 12:00:00 AMLast Editorial Review: 11/8/2021 12:00:00 AM","2021-11-09 07:00:00","Health","https://www.medicinenet.com/script/main/art.asp?articlekey=266812","fc319e327c8de12c86c6fe2353a21597bfc8414a3a1c6e80f22960281c3e2cb7","44375fc0926e7de255877ff813fc7e70"
"AHA News: Cannabis Use Disorder May Be Linked to Growing Number of Heart Attacks in Younger Adults","MedicineNet","Title: AHA News: Cannabis Use Disorder May Be Linked to Growing Number of Heart Attacks in Younger AdultsCategory: Health NewsCreated: 11/8/2021 12:00:00 AMLast Editorial Review: 11/9/2021 12:00:00 AM","2021-11-10 07:00:00","Health","https://www.medicinenet.com/script/main/art.asp?articlekey=266829","fc319e327c8de12c86c6fe2353a21597bfc8414a3a1c6e80f22960281c3e2cb7","d9e022f8e411f2977be6d18190092d5b"
"AHA News: Two Omega-3s in Fish Oil May Boost Brain Function in People With Heart Disease","MedicineNet","Title: AHA News: Two Omega-3s in Fish Oil May Boost Brain Function in People With Heart DiseaseCategory: Health NewsCreated: 11/8/2021 12:00:00 AMLast Editorial Review: 11/9/2021 12:00:00 AM","2021-11-10 07:00:00","Health","https://www.medicinenet.com/script/main/art.asp?articlekey=266828","fc319e327c8de12c86c6fe2353a21597bfc8414a3a1c6e80f22960281c3e2cb7","28ba3fe0db9d587d9de7d80500205751"
"The Best Bedtime for Your Heart","MedicineNet","Title: The Best Bedtime for Your HeartCategory: Health NewsCreated: 11/9/2021 12:00:00 AMLast Editorial Review: 11/9/2021 12:00:00 AM","2021-11-10 07:00:00","Health","https://www.medicinenet.com/script/main/art.asp?articlekey=266865","fc319e327c8de12c86c6fe2353a21597bfc8414a3a1c6e80f22960281c3e2cb7","8f3f26029c2670fb5ca09731d3216af6"
"Most Americans Would Skip Opioids After Surgery If They Could: Survey","MedicineNet","Title: Most Americans Would Skip Opioids After Surgery If They Could: SurveyCategory: Health NewsCreated: 11/9/2021 12:00:00 AMLast Editorial Review: 11/9/2021 12:00:00 AM","2021-11-10 07:00:00","Health","https://www.medicinenet.com/script/main/art.asp?articlekey=266864","fc319e327c8de12c86c6fe2353a21597bfc8414a3a1c6e80f22960281c3e2cb7","a32025deeef37518ac34aafa1d329ae0"
"Millions of Tons of COVID Masks, Gloves Will End Up in Oceans","MedicineNet","Title: Millions of Tons of COVID Masks, Gloves Will End Up in OceansCategory: Health NewsCreated: 11/9/2021 12:00:00 AMLast Editorial Review: 11/9/2021 12:00:00 AM","2021-11-10 07:00:00","Health","https://www.medicinenet.com/script/main/art.asp?articlekey=266863","fc319e327c8de12c86c6fe2353a21597bfc8414a3a1c6e80f22960281c3e2cb7","163c65644e44fdd8bd5ce8511e8a748e"
"Screening School Kids for Depression Boosts Diagnoses, Outcomes","MedicineNet","Title: Screening School Kids for Depression Boosts Diagnoses, OutcomesCategory: Health NewsCreated: 11/9/2021 12:00:00 AMLast Editorial Review: 11/9/2021 12:00:00 AM","2021-11-10 07:00:00","Health","https://www.medicinenet.com/script/main/art.asp?articlekey=266862","fc319e327c8de12c86c6fe2353a21597bfc8414a3a1c6e80f22960281c3e2cb7","d33ba184e252e2da099fdeb8c40ed85c"
"U.S. Adolescents Are Getting Less Sex Education Now Than 25 Years Ago","MedicineNet","Title: U.S. Adolescents Are Getting Less Sex Education Now Than 25 Years AgoCategory: Health NewsCreated: 11/9/2021 12:00:00 AMLast Editorial Review: 11/9/2021 12:00:00 AM","2021-11-10 07:00:00","Health","https://www.medicinenet.com/script/main/art.asp?articlekey=266861","fc319e327c8de12c86c6fe2353a21597bfc8414a3a1c6e80f22960281c3e2cb7","165d3b7c7c0d21da2ff5f172fe0aa2df"
"Why Are So Few Seniors Getting Heart Failure Rehab?","MedicineNet","Title: Why Are So Few Seniors Getting Heart Failure Rehab?Category: Health NewsCreated: 11/9/2021 12:00:00 AMLast Editorial Review: 11/9/2021 12:00:00 AM","2021-11-10 07:00:00","Health","https://www.medicinenet.com/script/main/art.asp?articlekey=266860","fc319e327c8de12c86c6fe2353a21597bfc8414a3a1c6e80f22960281c3e2cb7","3c4e1dbde79630098e476a9f456a78c8"
"Biden Administration Presses Schools to Provide COVID Shots to Kids","MedicineNet","Title: Biden Administration Presses Schools to Provide COVID Shots to KidsCategory: Health NewsCreated: 11/9/2021 12:00:00 AMLast Editorial Review: 11/9/2021 12:00:00 AM","2021-11-10 07:00:00","Health","https://www.medicinenet.com/script/main/art.asp?articlekey=266858","fc319e327c8de12c86c6fe2353a21597bfc8414a3a1c6e80f22960281c3e2cb7","6e0b9f0548d77af73df3c38be544d416"
"Women Feel More Stigma From 'Spare Tire' Around Middle Than Men","MedicineNet","Title: Women Feel More Stigma From 'Spare Tire' Around Middle Than MenCategory: Health NewsCreated: 11/9/2021 12:00:00 AMLast Editorial Review: 11/9/2021 12:00:00 AM","2021-11-10 07:00:00","Health","https://www.medicinenet.com/script/main/art.asp?articlekey=266868","fc319e327c8de12c86c6fe2353a21597bfc8414a3a1c6e80f22960281c3e2cb7","47389f429434ebd90f651619a803f18f"
"Pfizer Seeks Booster Approval for 18 and Up","MedicineNet","Title: Pfizer Seeks Booster Approval for 18 and UpCategory: Health NewsCreated: 11/9/2021 12:00:00 AMLast Editorial Review: 11/9/2021 12:00:00 AM","2021-11-10 07:00:00","Health","https://www.medicinenet.com/script/main/art.asp?articlekey=266867","fc319e327c8de12c86c6fe2353a21597bfc8414a3a1c6e80f22960281c3e2cb7","135b93abc4dddd2b4a917d98ffb370b2"
"Oklahoma Supreme Courts Overturns $465 Million J & J Opioid Ruling","MedicineNet","Title: Oklahoma Supreme Courts Overturns $465 Million J & J Opioid RulingCategory: Health NewsCreated: 11/10/2021 12:00:00 AMLast Editorial Review: 11/10/2021 12:00:00 AM","2021-11-11 07:00:00","Health","https://www.medicinenet.com/script/main/art.asp?articlekey=266908","fc319e327c8de12c86c6fe2353a21597bfc8414a3a1c6e80f22960281c3e2cb7","ebf6a2f981a6299dd756a1b96af2e5f6"
"Mindfulness Can Boost Your Mindset After Cardiac Arrest","MedicineNet","Title: Mindfulness Can Boost Your Mindset After Cardiac ArrestCategory: Health NewsCreated: 11/10/2021 12:00:00 AMLast Editorial Review: 11/10/2021 12:00:00 AM","2021-11-11 07:00:00","Health","https://www.medicinenet.com/script/main/art.asp?articlekey=266906","fc319e327c8de12c86c6fe2353a21597bfc8414a3a1c6e80f22960281c3e2cb7","a9d4991c47c0aae5d3ba7e6b2963e2f1"
"Jog on: Exercise Won't Raise Your Odds for Arthritic Knees","MedicineNet","Title: Jog on: Exercise Won't Raise Your Odds for Arthritic KneesCategory: Health NewsCreated: 11/10/2021 12:00:00 AMLast Editorial Review: 11/10/2021 12:00:00 AM","2021-11-11 07:00:00","Health","https://www.medicinenet.com/script/main/art.asp?articlekey=266905","fc319e327c8de12c86c6fe2353a21597bfc8414a3a1c6e80f22960281c3e2cb7","163bcf88e41d9cb27e0bc51606717b8e"
"Outdated Infection Control Practices Under Scrutiny","MedicineNet","Title: Outdated Infection Control Practices Under ScrutinyCategory: Health NewsCreated: 11/10/2021 12:00:00 AMLast Editorial Review: 11/10/2021 12:00:00 AM","2021-11-11 07:00:00","Health","https://www.medicinenet.com/script/main/art.asp?articlekey=266904","fc319e327c8de12c86c6fe2353a21597bfc8414a3a1c6e80f22960281c3e2cb7","4daa501e966caa1b230c4f8daab11fec"
"Pfizer Asks FDA to Approve Booster Shots for All U.S. Adults","MedicineNet","Title: Pfizer Asks FDA to Approve Booster Shots for All U.S. AdultsCategory: Health NewsCreated: 11/10/2021 12:00:00 AMLast Editorial Review: 11/10/2021 12:00:00 AM","2021-11-11 07:00:00","Health","https://www.medicinenet.com/script/main/art.asp?articlekey=266903","fc319e327c8de12c86c6fe2353a21597bfc8414a3a1c6e80f22960281c3e2cb7","8029280e1e44e5bcf08563f1d136c07c"
"These Two New Symptoms Could Point to Pancreatic Cancer","MedicineNet","Title: These Two New Symptoms Could Point to Pancreatic CancerCategory: Health NewsCreated: 11/10/2021 12:00:00 AMLast Editorial Review: 11/10/2021 12:00:00 AM","2021-11-11 07:00:00","Health","https://www.medicinenet.com/script/main/art.asp?articlekey=266913","fc319e327c8de12c86c6fe2353a21597bfc8414a3a1c6e80f22960281c3e2cb7","b6b0b0c226bafbfbae4e19b1eda2a24f"
"Hospitalizations for Spikes in Blood Pressure Are on the Rise","MedicineNet","Title: Hospitalizations for Spikes in Blood Pressure Are on the RiseCategory: Health NewsCreated: 11/10/2021 12:00:00 AMLast Editorial Review: 11/10/2021 12:00:00 AM","2021-11-11 07:00:00","Health","https://www.medicinenet.com/script/main/art.asp?articlekey=266911","fc319e327c8de12c86c6fe2353a21597bfc8414a3a1c6e80f22960281c3e2cb7","de27ccb193901ddea82d78f9ea13b188"
"Hip Replacements on the Rise Among the Very Young","MedicineNet","Title: Hip Replacements on the Rise Among the Very YoungCategory: Health NewsCreated: 11/10/2021 12:00:00 AMLast Editorial Review: 11/10/2021 12:00:00 AM","2021-11-11 07:00:00","Health","https://www.medicinenet.com/script/main/art.asp?articlekey=266910","fc319e327c8de12c86c6fe2353a21597bfc8414a3a1c6e80f22960281c3e2cb7","43cc0c2dc58de235aaeb1e5c03dde3a6"
"Could Estrogen Help Shield Women's Brains From Alzheimer's?","MedicineNet","Title: Could Estrogen Help Shield Women's Brains From Alzheimer's?Category: Health NewsCreated: 11/10/2021 12:00:00 AMLast Editorial Review: 11/10/2021 12:00:00 AM","2021-11-11 07:00:00","Health","https://www.medicinenet.com/script/main/art.asp?articlekey=266909","fc319e327c8de12c86c6fe2353a21597bfc8414a3a1c6e80f22960281c3e2cb7","11f14bce22178bcc52e464670b509ff7"
"AHA News: After Stroke, Retired Marine Walks Thousands of Miles","MedicineNet","Title: AHA News: After Stroke, Retired Marine Walks Thousands of MilesCategory: Health NewsCreated: 11/9/2021 12:00:00 AMLast Editorial Review: 11/10/2021 12:00:00 AM","2021-11-11 07:00:00","Health","https://www.medicinenet.com/script/main/art.asp?articlekey=266873","fc319e327c8de12c86c6fe2353a21597bfc8414a3a1c6e80f22960281c3e2cb7","13891054dbc62e60c8501c2e657beda4"
"Ultra-Low Dose of Rituximab Safely Eases Rheumatoid Arthritis Over Long Term: Study","MedicineNet","Title: Ultra-Low Dose of Rituximab Safely Eases Rheumatoid Arthritis Over Long Term: StudyCategory: Health NewsCreated: 11/9/2021 12:00:00 AMLast Editorial Review: 11/10/2021 12:00:00 AM","2021-11-11 07:00:00","Health","https://www.medicinenet.com/script/main/art.asp?articlekey=266871","fc319e327c8de12c86c6fe2353a21597bfc8414a3a1c6e80f22960281c3e2cb7","72a9cf5654b7866e75c3b59cd401a47a"
"Nearly 900,000 U.S. Kids Under 12 Have Gotten Their First COVID Shot","MedicineNet","Title: Nearly 900,000 U.S. Kids Under 12 Have Gotten Their First COVID ShotCategory: Health NewsCreated: 11/10/2021 12:00:00 AMLast Editorial Review: 11/11/2021 12:00:00 AM","2021-11-12 07:00:00","Health","https://www.medicinenet.com/script/main/art.asp?articlekey=266940","fc319e327c8de12c86c6fe2353a21597bfc8414a3a1c6e80f22960281c3e2cb7","70b168e1a2b3d1f5839512d51d80c6f7"
"Many People May Be Eating Their Way to Dementia","MedicineNet","Title: Many People May Be Eating Their Way to DementiaCategory: Health NewsCreated: 11/11/2021 12:00:00 AMLast Editorial Review: 11/11/2021 12:00:00 AM","2021-11-12 07:00:00","Health","https://www.medicinenet.com/script/main/art.asp?articlekey=266974","fc319e327c8de12c86c6fe2353a21597bfc8414a3a1c6e80f22960281c3e2cb7","4039dd09b9b9f94c875216f7f58bbfb1"
"'Enriched' Baby Formula Won't Boost School Grades Later: Study","MedicineNet","Title: 'Enriched' Baby Formula Won't Boost School Grades Later: StudyCategory: Health NewsCreated: 11/11/2021 12:00:00 AMLast Editorial Review: 11/11/2021 12:00:00 AM","2021-11-12 07:00:00","Health","https://www.medicinenet.com/script/main/art.asp?articlekey=266973","fc319e327c8de12c86c6fe2353a21597bfc8414a3a1c6e80f22960281c3e2cb7","af889f07c2ea9181bf4847e43fde0d1a"
"Sexism May Play Role in Who Performs Your Surgery","MedicineNet","Title: Sexism May Play Role in Who Performs Your SurgeryCategory: Health NewsCreated: 11/11/2021 12:00:00 AMLast Editorial Review: 11/11/2021 12:00:00 AM","2021-11-12 07:00:00","Health","https://www.medicinenet.com/script/main/art.asp?articlekey=266972","fc319e327c8de12c86c6fe2353a21597bfc8414a3a1c6e80f22960281c3e2cb7","8b3c690f629879b2e5eb231d7cc376c8"
"Too Much Sitting May Be Bad for Your Mental Health","MedicineNet","Title: Too Much Sitting May Be Bad for Your Mental HealthCategory: Health NewsCreated: 11/11/2021 12:00:00 AMLast Editorial Review: 11/11/2021 12:00:00 AM","2021-11-12 07:00:00","Health","https://www.medicinenet.com/script/main/art.asp?articlekey=266971","fc319e327c8de12c86c6fe2353a21597bfc8414a3a1c6e80f22960281c3e2cb7","680b58a8fa2e91e1ba5b487fd90a7234"
"U.S. Sees Decline in Sepsis Deaths, But Some Americans More Vulnerable","MedicineNet","Title: U.S. Sees Decline in Sepsis Deaths, But Some Americans More VulnerableCategory: Health NewsCreated: 11/10/2021 12:00:00 AMLast Editorial Review: 11/11/2021 12:00:00 AM","2021-11-12 07:00:00","Health","https://www.medicinenet.com/script/main/art.asp?articlekey=266925","fc319e327c8de12c86c6fe2353a21597bfc8414a3a1c6e80f22960281c3e2cb7","4c42ea7ea32a1a56b37826b938c08770"
"In Canada, Ban on Menthol Cigarettes Had More Smokers Quitting","MedicineNet","Title: In Canada, Ban on Menthol Cigarettes Had More Smokers QuittingCategory: Health NewsCreated: 11/10/2021 12:00:00 AMLast Editorial Review: 11/11/2021 12:00:00 AM","2021-11-12 07:00:00","Health","https://www.medicinenet.com/script/main/art.asp?articlekey=266924","fc319e327c8de12c86c6fe2353a21597bfc8414a3a1c6e80f22960281c3e2cb7","abf66e9bdef57370d9ce1d61843adb55"
"AHA News: Exposure to Some Airborne Chemicals Found Indoors May Increase Blood Pressure","MedicineNet","Title: AHA News: Exposure to Some Airborne Chemicals Found Indoors May Increase Blood PressureCategory: Health NewsCreated: 11/10/2021 12:00:00 AMLast Editorial Review: 11/11/2021 12:00:00 AM","2021-11-12 07:00:00","Health","https://www.medicinenet.com/script/main/art.asp?articlekey=266918","fc319e327c8de12c86c6fe2353a21597bfc8414a3a1c6e80f22960281c3e2cb7","b6d530366df38f5575084a18aa6ac3bd"
"The Pandemic's Impact on Mental Health","MedicineNet","Title: The Pandemic's Impact on Mental HealthCategory: Health NewsCreated: 11/10/2021 12:00:00 AMLast Editorial Review: 11/11/2021 12:00:00 AM","2021-11-12 07:00:00","Health","https://www.medicinenet.com/script/main/art.asp?articlekey=266917","fc319e327c8de12c86c6fe2353a21597bfc8414a3a1c6e80f22960281c3e2cb7","f95ec4ad768e4b74b37d1eb324f760df"
"Placebo Effect Plays Big Role in Antidepressant's Impact on Anxiety: Study","MedicineNet","Title: Placebo Effect Plays Big Role in Antidepressant's Impact on Anxiety: StudyCategory: Health NewsCreated: 11/10/2021 12:00:00 AMLast Editorial Review: 11/11/2021 12:00:00 AM","2021-11-12 07:00:00","Health","https://www.medicinenet.com/script/main/art.asp?articlekey=266916","fc319e327c8de12c86c6fe2353a21597bfc8414a3a1c6e80f22960281c3e2cb7","e60ce8f0f609048ef876731e68088de2"
"Federal Judge Overturns Texas Ban on School Mask Mandates","MedicineNet","Title: Federal Judge Overturns Texas Ban on School Mask MandatesCategory: Health NewsCreated: 11/11/2021 12:00:00 AMLast Editorial Review: 11/11/2021 12:00:00 AM","2021-11-12 07:00:00","Health","https://www.medicinenet.com/script/main/art.asp?articlekey=266978","fc319e327c8de12c86c6fe2353a21597bfc8414a3a1c6e80f22960281c3e2cb7","d270d0918350a4a346af84a99ce05464"
"Measles Outbreak Threat After Missed Shots During Pandemic","MedicineNet","Title: Measles Outbreak Threat After Missed Shots During PandemicCategory: Health NewsCreated: 11/11/2021 12:00:00 AMLast Editorial Review: 11/11/2021 12:00:00 AM","2021-11-12 07:00:00","Health","https://www.medicinenet.com/script/main/art.asp?articlekey=266977","fc319e327c8de12c86c6fe2353a21597bfc8414a3a1c6e80f22960281c3e2cb7","7ce103d2c30a7a77df453acffa752ca5"
"Wealthier Parents More Likely to Get COVID Vaccines for Young Kids: Poll","MedicineNet","Title: Wealthier Parents More Likely to Get COVID Vaccines for Young Kids: PollCategory: Health NewsCreated: 11/11/2021 12:00:00 AMLast Editorial Review: 11/11/2021 12:00:00 AM","2021-11-12 07:00:00","Health","https://www.medicinenet.com/script/main/art.asp?articlekey=266976","fc319e327c8de12c86c6fe2353a21597bfc8414a3a1c6e80f22960281c3e2cb7","25519a0c0d2ec4e24b76379881ead96b"
"Vibration Therapy May Help Body, Mind in People With MS","MedicineNet","Title: Vibration Therapy May Help Body, Mind in People With MSCategory: Health NewsCreated: 11/11/2021 12:00:00 AMLast Editorial Review: 11/11/2021 12:00:00 AM","2021-11-12 07:00:00","Health","https://www.medicinenet.com/script/main/art.asp?articlekey=266975","fc319e327c8de12c86c6fe2353a21597bfc8414a3a1c6e80f22960281c3e2cb7","57120106e8026dc548935937905c99b5"
"White House Announces New Lung Health Program for U.S. Veterans","MedicineNet","Title: White House Announces New Lung Health Program for U.S. VeteransCategory: Health NewsCreated: 11/11/2021 12:00:00 AMLast Editorial Review: 11/12/2021 12:00:00 AM","2021-11-13 07:00:00","Health","https://www.medicinenet.com/script/main/art.asp?articlekey=266996","fc319e327c8de12c86c6fe2353a21597bfc8414a3a1c6e80f22960281c3e2cb7","e9f6b6eea9404ba311cb4f911f2f73d2"
"50 Years On, Real Progress in War Against Cancer","MedicineNet","Title: 50 Years On, Real Progress in War Against CancerCategory: Health NewsCreated: 11/11/2021 12:00:00 AMLast Editorial Review: 11/12/2021 12:00:00 AM","2021-11-13 07:00:00","Health","https://www.medicinenet.com/script/main/art.asp?articlekey=266987","fc319e327c8de12c86c6fe2353a21597bfc8414a3a1c6e80f22960281c3e2cb7","d15c279a59f172c7d14e1f5b95329212"
"People With Diabetes Less Likely to Spot Dangerous A-Fib: Study","MedicineNet","Title: People With Diabetes Less Likely to Spot Dangerous A-Fib: StudyCategory: Health NewsCreated: 11/12/2021 12:00:00 AMLast Editorial Review: 11/12/2021 12:00:00 AM","2021-11-13 07:00:00","Health","https://www.medicinenet.com/script/main/art.asp?articlekey=267022","fc319e327c8de12c86c6fe2353a21597bfc8414a3a1c6e80f22960281c3e2cb7","c85e4faef14b6ff574ea815519d8105d"
"Study Links Muscle Mass to Severity of Hot Flashes in Women","MedicineNet","Title: Study Links Muscle Mass to Severity of Hot Flashes in WomenCategory: Health NewsCreated: 11/12/2021 12:00:00 AMLast Editorial Review: 11/12/2021 12:00:00 AM","2021-11-13 07:00:00","Health","https://www.medicinenet.com/script/main/art.asp?articlekey=267021","fc319e327c8de12c86c6fe2353a21597bfc8414a3a1c6e80f22960281c3e2cb7","bf3d7f9b77a129f0d458d363e748ed0d"
"Child Nasal Swab Tests Conducted by Parent Yield Accurate Results: Study","MedicineNet","Title: Child Nasal Swab Tests Conducted by Parent Yield Accurate Results: StudyCategory: Health NewsCreated: 11/12/2021 12:00:00 AMLast Editorial Review: 11/12/2021 12:00:00 AM","2021-11-13 07:00:00","Health","https://www.medicinenet.com/script/main/art.asp?articlekey=267020","fc319e327c8de12c86c6fe2353a21597bfc8414a3a1c6e80f22960281c3e2cb7","88bc61eb60600ea70b692901cbb1caec"
"More Evidence That COVID Vaccines Are Safe for Cancer Patients","MedicineNet","Title: More Evidence That COVID Vaccines Are Safe for Cancer PatientsCategory: Health NewsCreated: 11/12/2021 12:00:00 AMLast Editorial Review: 11/12/2021 12:00:00 AM","2021-11-13 07:00:00","Health","https://www.medicinenet.com/script/main/art.asp?articlekey=267019","fc319e327c8de12c86c6fe2353a21597bfc8414a3a1c6e80f22960281c3e2cb7","9bfc6fd2f0ce4cf4f5384d8ed0a20acd"
"Alzheimer's Diagnosis May Come With Big Cost to Social Life","MedicineNet","Title: Alzheimer's Diagnosis May Come With Big Cost to Social LifeCategory: Health NewsCreated: 11/12/2021 12:00:00 AMLast Editorial Review: 11/12/2021 12:00:00 AM","2021-11-13 07:00:00","Health","https://www.medicinenet.com/script/main/art.asp?articlekey=267018","fc319e327c8de12c86c6fe2353a21597bfc8414a3a1c6e80f22960281c3e2cb7","93738ef6af108ef884b9b2e8d644d018"
"Exercise Helps Ease Arm, Shoulder Pain After Breast Cancer Surgery","MedicineNet","Title: Exercise Helps Ease Arm, Shoulder Pain After Breast Cancer SurgeryCategory: Health NewsCreated: 11/12/2021 12:00:00 AMLast Editorial Review: 11/12/2021 12:00:00 AM","2021-11-13 07:00:00","Health","https://www.medicinenet.com/script/main/art.asp?articlekey=267017","fc319e327c8de12c86c6fe2353a21597bfc8414a3a1c6e80f22960281c3e2cb7","f0f9a599db90c6ca786dd5022413030a"
"Weight-Loss Surgery Slashes Risk of Severe Liver Disease in the Obese: Study","MedicineNet","Title: Weight-Loss Surgery Slashes Risk of Severe Liver Disease in the Obese: StudyCategory: Health NewsCreated: 11/12/2021 12:00:00 AMLast Editorial Review: 11/12/2021 12:00:00 AM","2021-11-13 07:00:00","Health","https://www.medicinenet.com/script/main/art.asp?articlekey=267015","fc319e327c8de12c86c6fe2353a21597bfc8414a3a1c6e80f22960281c3e2cb7","bf4cc02f68298610d9288378c1665d0d"
"Adult 'Picky Eaters' on What Parents Did Right and Wrong","MedicineNet","Title: Adult 'Picky Eaters' on What Parents Did Right and WrongCategory: Health NewsCreated: 11/12/2021 12:00:00 AMLast Editorial Review: 11/12/2021 12:00:00 AM","2021-11-13 07:00:00","Health","https://www.medicinenet.com/script/main/art.asp?articlekey=267014","fc319e327c8de12c86c6fe2353a21597bfc8414a3a1c6e80f22960281c3e2cb7","dffb4a57cce0ead3492d96e63d94ca53"
"Mouse Study Points to Possible Breakthrough Against Spinal Cord Injury","MedicineNet","Title: Mouse Study Points to Possible Breakthrough Against Spinal Cord InjuryCategory: Health NewsCreated: 11/12/2021 12:00:00 AMLast Editorial Review: 11/12/2021 12:00:00 AM","2021-11-13 07:00:00","Health","https://www.medicinenet.com/script/main/art.asp?articlekey=267013","fc319e327c8de12c86c6fe2353a21597bfc8414a3a1c6e80f22960281c3e2cb7","2a89e17265acd2d97a71b4ef447e2ffc"
"AHA News: A Heart Researcher's Heart Stopped at a Restaurant. His Daughter's Coaches Saved Him.","MedicineNet","Title: AHA News: A Heart Researcher's Heart Stopped at a Restaurant. His Daughter's Coaches Saved Him.Category: Health NewsCreated: 11/11/2021 12:00:00 AMLast Editorial Review: 11/12/2021 12:00:00 AM","2021-11-13 07:00:00","Health","https://www.medicinenet.com/script/main/art.asp?articlekey=266986","fc319e327c8de12c86c6fe2353a21597bfc8414a3a1c6e80f22960281c3e2cb7","740cbde775a8d300ee930d8a57bb0d6c"
"Workers' Share of Annual Premium for Employer Health Plans Nears $6,000","MedicineNet","Title: Workers' Share of Annual Premium for Employer Health Plans Nears $6,000Category: Health NewsCreated: 11/11/2021 12:00:00 AMLast Editorial Review: 11/12/2021 12:00:00 AM","2021-11-13 07:00:00","Health","https://www.medicinenet.com/script/main/art.asp?articlekey=266985","fc319e327c8de12c86c6fe2353a21597bfc8414a3a1c6e80f22960281c3e2cb7","b6fd7073118c54f2b60afce72ea3ec1c"
"2 Million COVID Home Test Kits Recalled","MedicineNet","Title: 2 Million COVID Home Test Kits RecalledCategory: Health NewsCreated: 11/11/2021 12:00:00 AMLast Editorial Review: 11/12/2021 12:00:00 AM","2021-11-13 07:00:00","Health","https://www.medicinenet.com/script/main/art.asp?articlekey=266984","fc319e327c8de12c86c6fe2353a21597bfc8414a3a1c6e80f22960281c3e2cb7","6c4e1783955ea4372b4eb349d4a4cadd"
"Federal Court Backs Stay on COVID Vaccine Mandate","MedicineNet","Title: Federal Court Backs Stay on COVID Vaccine MandateCategory: Health NewsCreated: 11/15/2021 12:00:00 AMLast Editorial Review: 11/15/2021 12:00:00 AM","2021-11-16 07:00:00","Health","https://www.medicinenet.com/script/main/art.asp?articlekey=267051","fc319e327c8de12c86c6fe2353a21597bfc8414a3a1c6e80f22960281c3e2cb7","c33a1f910ce7a29fcc8076723217ed52"
"Drug Used to Prevent Miscarriage May Raise Lifetime Cancer Risk in Offspring","MedicineNet","Title: Drug Used to Prevent Miscarriage May Raise Lifetime Cancer Risk in OffspringCategory: Health NewsCreated: 11/15/2021 12:00:00 AMLast Editorial Review: 11/15/2021 12:00:00 AM","2021-11-16 07:00:00","Health","https://www.medicinenet.com/script/main/art.asp?articlekey=267049","fc319e327c8de12c86c6fe2353a21597bfc8414a3a1c6e80f22960281c3e2cb7","4f327d8bd50c8f619f6b6d5b4d0bc030"
"Your Morning Cup of Coffee Can Affect Your Heart's Rhythms","MedicineNet","Title: Your Morning Cup of Coffee Can Affect Your Heart's RhythmsCategory: Health NewsCreated: 11/15/2021 12:00:00 AMLast Editorial Review: 11/15/2021 12:00:00 AM","2021-11-16 07:00:00","Health","https://www.medicinenet.com/script/main/art.asp?articlekey=267048","fc319e327c8de12c86c6fe2353a21597bfc8414a3a1c6e80f22960281c3e2cb7","23bdfda36000670f794e0ca600e06adb"
"Feeling Nervous About Holiday Gatherings?","MedicineNet","Title: Feeling Nervous About Holiday Gatherings?Category: Health NewsCreated: 11/15/2021 12:00:00 AMLast Editorial Review: 11/15/2021 12:00:00 AM","2021-11-16 07:00:00","Health","https://www.medicinenet.com/script/main/art.asp?articlekey=267047","fc319e327c8de12c86c6fe2353a21597bfc8414a3a1c6e80f22960281c3e2cb7","71913bd6531cb8a9b79b4a5d03902558"
"Low-Dose CT Scans Can Diagnose Appendicitis","MedicineNet","Title: Low-Dose CT Scans Can Diagnose AppendicitisCategory: Health NewsCreated: 11/15/2021 12:00:00 AMLast Editorial Review: 11/15/2021 12:00:00 AM","2021-11-16 07:00:00","Health","https://www.medicinenet.com/script/main/art.asp?articlekey=267046","fc319e327c8de12c86c6fe2353a21597bfc8414a3a1c6e80f22960281c3e2cb7","9320cc997cce3b481649fb0486d18110"
"Trauma in Childhood Can Harm Health for a Lifetime: Study","MedicineNet","Title: Trauma in Childhood Can Harm Health for a Lifetime: StudyCategory: Health NewsCreated: 11/15/2021 12:00:00 AMLast Editorial Review: 11/15/2021 12:00:00 AM","2021-11-16 07:00:00","Health","https://www.medicinenet.com/script/main/art.asp?articlekey=267045","fc319e327c8de12c86c6fe2353a21597bfc8414a3a1c6e80f22960281c3e2cb7","6b130040e4113b6d97580a7b48bed72b"
"Long COVID Rare in College Athletes","MedicineNet","Title: Long COVID Rare in College AthletesCategory: Health NewsCreated: 11/15/2021 12:00:00 AMLast Editorial Review: 11/15/2021 12:00:00 AM","2021-11-16 07:00:00","Health","https://www.medicinenet.com/script/main/art.asp?articlekey=267044","fc319e327c8de12c86c6fe2353a21597bfc8414a3a1c6e80f22960281c3e2cb7","83e638e7383fc7f13c6824b563197ce0"
"Less Salt, More Potassium for a Healthier Heart: Study","MedicineNet","Title: Less Salt, More Potassium for a Healthier Heart: StudyCategory: Health NewsCreated: 11/15/2021 12:00:00 AMLast Editorial Review: 11/15/2021 12:00:00 AM","2021-11-16 07:00:00","Health","https://www.medicinenet.com/script/main/art.asp?articlekey=267043","fc319e327c8de12c86c6fe2353a21597bfc8414a3a1c6e80f22960281c3e2cb7","a19b8770c066115c9f6c368e44323b58"
"Exercise, Not Bed Rest, Can Speed Concussion Recovery","MedicineNet","Title: Exercise, Not Bed Rest, Can Speed Concussion RecoveryCategory: Health NewsCreated: 11/14/2021 12:00:00 AMLast Editorial Review: 11/15/2021 12:00:00 AM","2021-11-16 07:00:00","Health","https://www.medicinenet.com/script/main/art.asp?articlekey=267042","fc319e327c8de12c86c6fe2353a21597bfc8414a3a1c6e80f22960281c3e2cb7","ce267966eee499d1dbf0fa8d28a74e78"
"Are You at Risk for Pancreatic Cysts?","MedicineNet","Title: Are You at Risk for Pancreatic Cysts?Category: Health NewsCreated: 11/13/2021 12:00:00 AMLast Editorial Review: 11/15/2021 12:00:00 AM","2021-11-16 07:00:00","Health","https://www.medicinenet.com/script/main/art.asp?articlekey=267041","fc319e327c8de12c86c6fe2353a21597bfc8414a3a1c6e80f22960281c3e2cb7","0a61579d2c64bf075c3e8cc7607ec368"
"AHA News: Stroke Deaths Among Young Adults Hit Some Groups Harder Than Others","MedicineNet","Title: AHA News: Stroke Deaths Among Young Adults Hit Some Groups Harder Than OthersCategory: Health NewsCreated: 11/12/2021 12:00:00 AMLast Editorial Review: 11/15/2021 12:00:00 AM","2021-11-16 07:00:00","Health","https://www.medicinenet.com/script/main/art.asp?articlekey=267029","fc319e327c8de12c86c6fe2353a21597bfc8414a3a1c6e80f22960281c3e2cb7","67e3ae8b3c0915507a1a96cd98b7d18b"
"White House Expected to Name Former FDA Head Dr. Robert Califf to Lead Agency Again","MedicineNet","Title: White House Expected to Name Former FDA Head Dr. Robert Califf to Lead Agency AgainCategory: Health NewsCreated: 11/12/2021 12:00:00 AMLast Editorial Review: 11/15/2021 12:00:00 AM","2021-11-16 07:00:00","Health","https://www.medicinenet.com/script/main/art.asp?articlekey=267027","fc319e327c8de12c86c6fe2353a21597bfc8414a3a1c6e80f22960281c3e2cb7","08882f83b4aa5c896f86430eb2379ae9"
"Knowing Your A-Fib Triggers Could Help You Avoid It: Study","MedicineNet","Title: Knowing Your A-Fib Triggers Could Help You Avoid It: StudyCategory: Health NewsCreated: 11/15/2021 12:00:00 AMLast Editorial Review: 11/16/2021 12:00:00 AM","2021-11-17 07:00:00","Health","https://www.medicinenet.com/script/main/art.asp?articlekey=267070","fc319e327c8de12c86c6fe2353a21597bfc8414a3a1c6e80f22960281c3e2cb7","d960b022e4a19cac986a1a313a31fc0b"
"AHA News: Pfizer, Moderna Officials Review COVID-19 Vaccine Successes, Discuss Future for mRNA Tech","MedicineNet","Title: AHA News: Pfizer, Moderna Officials Review COVID-19 Vaccine Successes, Discuss Future for mRNA TechCategory: Health NewsCreated: 11/15/2021 12:00:00 AMLast Editorial Review: 11/16/2021 12:00:00 AM","2021-11-17 07:00:00","Health","https://www.medicinenet.com/script/main/art.asp?articlekey=267056","fc319e327c8de12c86c6fe2353a21597bfc8414a3a1c6e80f22960281c3e2cb7","28bd515fa903a6110e4712aebfccd65d"
"Pricey Alzheimer's Drug Drives Spike in Medicare B Premium: Officials","MedicineNet","Title: Pricey Alzheimer's Drug Drives Spike in Medicare B Premium: OfficialsCategory: Health NewsCreated: 11/15/2021 12:00:00 AMLast Editorial Review: 11/16/2021 12:00:00 AM","2021-11-17 07:00:00","Health","https://www.medicinenet.com/script/main/art.asp?articlekey=267055","fc319e327c8de12c86c6fe2353a21597bfc8414a3a1c6e80f22960281c3e2cb7","3811c4d2c8352d2f99bceb4a1fa2cbb9"
"Some Antidepressants May Reduce COVID-19 Severity","MedicineNet","Title: Some Antidepressants May Reduce COVID-19 SeverityCategory: Health NewsCreated: 11/15/2021 12:00:00 AMLast Editorial Review: 11/16/2021 12:00:00 AM","2021-11-17 07:00:00","Health","https://www.medicinenet.com/script/main/art.asp?articlekey=267076","fc319e327c8de12c86c6fe2353a21597bfc8414a3a1c6e80f22960281c3e2cb7","2dab2822b55f2d2efaa2fe9b90e12ca2"
"A Woman May Have Rid Herself Naturally of HIV -- But How?","MedicineNet","Title: A Woman May Have Rid Herself Naturally of HIV -- But How?Category: Health NewsCreated: 11/16/2021 12:00:00 AMLast Editorial Review: 11/16/2021 12:00:00 AM","2021-11-17 07:00:00","Health","https://www.medicinenet.com/script/main/art.asp?articlekey=267117","fc319e327c8de12c86c6fe2353a21597bfc8414a3a1c6e80f22960281c3e2cb7","d5e3a0752f09efe187d7a5e4630f0ae1"
"A Little Coffee May Be Healthy in Pregnancy","MedicineNet","Title: A Little Coffee May Be Healthy in PregnancyCategory: Health NewsCreated: 11/16/2021 12:00:00 AMLast Editorial Review: 11/16/2021 12:00:00 AM","2021-11-17 07:00:00","Health","https://www.medicinenet.com/script/main/art.asp?articlekey=267115","fc319e327c8de12c86c6fe2353a21597bfc8414a3a1c6e80f22960281c3e2cb7","3f446ec9ae0526ee76b2e30603f483fd"
"Cases of Children's Severe COVID-Linked Illness Were Worse in Second Wave","MedicineNet","Title: Cases of Children's Severe COVID-Linked Illness Were Worse in Second WaveCategory: Health NewsCreated: 11/16/2021 12:00:00 AMLast Editorial Review: 11/16/2021 12:00:00 AM","2021-11-17 07:00:00","Health","https://www.medicinenet.com/script/main/art.asp?articlekey=267114","fc319e327c8de12c86c6fe2353a21597bfc8414a3a1c6e80f22960281c3e2cb7","c497722aef94d5a7c74b5c80a23a4c4b"
"E. Coli Outbreak Linked to Spinach","MedicineNet","Title: E. Coli Outbreak Linked to SpinachCategory: Health NewsCreated: 11/16/2021 12:00:00 AMLast Editorial Review: 11/16/2021 12:00:00 AM","2021-11-17 07:00:00","Health","https://www.medicinenet.com/script/main/art.asp?articlekey=267113","fc319e327c8de12c86c6fe2353a21597bfc8414a3a1c6e80f22960281c3e2cb7","b0e64a8968bf78b4e39aba071d3be9a2"
"Salmonella Outbreak Linked to Salami Sticks Rises to 31 Cases in 10 States","MedicineNet","Title: Salmonella Outbreak Linked to Salami Sticks Rises to 31 Cases in 10 StatesCategory: Health NewsCreated: 11/16/2021 12:00:00 AMLast Editorial Review: 11/16/2021 12:00:00 AM","2021-11-17 07:00:00","Health","https://www.medicinenet.com/script/main/art.asp?articlekey=267112","fc319e327c8de12c86c6fe2353a21597bfc8414a3a1c6e80f22960281c3e2cb7","5dbbd911163404751ff5ee54bdafb803"
"Study Suggests a Better Blood Thinner Could Be Near","MedicineNet","Title: Study Suggests a Better Blood Thinner Could Be NearCategory: Health NewsCreated: 11/16/2021 12:00:00 AMLast Editorial Review: 11/16/2021 12:00:00 AM","2021-11-17 07:00:00","Health","https://www.medicinenet.com/script/main/art.asp?articlekey=267110","fc319e327c8de12c86c6fe2353a21597bfc8414a3a1c6e80f22960281c3e2cb7","ef324035a717084dc5f5f2464a164848"
"Face Masks Don't Hide Emotions From Kids: Study","MedicineNet","Title: Face Masks Don't Hide Emotions From Kids: StudyCategory: Health NewsCreated: 11/16/2021 12:00:00 AMLast Editorial Review: 11/16/2021 12:00:00 AM","2021-11-17 07:00:00","Health","https://www.medicinenet.com/script/main/art.asp?articlekey=267120","fc319e327c8de12c86c6fe2353a21597bfc8414a3a1c6e80f22960281c3e2cb7","961e1cd2440bebc07ce78c98c62fe6bf"
"Breast Cancer Diagnosis Linked to Higher Odds for Dangerous A-Fib","MedicineNet","Title: Breast Cancer Diagnosis Linked to Higher Odds for Dangerous A-FibCategory: Health NewsCreated: 11/16/2021 12:00:00 AMLast Editorial Review: 11/16/2021 12:00:00 AM","2021-11-17 07:00:00","Health","https://www.medicinenet.com/script/main/art.asp?articlekey=267119","fc319e327c8de12c86c6fe2353a21597bfc8414a3a1c6e80f22960281c3e2cb7","9b6b29dbbcc127d5371131e5b1d08a39"
"Pot Use in Pregnancy May Harm the Fetus","MedicineNet","Title: Pot Use in Pregnancy May Harm the FetusCategory: Health NewsCreated: 11/16/2021 12:00:00 AMLast Editorial Review: 11/16/2021 12:00:00 AM","2021-11-17 07:00:00","Health","https://www.medicinenet.com/script/main/art.asp?articlekey=267118","fc319e327c8de12c86c6fe2353a21597bfc8414a3a1c6e80f22960281c3e2cb7","e0a15b06475be842475148c570e13f6c"
"Lung Cancer Survival Continues to Improve, But Not for All","MedicineNet","Title: Lung Cancer Survival Continues to Improve, But Not for AllCategory: Health NewsCreated: 11/16/2021 12:00:00 AMLast Editorial Review: 11/17/2021 12:00:00 AM","2021-11-18 07:00:00","Health","https://www.medicinenet.com/script/main/art.asp?articlekey=267134","fc319e327c8de12c86c6fe2353a21597bfc8414a3a1c6e80f22960281c3e2cb7","d477c645f51dcf46beebe7cd870b0cac"
"Stem Cell Therapy Boosts Outcomes for Some Heart Failure Patients","MedicineNet","Title: Stem Cell Therapy Boosts Outcomes for Some Heart Failure PatientsCategory: Health NewsCreated: 11/16/2021 12:00:00 AMLast Editorial Review: 11/17/2021 12:00:00 AM","2021-11-18 07:00:00","Health","https://www.medicinenet.com/script/main/art.asp?articlekey=267130","fc319e327c8de12c86c6fe2353a21597bfc8414a3a1c6e80f22960281c3e2cb7","f5abf8d985745e81e295e12edbcb82f7"
"Everyday Household Noise Is Stressing Out Your Dog: Study","MedicineNet","Title: Everyday Household Noise Is Stressing Out Your Dog: StudyCategory: Health NewsCreated: 11/17/2021 12:00:00 AMLast Editorial Review: 11/17/2021 12:00:00 AM","2021-11-18 07:00:00","Health","https://www.medicinenet.com/script/main/art.asp?articlekey=267162","fc319e327c8de12c86c6fe2353a21597bfc8414a3a1c6e80f22960281c3e2cb7","2490e022fe7131a04189ff5515fb3bac"
"Most Older Adults Plan to Travel Soon, With Precautions: Poll","MedicineNet","Title: Most Older Adults Plan to Travel Soon, With Precautions: PollCategory: Health NewsCreated: 11/17/2021 12:00:00 AMLast Editorial Review: 11/17/2021 12:00:00 AM","2021-11-18 07:00:00","Health","https://www.medicinenet.com/script/main/art.asp?articlekey=267161","fc319e327c8de12c86c6fe2353a21597bfc8414a3a1c6e80f22960281c3e2cb7","156c92e1f0cf0ee7072ff4d75343d56d"
"Demand for Liver Transplant Rises Sharply Among Older Americans","MedicineNet","Title: Demand for Liver Transplant Rises Sharply Among Older AmericansCategory: Health NewsCreated: 11/17/2021 12:00:00 AMLast Editorial Review: 11/17/2021 12:00:00 AM","2021-11-18 07:00:00","Health","https://www.medicinenet.com/script/main/art.asp?articlekey=267160","fc319e327c8de12c86c6fe2353a21597bfc8414a3a1c6e80f22960281c3e2cb7","7fde60c2a031373c8369c52760162785"
"White House to Spend Billions to Boost COVID Vaccine Supply","MedicineNet","Title: White House to Spend Billions to Boost COVID Vaccine SupplyCategory: Health NewsCreated: 11/17/2021 12:00:00 AMLast Editorial Review: 11/17/2021 12:00:00 AM","2021-11-18 07:00:00","Health","https://www.medicinenet.com/script/main/art.asp?articlekey=267157","fc319e327c8de12c86c6fe2353a21597bfc8414a3a1c6e80f22960281c3e2cb7","4e77cec38ca5beeea9ca4169ff531122"
"FDA Could OK Pfizer's Booster Shots For All Adults This Week","MedicineNet","Title: FDA Could OK Pfizer's Booster Shots For All Adults This WeekCategory: Health NewsCreated: 11/17/2021 12:00:00 AMLast Editorial Review: 11/17/2021 12:00:00 AM","2021-11-18 07:00:00","Health","https://www.medicinenet.com/script/main/art.asp?articlekey=267156","fc319e327c8de12c86c6fe2353a21597bfc8414a3a1c6e80f22960281c3e2cb7","156da17e7aa07a30db483127507b4d65"
"HPV Vaccination Rises in States That Don't Require Parental Consent","MedicineNet","Title: HPV Vaccination Rises in States That Don't Require Parental ConsentCategory: Health NewsCreated: 11/17/2021 12:00:00 AMLast Editorial Review: 11/17/2021 12:00:00 AM","2021-11-18 07:00:00","Health","https://www.medicinenet.com/script/main/art.asp?articlekey=267165","fc319e327c8de12c86c6fe2353a21597bfc8414a3a1c6e80f22960281c3e2cb7","638ab1613a64906917c49cb0b28487e4"
"Grandmother's Brain In Sync With Her Grandkids': Study","MedicineNet","Title: Grandmother's Brain In Sync With Her Grandkids': StudyCategory: Health NewsCreated: 11/17/2021 12:00:00 AMLast Editorial Review: 11/17/2021 12:00:00 AM","2021-11-18 07:00:00","Health","https://www.medicinenet.com/script/main/art.asp?articlekey=267164","fc319e327c8de12c86c6fe2353a21597bfc8414a3a1c6e80f22960281c3e2cb7","d9506fd289baa5ba97684750478c1353"
"Too Often, Fatal Heart Attack or Stroke Is First Sign of Heart Trouble in Smokers","MedicineNet","Title: Too Often, Fatal Heart Attack or Stroke Is First Sign of Heart Trouble in SmokersCategory: Health NewsCreated: 11/17/2021 12:00:00 AMLast Editorial Review: 11/17/2021 12:00:00 AM","2021-11-18 07:00:00","Health","https://www.medicinenet.com/script/main/art.asp?articlekey=267163","fc319e327c8de12c86c6fe2353a21597bfc8414a3a1c6e80f22960281c3e2cb7","a0996be9daeb2792f11622147c507402"
"Pfizer COVID Antiviral Pill Goes to FDA for Approval","MedicineNet","Title: Pfizer COVID Antiviral Pill Goes to FDA for ApprovalCategory: Health NewsCreated: 11/16/2021 12:00:00 AMLast Editorial Review: 11/17/2021 12:00:00 AM","2021-11-18 07:00:00","Health","https://www.medicinenet.com/script/main/art.asp?articlekey=267141","fc319e327c8de12c86c6fe2353a21597bfc8414a3a1c6e80f22960281c3e2cb7","3be2dcb363314d7d5f0c94a511984d96"
"Is 10,000 Steps Really a Magic Number for Health?","MedicineNet","Title: Is 10,000 Steps Really a Magic Number for Health?Category: Health NewsCreated: 11/16/2021 12:00:00 AMLast Editorial Review: 11/17/2021 12:00:00 AM","2021-11-18 07:00:00","Health","https://www.medicinenet.com/script/main/art.asp?articlekey=267125","fc319e327c8de12c86c6fe2353a21597bfc8414a3a1c6e80f22960281c3e2cb7","5f30d22d5ab64934d3b8e6d338fb7121"
"Better Work Conditions Bringing Better Mental Health to Resident Doctors: Study","MedicineNet","Title: Better Work Conditions Bringing Better Mental Health to Resident Doctors: StudyCategory: Health NewsCreated: 11/16/2021 12:00:00 AMLast Editorial Review: 11/17/2021 12:00:00 AM","2021-11-18 07:00:00","Health","https://www.medicinenet.com/script/main/art.asp?articlekey=267124","fc319e327c8de12c86c6fe2353a21597bfc8414a3a1c6e80f22960281c3e2cb7","46c05dd1c37d465c95f9a6de7aea03a3"
"Pfizer COVID Pill to Be Made, Sold Cheaply in 95 Poor Countries","MedicineNet","Title: Pfizer COVID Pill to Be Made, Sold Cheaply in 95 Poor CountriesCategory: Health NewsCreated: 11/16/2021 12:00:00 AMLast Editorial Review: 11/17/2021 12:00:00 AM","2021-11-18 07:00:00","Health","https://www.medicinenet.com/script/main/art.asp?articlekey=267123","fc319e327c8de12c86c6fe2353a21597bfc8414a3a1c6e80f22960281c3e2cb7","9912a9070cba32433ae45ca493b5e945"
"Nearly 10% of Younger Kids Have Gotten First COVID Vaccine Dose","MedicineNet","Title: Nearly 10% of Younger Kids Have Gotten First COVID Vaccine DoseCategory: Health NewsCreated: 11/18/2021 12:00:00 AMLast Editorial Review: 11/18/2021 12:00:00 AM","2021-11-19 07:00:00","Health","https://www.medicinenet.com/script/main/art.asp?articlekey=267231","fc319e327c8de12c86c6fe2353a21597bfc8414a3a1c6e80f22960281c3e2cb7","c8180ee78bf43dd6e95f3c2d467e7d21"
"Gene Therapy May Reverse Hurler Syndrome, a Rare and Severe Illness in Kids","MedicineNet","Title: Gene Therapy May Reverse Hurler Syndrome, a Rare and Severe Illness in KidsCategory: Health NewsCreated: 11/18/2021 12:00:00 AMLast Editorial Review: 11/18/2021 12:00:00 AM","2021-11-19 07:00:00","Health","https://www.medicinenet.com/script/main/art.asp?articlekey=267229","fc319e327c8de12c86c6fe2353a21597bfc8414a3a1c6e80f22960281c3e2cb7","4bd1610c32c0e866b213d78153cea123"
"Moderna Asks FDA to OK Its Booster Shot for All Adults","MedicineNet","Title: Moderna Asks FDA to OK Its Booster Shot for All AdultsCategory: Health NewsCreated: 11/18/2021 12:00:00 AMLast Editorial Review: 11/18/2021 12:00:00 AM","2021-11-19 07:00:00","Health","https://www.medicinenet.com/script/main/art.asp?articlekey=267228","fc319e327c8de12c86c6fe2353a21597bfc8414a3a1c6e80f22960281c3e2cb7","9daba870ed1204c96d0e882adb6a3619"
"Protecting Your Skin From Sun Won't Weaken Your Bones: Study","MedicineNet","Title: Protecting Your Skin From Sun Won't Weaken Your Bones: StudyCategory: Health NewsCreated: 11/18/2021 12:00:00 AMLast Editorial Review: 11/18/2021 12:00:00 AM","2021-11-19 07:00:00","Health","https://www.medicinenet.com/script/main/art.asp?articlekey=267227","fc319e327c8de12c86c6fe2353a21597bfc8414a3a1c6e80f22960281c3e2cb7","ab210a03c1adcc9d642a540e6239570a"
"Vaccinated Health Care Workers Shed Less COVID-19 Virus Than Unvaccinated","MedicineNet","Title: Vaccinated Health Care Workers Shed Less COVID-19 Virus Than UnvaccinatedCategory: Health NewsCreated: 11/18/2021 12:00:00 AMLast Editorial Review: 11/18/2021 12:00:00 AM","2021-11-19 07:00:00","Health","https://www.medicinenet.com/script/main/art.asp?articlekey=267226","fc319e327c8de12c86c6fe2353a21597bfc8414a3a1c6e80f22960281c3e2cb7","ab78f6c565cf1da3e41da84592beb17b"
"Nearly 1 in 3 U.S. Hospital Personnel Still Unvaccinated","MedicineNet","Title: Nearly 1 in 3 U.S. Hospital Personnel Still UnvaccinatedCategory: Health NewsCreated: 11/18/2021 12:00:00 AMLast Editorial Review: 11/18/2021 12:00:00 AM","2021-11-19 07:00:00","Health","https://www.medicinenet.com/script/main/art.asp?articlekey=267225","fc319e327c8de12c86c6fe2353a21597bfc8414a3a1c6e80f22960281c3e2cb7","99515c935e1deae50be2b6589dbdd146"
"Vials With Smallpox Labels Found at Vaccine Lab in Pennsylvania: CDC","MedicineNet","Title: Vials With Smallpox Labels Found at Vaccine Lab in Pennsylvania: CDCCategory: Health NewsCreated: 11/18/2021 12:00:00 AMLast Editorial Review: 11/18/2021 12:00:00 AM","2021-11-19 07:00:00","Health","https://www.medicinenet.com/script/main/art.asp?articlekey=267224","fc319e327c8de12c86c6fe2353a21597bfc8414a3a1c6e80f22960281c3e2cb7","5b5185bed5dcff1275bbe5d25923711d"
"Gene Therapy Could Be Big Advance Against Hemophilia","MedicineNet","Title: Gene Therapy Could Be Big Advance Against HemophiliaCategory: Health NewsCreated: 11/18/2021 12:00:00 AMLast Editorial Review: 11/18/2021 12:00:00 AM","2021-11-19 07:00:00","Health","https://www.medicinenet.com/script/main/art.asp?articlekey=267232","fc319e327c8de12c86c6fe2353a21597bfc8414a3a1c6e80f22960281c3e2cb7","40ad5166a68329b6da8009ee8ea83c3f"
"Over 100,000 Americans Died From Drug Overdoses in One Year: Report","MedicineNet","Title: Over 100,000 Americans Died From Drug Overdoses in One Year: ReportCategory: Health NewsCreated: 11/17/2021 12:00:00 AMLast Editorial Review: 11/18/2021 12:00:00 AM","2021-11-19 07:00:00","Health","https://www.medicinenet.com/script/main/art.asp?articlekey=267189","fc319e327c8de12c86c6fe2353a21597bfc8414a3a1c6e80f22960281c3e2cb7","e52df74c89f9f1377f07fd91571e2055"
"Could These Drinks Lower Your Odds for Dementia and Stroke?","MedicineNet","Title: Could These Drinks Lower Your Odds for Dementia and Stroke?Category: Health NewsCreated: 11/17/2021 12:00:00 AMLast Editorial Review: 11/18/2021 12:00:00 AM","2021-11-19 07:00:00","Health","https://www.medicinenet.com/script/main/art.asp?articlekey=267184","fc319e327c8de12c86c6fe2353a21597bfc8414a3a1c6e80f22960281c3e2cb7","3675076eb37b7a8407d5112cf8a196f3"
"Case of Monkeypox in a Traveler From Nigeria","MedicineNet","Title: Case of Monkeypox in a Traveler From NigeriaCategory: Health NewsCreated: 11/17/2021 12:00:00 AMLast Editorial Review: 11/18/2021 12:00:00 AM","2021-11-19 07:00:00","Health","https://www.medicinenet.com/script/main/art.asp?articlekey=267183","fc319e327c8de12c86c6fe2353a21597bfc8414a3a1c6e80f22960281c3e2cb7","2aae4a5d4443e0ec894c8d87c77aaa34"
"FDA OKs Virtual Reality System to Ease Back Pain","MedicineNet","Title: FDA OKs Virtual Reality System to Ease Back PainCategory: Health NewsCreated: 11/17/2021 12:00:00 AMLast Editorial Review: 11/18/2021 12:00:00 AM","2021-11-19 07:00:00","Health","https://www.medicinenet.com/script/main/art.asp?articlekey=267173","fc319e327c8de12c86c6fe2353a21597bfc8414a3a1c6e80f22960281c3e2cb7","e3b9e3538bac50ea616a44fa2d19404d"
"Coming Soon: A Wearable Device to Predict Epileptic Seizures","MedicineNet","Title: Coming Soon: A Wearable Device to Predict Epileptic SeizuresCategory: Health NewsCreated: 11/17/2021 12:00:00 AMLast Editorial Review: 11/18/2021 12:00:00 AM","2021-11-19 07:00:00","Health","https://www.medicinenet.com/script/main/art.asp?articlekey=267172","fc319e327c8de12c86c6fe2353a21597bfc8414a3a1c6e80f22960281c3e2cb7","c3339afb1f81fa3701b57e4bf5af6da5"
"AHA News: Family-Based Programs Targeting Childhood Obesity Can Be Good for Parents, Too","MedicineNet","Title: AHA News: Family-Based Programs Targeting Childhood Obesity Can Be Good for Parents, TooCategory: Health NewsCreated: 11/17/2021 12:00:00 AMLast Editorial Review: 11/18/2021 12:00:00 AM","2021-11-19 07:00:00","Health","https://www.medicinenet.com/script/main/art.asp?articlekey=267169","fc319e327c8de12c86c6fe2353a21597bfc8414a3a1c6e80f22960281c3e2cb7","9f0d972f4759c45338e660f390eb9acf"
"Trial Begins of Nasal Vaccine for Alzheimer's Disease","MedicineNet","Title: Trial Begins of Nasal Vaccine for Alzheimer's DiseaseCategory: Health NewsCreated: 11/17/2021 12:00:00 AMLast Editorial Review: 11/18/2021 12:00:00 AM","2021-11-19 07:00:00","Health","https://www.medicinenet.com/script/main/art.asp?articlekey=267168","fc319e327c8de12c86c6fe2353a21597bfc8414a3a1c6e80f22960281c3e2cb7","48b54a34bc6c76ec4900aec859b7f1bb"
