"Post-Infection COVID-19 Antibodies Last at Least 10 Months, New Evidence Suggests","ScienceAlert","We need to know.","2021-11-01 17:00:01","Science","https://www.sciencealert.com/covid-19-antibodies-last-at-least-10-months-in-infected-people-evidence-suggests?utm_source=feedburner&utm_medium=feed&utm_campaign=Feed%3A+sciencealert-latestnews+%28ScienceAlert-Latest%29","ff7fbb2c5e6e827025e498ce5f3f2eb8411b1e8b9f0e969490d5d783e88ccfcc","ff5d7c3230189f74e029bb134a3deec0"
"Nearly 90% of Human Genes Are Mentioned in Cancer Studies, And That's a Problem","ScienceAlert","Here's why.","2021-11-01 05:53:04","Science","https://www.sciencealert.com/nearly-9-out-of-10-genes-are-mentioned-in-cancer-studies-and-that-s-a-problem?utm_source=feedburner&utm_medium=feed&utm_campaign=Feed%3A+sciencealert-latestnews+%28ScienceAlert-Latest%29","ff7fbb2c5e6e827025e498ce5f3f2eb8411b1e8b9f0e969490d5d783e88ccfcc","af6c3b1a20cf381dc87d88886b71f079"
"'Extreme Morphologies' in Ancient Insects Show How Little We Know Them at All","ScienceAlert","Like aliens trapped in time.","2021-11-01 05:13:18","Science","https://www.sciencealert.com/extreme-morphologies-in-ancient-insects-show-how-little-we-know-them-at-all?utm_source=feedburner&utm_medium=feed&utm_campaign=Feed%3A+sciencealert-latestnews+%28ScienceAlert-Latest%29","ff7fbb2c5e6e827025e498ce5f3f2eb8411b1e8b9f0e969490d5d783e88ccfcc","47de549fed40bf919e0369d9c3b3be73"
"Needle-Free Vaccine Patches Are Just a Matter of Time Now, Latest Results Indicate","ScienceAlert","No more tears!","2021-11-01 04:43:37","Science","https://www.sciencealert.com/new-mouse-study-suggests-needle-free-vaccine-patch-should-be-coming-very-soon?utm_source=feedburner&utm_medium=feed&utm_campaign=Feed%3A+sciencealert-latestnews+%28ScienceAlert-Latest%29","ff7fbb2c5e6e827025e498ce5f3f2eb8411b1e8b9f0e969490d5d783e88ccfcc","7ea72516c2aba9730c93ff66964154ca"
"Human Birth Canals Are Seriously Twisted. Researchers Think They've Figured Out Why","ScienceAlert","Dangerous but necessary.","2021-11-01 01:39:19","Science","https://www.sciencealert.com/human-birth-is-seriously-twisted-researchers-think-they-ve-figured-out-why?utm_source=feedburner&utm_medium=feed&utm_campaign=Feed%3A+sciencealert-latestnews+%28ScienceAlert-Latest%29","ff7fbb2c5e6e827025e498ce5f3f2eb8411b1e8b9f0e969490d5d783e88ccfcc","22b32bf23e4c4fe52eafa72857f808b0"
"The Largest Climate Summit in Years Just Started in Glasgow. Here's What to Expect","ScienceAlert","This could make or break our planet.","2021-11-01 00:50:37","Science","https://www.sciencealert.com/the-biggest-climate-conference-in-years-has-just-begun-in-glasgow-here-s-what-to-expect?utm_source=feedburner&utm_medium=feed&utm_campaign=Feed%3A+sciencealert-latestnews+%28ScienceAlert-Latest%29","ff7fbb2c5e6e827025e498ce5f3f2eb8411b1e8b9f0e969490d5d783e88ccfcc","6858aa2be2095b840fc74301aafcccfb"
"These Scientists Mapped Every Large Solar Plant on The Planet, With Brilliant Results","ScienceAlert","This has never been done before.","2021-10-31 23:44:28","Science","https://www.sciencealert.com/we-mapped-every-large-solar-plant-on-the-planet-here-s-what-we-found?utm_source=feedburner&utm_medium=feed&utm_campaign=Feed%3A+sciencealert-latestnews+%28ScienceAlert-Latest%29","ff7fbb2c5e6e827025e498ce5f3f2eb8411b1e8b9f0e969490d5d783e88ccfcc","1e5afac201284a9275974da332a87d62"
"Mouse Study Hints at How Air Pollution Might Impact a Mammal's Sperm","ScienceAlert","It involves the brain.","2021-10-31 17:00:28","Science","https://www.sciencealert.com/mouse-study-demonstrates-how-air-pollution-might-impact-a-mammal-s-sperm?utm_source=feedburner&utm_medium=feed&utm_campaign=Feed%3A+sciencealert-latestnews+%28ScienceAlert-Latest%29","ff7fbb2c5e6e827025e498ce5f3f2eb8411b1e8b9f0e969490d5d783e88ccfcc","1a0a45b741876cd61900656366c4508a"
"What's Behind The Strange Drop in American Body Temperatures Over The Past 200 Years?","ScienceAlert","You're cooler than you think.","2021-10-31 05:00:19","Science","https://www.sciencealert.com/the-strange-drop-in-american-body-temperatures-might-have-to-do-with-physical-activity?utm_source=feedburner&utm_medium=feed&utm_campaign=Feed%3A+sciencealert-latestnews+%28ScienceAlert-Latest%29","ff7fbb2c5e6e827025e498ce5f3f2eb8411b1e8b9f0e969490d5d783e88ccfcc","c96855f4e4c11e3ea017f36c68570cb5"
"US Gun Violence Rose 30% During The Pandemic, And Families Were in The Line of Fire","ScienceAlert","More stress for the healthcare system.","2021-10-31 02:00:11","Science","https://www.sciencealert.com/us-gun-violence-rose-30-during-the-pandemic-putting-more-stress-on-the-healthcare-system?utm_source=feedburner&utm_medium=feed&utm_campaign=Feed%3A+sciencealert-latestnews+%28ScienceAlert-Latest%29","ff7fbb2c5e6e827025e498ce5f3f2eb8411b1e8b9f0e969490d5d783e88ccfcc","8dd8cf8428615ee4d94c39c36e80409e"
"Researchers Are Figuring Out Why Some People Can 'Hear' The Voices of The Dead","ScienceAlert","Haunting.","2021-10-31 00:00:01","Science","https://www.sciencealert.com/researchers-are-figuring-out-why-some-people-can-hear-the-voices-of-the-dead?utm_source=feedburner&utm_medium=feed&utm_campaign=Feed%3A+sciencealert-latestnews+%28ScienceAlert-Latest%29","ff7fbb2c5e6e827025e498ce5f3f2eb8411b1e8b9f0e969490d5d783e88ccfcc","44ceef27b5b445ec34c5639c2afd5ce1"
"Analysis of Mummy May Completely Rewrite The History of Ancient Egyptian Mummification","ScienceAlert","Secrets from the past.","2021-10-30 22:00:02","Science","https://www.sciencealert.com/analysis-of-ancient-egyptian-mummy-may-completely-rewrite-the-history-of-mummification?utm_source=feedburner&utm_medium=feed&utm_campaign=Feed%3A+sciencealert-latestnews+%28ScienceAlert-Latest%29","ff7fbb2c5e6e827025e498ce5f3f2eb8411b1e8b9f0e969490d5d783e88ccfcc","8a3545578eaf0f06a18d72bbd5235793"
"Physicists Set a Record by Measuring Time Distortion Across a Single Millimeter","ScienceAlert","Utterly mind-blowing.","2021-10-30 20:00:50","Science","https://www.sciencealert.com/physicists-set-a-record-in-measuring-the-distortion-in-time-across-a-single-millimeter?utm_source=feedburner&utm_medium=feed&utm_campaign=Feed%3A+sciencealert-latestnews+%28ScienceAlert-Latest%29","ff7fbb2c5e6e827025e498ce5f3f2eb8411b1e8b9f0e969490d5d783e88ccfcc","e6c64728c8657b0f398fd03624770013"
"Condors Had 'Virgin Births' Despite Having Access to Fertile Mates, a First For Birds","ScienceAlert","They did it by themselves.","2021-10-30 17:00:00","Science","https://www.sciencealert.com/2-california-condors-had-virgin-births-even-though-they-had-access-to-fertile-mates?utm_source=feedburner&utm_medium=feed&utm_campaign=Feed%3A+sciencealert-latestnews+%28ScienceAlert-Latest%29","ff7fbb2c5e6e827025e498ce5f3f2eb8411b1e8b9f0e969490d5d783e88ccfcc","bb284fcdb04806ac8315b61bf8852877"
"Researchers Relied on Unexpected Sources to Help Map 3,000 Years of Aurora Movement","ScienceAlert","Knowledge is everywhere.","2021-10-30 05:01:00","Science","https://www.sciencealert.com/literature-and-science-come-together-to-map-3-000-years-of-aurora-movement?utm_source=feedburner&utm_medium=feed&utm_campaign=Feed%3A+sciencealert-latestnews+%28ScienceAlert-Latest%29","ff7fbb2c5e6e827025e498ce5f3f2eb8411b1e8b9f0e969490d5d783e88ccfcc","2c86de19b79cf9aeb2bd0757387f927b"
"Pandas' Iconic Colors Turn Out to Be Good For Something Aside From Looking Cute","ScienceAlert","Everything has a purpose.","2021-10-30 02:00:16","Science","https://www.sciencealert.com/the-panda-s-famous-colors-are-actually-a-very-effective-form-of-camouflage?utm_source=feedburner&utm_medium=feed&utm_campaign=Feed%3A+sciencealert-latestnews+%28ScienceAlert-Latest%29","ff7fbb2c5e6e827025e498ce5f3f2eb8411b1e8b9f0e969490d5d783e88ccfcc","97e7e86b5bb7edb6e68d5bebf3a15570"
"Microscopic Nanotech Color Slides Could Change How We Identify Disease","ScienceAlert","Beautiful but potentially deadly.","2021-10-30 00:01:21","Science","https://www.sciencealert.com/microscopic-nanotech-color-slides-could-change-how-we-identify-disease?utm_source=feedburner&utm_medium=feed&utm_campaign=Feed%3A+sciencealert-latestnews+%28ScienceAlert-Latest%29","ff7fbb2c5e6e827025e498ce5f3f2eb8411b1e8b9f0e969490d5d783e88ccfcc","4808138c39c03220a447cb44e2c31bcf"
"No Tricks, Only Treats: Huge Solar Flare May Mean Super-Charged Auroras For Halloween","ScienceAlert","Watch the skies!","2021-10-29 22:00:17","Science","https://www.sciencealert.com/no-trick-only-treat-huge-solar-flare-could-mean-super-charged-auroras-northern-lights-for-halloween?utm_source=feedburner&utm_medium=feed&utm_campaign=Feed%3A+sciencealert-latestnews+%28ScienceAlert-Latest%29","ff7fbb2c5e6e827025e498ce5f3f2eb8411b1e8b9f0e969490d5d783e88ccfcc","a6204920e9077d1772b411b0947e62e8"
"Sun-Powered Prototypes That Harvest Water From The Air Could Help Billions of People","ScienceAlert","This could literally save lives.","2021-10-29 20:01:52","Science","https://www.sciencealert.com/prototypes-that-harvest-water-from-the-air-have-potential-to-hydrate-a-billion-people?utm_source=feedburner&utm_medium=feed&utm_campaign=Feed%3A+sciencealert-latestnews+%28ScienceAlert-Latest%29","ff7fbb2c5e6e827025e498ce5f3f2eb8411b1e8b9f0e969490d5d783e88ccfcc","a36aecf7686ed70fa8ab5e24c45e0704"
"PTSD-Like Symptoms Fluctuate Across The Menstrual Cycle, Study Finds","ScienceAlert","This is important.","2021-10-29 17:00:01","Science","https://www.sciencealert.com/ptsd-like-symptoms-fluctuate-across-the-menstrual-cycle?utm_source=feedburner&utm_medium=feed&utm_campaign=Feed%3A+sciencealert-latestnews+%28ScienceAlert-Latest%29","ff7fbb2c5e6e827025e498ce5f3f2eb8411b1e8b9f0e969490d5d783e88ccfcc","77deceb558117b144db13fd95c35abd9"
"Humans Have Compressed Millions of Years of Natural Change Into Mere Centuries","ScienceAlert","Here's what it's costing us.","2021-11-02 06:30:59","Science","https://www.sciencealert.com/humans-have-compressed-millions-of-years-of-natural-change-into-mere-centuries?utm_source=feedburner&utm_medium=feed&utm_campaign=Feed%3A+sciencealert-latestnews+%28ScienceAlert-Latest%29","ff7fbb2c5e6e827025e498ce5f3f2eb8411b1e8b9f0e969490d5d783e88ccfcc","e479300d38afe113983981f40100e159"
"New Study Reveals Zinc Really Might Help Treat a Cold, But There's a Catch","ScienceAlert","Important to know.","2021-11-02 06:18:19","Science","https://www.sciencealert.com/zinc-is-back-in-the-light-as-a-potential-for-treating-respiratory-infections?utm_source=feedburner&utm_medium=feed&utm_campaign=Feed%3A+sciencealert-latestnews+%28ScienceAlert-Latest%29","ff7fbb2c5e6e827025e498ce5f3f2eb8411b1e8b9f0e969490d5d783e88ccfcc","21429c2bf41f9c9aa3a86038aaeb57a6"
"'Genetic Goldmine' in Earth's Harshest Desert Could Be The Key to Feeding The Future","ScienceAlert","The secret of life in a place of death.","2021-11-02 05:35:31","Science","https://www.sciencealert.com/genetic-goldmine-in-earth-s-harshest-desert-could-be-the-key-to-feeding-the-future?utm_source=feedburner&utm_medium=feed&utm_campaign=Feed%3A+sciencealert-latestnews+%28ScienceAlert-Latest%29","ff7fbb2c5e6e827025e498ce5f3f2eb8411b1e8b9f0e969490d5d783e88ccfcc","18c1f2fda7b252dfea81862db366460e"
"Past 7 Years in a Row Were Hottest on Record, Harrowing WMO Report Confirms","ScienceAlert","Send this to everyone you know.","2021-11-02 01:33:03","Science","https://www.sciencealert.com/provisional-un-report-confirms-past-7-years-have-been-the-warmest-on-record?utm_source=feedburner&utm_medium=feed&utm_campaign=Feed%3A+sciencealert-latestnews+%28ScienceAlert-Latest%29","ff7fbb2c5e6e827025e498ce5f3f2eb8411b1e8b9f0e969490d5d783e88ccfcc","5a7f8848b20ab7aad31716d989a143bd"
"New Horrifying Secrets of Peru's Ancient Civilizations Unearthed in The Andes","ScienceAlert","These aren't just any sacrifices.","2021-11-02 00:23:24","Science","https://www.sciencealert.com/andes-mountains-reveals-horrifying-secrets-of-peru-s-ancient-civilizations?utm_source=feedburner&utm_medium=feed&utm_campaign=Feed%3A+sciencealert-latestnews+%28ScienceAlert-Latest%29","ff7fbb2c5e6e827025e498ce5f3f2eb8411b1e8b9f0e969490d5d783e88ccfcc","450b417c0d73469a671d1fff70caa246"
"An Undisclosed 'Medical Issue' Just Delayed The Next Crewed SpaceX Launch","ScienceAlert","Huh.","2021-11-01 23:30:07","Science","https://www.sciencealert.com/an-undisclosed-medical-issue-just-delayed-the-next-crewed-spacex-launch?utm_source=feedburner&utm_medium=feed&utm_campaign=Feed%3A+sciencealert-latestnews+%28ScienceAlert-Latest%29","ff7fbb2c5e6e827025e498ce5f3f2eb8411b1e8b9f0e969490d5d783e88ccfcc","ea0fd4fa73ee1d1b3ca52ddc59834d0a"
"Achieving Type 2 Diabetes Reversal Seems Way More Common Than Scientists Realized","ScienceAlert","You've got this.","2021-11-02 18:00:01","Science","https://www.sciencealert.com/reversing-type-2-diabetes-seems-to-be-more-common-than-scientists-realized?utm_source=feedburner&utm_medium=feed&utm_campaign=Feed%3A+sciencealert-latestnews+%28ScienceAlert-Latest%29","ff7fbb2c5e6e827025e498ce5f3f2eb8411b1e8b9f0e969490d5d783e88ccfcc","ba8cc70952a317ea5719a748b40cdef0"
"These Theoretical Black Holes Could Erase Your Past And Mess With Your Future","ScienceAlert","Hello darkness, my old friend.","2021-11-03 06:36:11","Science","https://www.sciencealert.com/theoretical-black-holes-may-be-able-to-erase-your-past-and-mess-with-your-future?utm_source=feedburner&utm_medium=feed&utm_campaign=Feed%3A+sciencealert-latestnews+%28ScienceAlert-Latest%29","ff7fbb2c5e6e827025e498ce5f3f2eb8411b1e8b9f0e969490d5d783e88ccfcc","41ce81f2030ee16594586ffcec09615f"
"'Tools' Suggesting Humans Reached Mexico 30,000 Years Ago May Not Be What They Seem","ScienceAlert","A spicy debate!","2021-11-03 06:25:12","Science","https://www.sciencealert.com/tools-suggesting-humans-reached-mexico-30-000-years-ago-may-just-be-rocks?utm_source=feedburner&utm_medium=feed&utm_campaign=Feed%3A+sciencealert-latestnews+%28ScienceAlert-Latest%29","ff7fbb2c5e6e827025e498ce5f3f2eb8411b1e8b9f0e969490d5d783e88ccfcc","6713f24568bd95330e1097746f95147f"
"Mysterious Shards of Glass Are Strewn Across Miles of Desert, And We Finally Know Why","ScienceAlert","It's not the first time we've seen this.","2021-11-03 05:45:10","Science","https://www.sciencealert.com/mysterious-shards-of-glass-are-strewn-across-miles-of-desert-and-we-finally-know-why?utm_source=feedburner&utm_medium=feed&utm_campaign=Feed%3A+sciencealert-latestnews+%28ScienceAlert-Latest%29","ff7fbb2c5e6e827025e498ce5f3f2eb8411b1e8b9f0e969490d5d783e88ccfcc","24c37bcb0c5c205986413724859e5089"
"New Study Explains Why Dogs Do The Head Tilt, And It's Honestly Too Cute to Handle","ScienceAlert","Awwwwww.","2021-11-03 05:29:37","Science","https://www.sciencealert.com/new-study-explains-why-dogs-do-the-head-tilt-and-it-s-honestly-too-cute-to-handle?utm_source=feedburner&utm_medium=feed&utm_campaign=Feed%3A+sciencealert-latestnews+%28ScienceAlert-Latest%29","ff7fbb2c5e6e827025e498ce5f3f2eb8411b1e8b9f0e969490d5d783e88ccfcc","3ebca08c05973009e3484730dd7230b3"
"'Useless Specks of Dust' Turn Out to Be Building Blocks of All Vertebrate Genomes","ScienceAlert","Ancient and strange.","2021-11-03 01:39:24","Science","https://www.sciencealert.com/useless-specks-of-dust-turn-out-to-be-ancient-building-blocks-of-all-vertebrate-genomes?utm_source=feedburner&utm_medium=feed&utm_campaign=Feed%3A+sciencealert-latestnews+%28ScienceAlert-Latest%29","ff7fbb2c5e6e827025e498ce5f3f2eb8411b1e8b9f0e969490d5d783e88ccfcc","43b91e875096e879e97147b870209d6c"
"For The First Time Ever, NASA Astronauts Get to Eat Space-Grown Chilis on The ISS","ScienceAlert","Best space tacos yet.","2021-11-03 00:31:30","Science","https://www.sciencealert.com/nasa-have-grow-space-chili-peppers-they-were-just-used-for-tacos?utm_source=feedburner&utm_medium=feed&utm_campaign=Feed%3A+sciencealert-latestnews+%28ScienceAlert-Latest%29","ff7fbb2c5e6e827025e498ce5f3f2eb8411b1e8b9f0e969490d5d783e88ccfcc","65d8260db53b81a4eb591bd3c96b0010"
"An Asteroid Barely Skimmed Earth Last Week, And We Completely Missed It","ScienceAlert","It was only fridge-sized, though.","2021-11-02 23:32:08","Science","https://www.sciencealert.com/an-asteroid-actually-nearly-hit-earth-last-week-and-we-completely-missed-it?utm_source=feedburner&utm_medium=feed&utm_campaign=Feed%3A+sciencealert-latestnews+%28ScienceAlert-Latest%29","ff7fbb2c5e6e827025e498ce5f3f2eb8411b1e8b9f0e969490d5d783e88ccfcc","515390fef814f711bc83fbe73da3fd81"
"Archaeologists Find Remarkably Intact Maya Canoe Hidden Deep Within a Sinkhole","ScienceAlert","Waiting for over 1,000 years.","2021-11-03 17:00:01","Science","https://www.sciencealert.com/archaeologists-find-submerged-maya-canoe-hidden-deep-in-underwater-cenote?utm_source=feedburner&utm_medium=feed&utm_campaign=Feed%3A+sciencealert-latestnews+%28ScienceAlert-Latest%29","ff7fbb2c5e6e827025e498ce5f3f2eb8411b1e8b9f0e969490d5d783e88ccfcc","8dd2d840aa389be4320a46871761ddb7"
"Earthquakes Can Actually Help Trees to Grow, New Evidence Shows","ScienceAlert","Everything is connected.","2021-11-04 06:25:22","Science","https://www.sciencealert.com/earthquakes-can-actually-help-trees-to-grow-new-evidence-shows?utm_source=feedburner&utm_medium=feed&utm_campaign=Feed%3A+sciencealert-latestnews+%28ScienceAlert-Latest%29","ff7fbb2c5e6e827025e498ce5f3f2eb8411b1e8b9f0e969490d5d783e88ccfcc","0efc3c53521708798ce491c02dea55a4"
"Creepy Zombie Fungus Turns Insects Into Horny 'Necrophiles', Proving Nature Is Sick","ScienceAlert","Aurgh.","2021-11-04 06:17:08","Science","https://www.sciencealert.com/creepy-zombie-fungus-turns-insects-into-horny-necrophiliacs-proving-nature-is-sick?utm_source=feedburner&utm_medium=feed&utm_campaign=Feed%3A+sciencealert-latestnews+%28ScienceAlert-Latest%29","ff7fbb2c5e6e827025e498ce5f3f2eb8411b1e8b9f0e969490d5d783e88ccfcc","5c3d90c16beb0e4f5970b9952f851ef1"
"These Earth's 'Life Zones' Are Most Vulnerable to Climate Change, New Projections Warn","ScienceAlert","Landscapes are shifting.","2021-11-04 02:38:20","Science","https://www.sciencealert.com/climate-change-will-triple-the-impact-to-earth-s-life-zones-unless-it-can-be-slowed?utm_source=feedburner&utm_medium=feed&utm_campaign=Feed%3A+sciencealert-latestnews+%28ScienceAlert-Latest%29","ff7fbb2c5e6e827025e498ce5f3f2eb8411b1e8b9f0e969490d5d783e88ccfcc","38a59529902130627ac5d8b5ce435c51"
"There's a Weird Shape in The Middle of Andromeda, And Astronomers Finally Know Why","ScienceAlert","Twinkle twinkle, elongated star cluster.","2021-11-04 01:27:07","Science","https://www.sciencealert.com/astronomers-may-have-solved-a-decades-old-mystery-at-the-center-of-andromeda?utm_source=feedburner&utm_medium=feed&utm_campaign=Feed%3A+sciencealert-latestnews+%28ScienceAlert-Latest%29","ff7fbb2c5e6e827025e498ce5f3f2eb8411b1e8b9f0e969490d5d783e88ccfcc","39a4fb1c2e9a998a2a5a3747ddbf8c33"
"A Vaccine Is Urgently Needed For Infection Killing 150,000 Babies Annually, WHO Warns","ScienceAlert","The death rate is shocking.","2021-11-04 00:51:16","Science","https://www.sciencealert.com/who-urges-vaccine-research-for-infections-behind-shocking-rate-of-infant-deaths?utm_source=feedburner&utm_medium=feed&utm_campaign=Feed%3A+sciencealert-latestnews+%28ScienceAlert-Latest%29","ff7fbb2c5e6e827025e498ce5f3f2eb8411b1e8b9f0e969490d5d783e88ccfcc","b9019d760b30466015ebe9e8daec7cb5"
"Staggering Data on How Much Whales Actually Eat Just Solved The 'Krill Paradox'","ScienceAlert","Even more important to protect them.","2021-11-03 23:29:07","Science","https://www.sciencealert.com/whales-eat-far-more-than-we-thought-so-it-s-even-more-important-we-protect-them?utm_source=feedburner&utm_medium=feed&utm_campaign=Feed%3A+sciencealert-latestnews+%28ScienceAlert-Latest%29","ff7fbb2c5e6e827025e498ce5f3f2eb8411b1e8b9f0e969490d5d783e88ccfcc","685df01de24ccab52d464d3e0bb92694"
"Lightning Strikes Carve a Deadly Signature Deep Inside The Bones, Scientists Discover","ScienceAlert","Shock and horror.","2021-11-04 17:00:01","Science","https://www.sciencealert.com/lightning-strikes-carve-a-deadly-signature-deep-inside-the-bones-scientists-discover?utm_source=feedburner&utm_medium=feed&utm_campaign=Feed%3A+sciencealert-latestnews+%28ScienceAlert-Latest%29","ff7fbb2c5e6e827025e498ce5f3f2eb8411b1e8b9f0e969490d5d783e88ccfcc","179fc2ab7da8765f03959e2ae3058396"
"This Indigenous Samoan Plant Could Rival a Common Painkiller, New Lab Study Shows","ScienceAlert","The power of traditional knowledge and science combined.","2021-11-05 06:05:20","Science","https://www.sciencealert.com/this-indigenous-samoan-plant-is-as-good-as-a-common-painkiller-new-study-shows?utm_source=feedburner&utm_medium=feed&utm_campaign=Feed%3A+sciencealert-latestnews+%28ScienceAlert-Latest%29","ff7fbb2c5e6e827025e498ce5f3f2eb8411b1e8b9f0e969490d5d783e88ccfcc","e35cc14e34ab41c2536572a06068091a"
"Discovery of Child's Skull Adds to Mystery Over How Human Ancestors Treated Their Dead","ScienceAlert","How did it get there?","2021-11-05 05:12:21","Science","https://www.sciencealert.com/discovery-of-child-s-skull-fragments-reignite-debate-over-the-origins-of-human-burial?utm_source=feedburner&utm_medium=feed&utm_campaign=Feed%3A+sciencealert-latestnews+%28ScienceAlert-Latest%29","ff7fbb2c5e6e827025e498ce5f3f2eb8411b1e8b9f0e969490d5d783e88ccfcc","38440c35ccadbfd87a33ebc70f975231"
"Calculations Suggest It'll Be Impossible to Control a Super-Intelligent AI","ScienceAlert","Not ideal.","2021-11-05 05:02:00","Science","https://www.sciencealert.com/calculations-suggest-it-ll-be-impossible-to-control-a-super-intelligent-ai?utm_source=feedburner&utm_medium=feed&utm_campaign=Feed%3A+sciencealert-latestnews+%28ScienceAlert-Latest%29","ff7fbb2c5e6e827025e498ce5f3f2eb8411b1e8b9f0e969490d5d783e88ccfcc","46645f73880b7c22d2c8bcb2271683b4"
"Global 'Climate Clock' Suggests We're Now Only a Decade Away From Hitting 1.5 C","ScienceAlert","This is really bad.","2021-11-05 04:59:00","Science","https://www.sciencealert.com/climate-clock-suggests-we-re-now-only-10-years-away-from-hitting-1-5-c?utm_source=feedburner&utm_medium=feed&utm_campaign=Feed%3A+sciencealert-latestnews+%28ScienceAlert-Latest%29","ff7fbb2c5e6e827025e498ce5f3f2eb8411b1e8b9f0e969490d5d783e88ccfcc","ebc370d180a76747d0ee972f0513d9e4"
"NASA Rover Has Found Previously Unknown Organic Molecules on Mars","ScienceAlert","Intriguing...","2021-11-05 01:02:29","Science","https://www.sciencealert.com/curiosity-finds-new-organic-molecules-on-mars-in-an-unexpected-place?utm_source=feedburner&utm_medium=feed&utm_campaign=Feed%3A+sciencealert-latestnews+%28ScienceAlert-Latest%29","ff7fbb2c5e6e827025e498ce5f3f2eb8411b1e8b9f0e969490d5d783e88ccfcc","93bf65d3b9265dc13e3ace8f1b9f70f0"
"Cervical Cancer Cases Dropped by Almost 90% Thanks to HPV Vaccine, Real-World Data Show","ScienceAlert","It's most effective when given between the ages of 12 and 13.","2021-11-05 00:33:58","Science","https://www.sciencealert.com/cervical-cancer-cases-in-the-uk-have-plummeted-since-hpv-vaccines-were-introduced?utm_source=feedburner&utm_medium=feed&utm_campaign=Feed%3A+sciencealert-latestnews+%28ScienceAlert-Latest%29","ff7fbb2c5e6e827025e498ce5f3f2eb8411b1e8b9f0e969490d5d783e88ccfcc","5fbbb5b078fb2099aeb513cda1bca7ff"
"UK Becomes First Country To Approve Antiviral COVID Pill","ScienceAlert","This will be a game-changer for the most vulnerable and the immunosuppressed.","2021-11-04 23:31:46","Science","https://www.sciencealert.com/uk-becomes-first-country-to-approve-antiviral-covid-pill?utm_source=feedburner&utm_medium=feed&utm_campaign=Feed%3A+sciencealert-latestnews+%28ScienceAlert-Latest%29","ff7fbb2c5e6e827025e498ce5f3f2eb8411b1e8b9f0e969490d5d783e88ccfcc","1c8ad13207f70e45d97259ef96094181"
"These 'Life Zones' Are Most Vulnerable to Climate Change, New Projections Warn","ScienceAlert","Landscapes are shifting.","2021-11-04 02:38:20","Science","https://www.sciencealert.com/climate-change-will-triple-the-impact-to-earth-s-life-zones-unless-it-can-be-slowed?utm_source=feedburner&utm_medium=feed&utm_campaign=Feed%3A+sciencealert-latestnews+%28ScienceAlert-Latest%29","ff7fbb2c5e6e827025e498ce5f3f2eb8411b1e8b9f0e969490d5d783e88ccfcc","c2f3bd3b4bb680070f947dafb861bb0b"
"Pfizer Announces Its COVID-19 Pill Reduces Risk of Hospitalization or Death by 89%","ScienceAlert","More good news.","2021-11-05 18:00:25","Science","https://www.sciencealert.com/pfizer-announces-its-covid-19-pill-reduces-risk-of-hospitalization-or-death-by-89-percent?utm_source=feedburner&utm_medium=feed&utm_campaign=Feed%3A+sciencealert-latestnews+%28ScienceAlert-Latest%29","ff7fbb2c5e6e827025e498ce5f3f2eb8411b1e8b9f0e969490d5d783e88ccfcc","76e692847c3633d89a4971cf08a54510"
"The Circles in This Illusion Actually Aren't Changing Shape or Moving at All, Sorry","ScienceAlert","Wait, what?","2021-11-05 17:01:43","Science","https://www.sciencealert.com/this-colorful-new-spin-on-a-classic-illusion-has-brains-tripping-again?utm_source=feedburner&utm_medium=feed&utm_campaign=Feed%3A+sciencealert-latestnews+%28ScienceAlert-Latest%29","ff7fbb2c5e6e827025e498ce5f3f2eb8411b1e8b9f0e969490d5d783e88ccfcc","909193fa30b82c41048abf32f674007e"
"These Engineers May Have Come Up With The Perfect Material For Unbreakable Screens","ScienceAlert","Yes, please!","2021-11-05 19:00:03","Science","https://www.sciencealert.com/new-nanocrystal-composite-material-could-enable-unbreakable-screens?utm_source=feedburner&utm_medium=feed&utm_campaign=Feed%3A+sciencealert-latestnews+%28ScienceAlert-Latest%29","ff7fbb2c5e6e827025e498ce5f3f2eb8411b1e8b9f0e969490d5d783e88ccfcc","e8eae4fdc6d467cbac3b57f5423bb13d"
"Study Reveals Shocking Risks Pregnant People Would Face Under a National Abortion Ban","ScienceAlert","It's the hard discussion we need to have.","2021-11-07 17:00:00","Science","https://www.sciencealert.com/new-study-reveals-the-shocking-risk-women-would-face-under-a-national-abortion-ban?utm_source=feedburner&utm_medium=feed&utm_campaign=Feed%3A+sciencealert-latestnews+%28ScienceAlert-Latest%29","ff7fbb2c5e6e827025e498ce5f3f2eb8411b1e8b9f0e969490d5d783e88ccfcc","8dc33b4e9fe1110cfae618a2712a555c"
"Clever Experiment Reveals The Ideal Deadline to Set to Actually Get Stuff Done","ScienceAlert","Don't just let it whoosh past...","2021-11-07 05:00:18","Science","https://www.sciencealert.com/clever-experiment-reveals-the-ideal-deadline-to-set-to-actually-get-stuff-done?utm_source=feedburner&utm_medium=feed&utm_campaign=Feed%3A+sciencealert-latestnews+%28ScienceAlert-Latest%29","ff7fbb2c5e6e827025e498ce5f3f2eb8411b1e8b9f0e969490d5d783e88ccfcc","1596902e6e45ad777c38b7ef8521bbfd"
"Getting Enough Sleep? New Study May Be a Wake-Up Call For Those Who Doze This Long","ScienceAlert","Can't hit snooze on this.","2021-11-07 02:00:30","Science","https://www.sciencealert.com/study-suggests-sleeping-too-much-can-also-impact-the-health-of-your-brain?utm_source=feedburner&utm_medium=feed&utm_campaign=Feed%3A+sciencealert-latestnews+%28ScienceAlert-Latest%29","ff7fbb2c5e6e827025e498ce5f3f2eb8411b1e8b9f0e969490d5d783e88ccfcc","0112b456c763c83603c6034b44705508"
"Thanks to Mice, We May Know Why Arthritis Keeps Flaring Up in The Same Joints","ScienceAlert","The body never forgets.","2021-11-06 22:00:23","Science","https://www.sciencealert.com/immune-system-memory-might-explain-why-arthritis-flares-up-the-same-joints-twice?utm_source=feedburner&utm_medium=feed&utm_campaign=Feed%3A+sciencealert-latestnews+%28ScienceAlert-Latest%29","ff7fbb2c5e6e827025e498ce5f3f2eb8411b1e8b9f0e969490d5d783e88ccfcc","3f6c4d03ff06397e9099701540747824"
"Ancient Earth May Have Been Ravaged by Gigantic Rain Storms","ScienceAlert","A foot of rain within hours.","2021-11-06 17:00:02","Science","https://www.sciencealert.com/ancient-earth-may-have-experienced-gigantic-rain-storms?utm_source=feedburner&utm_medium=feed&utm_campaign=Feed%3A+sciencealert-latestnews+%28ScienceAlert-Latest%29","ff7fbb2c5e6e827025e498ce5f3f2eb8411b1e8b9f0e969490d5d783e88ccfcc","999ee5acfc94ad54e652b4f9c3367de3"
"Newly Discovered Symbiosis Could Power Carbon Removal in The Sea","ScienceAlert","A hidden hero.","2021-11-06 05:00:06","Science","https://www.sciencealert.com/newly-discovered-symbiosis-could-power-carbon-removal-in-the-sea?utm_source=feedburner&utm_medium=feed&utm_campaign=Feed%3A+sciencealert-latestnews+%28ScienceAlert-Latest%29","ff7fbb2c5e6e827025e498ce5f3f2eb8411b1e8b9f0e969490d5d783e88ccfcc","5bb4dde6aff877fa06a1e65cb1a296e0"
"Unnerving Study Reveals There May Be No Warning For The Next Supervolcano Eruption","ScienceAlert","Quiet... quiet... BOOM.","2021-11-06 02:00:44","Science","https://www.sciencealert.com/unnerving-study-reveals-there-may-be-no-warning-for-the-next-supervolcano-eruption?utm_source=feedburner&utm_medium=feed&utm_campaign=Feed%3A+sciencealert-latestnews+%28ScienceAlert-Latest%29","ff7fbb2c5e6e827025e498ce5f3f2eb8411b1e8b9f0e969490d5d783e88ccfcc","0ccefc019d03d9183c8d66160dbf86e0"
"A 150-Year-Old Note From Darwin Is Changing How We Plant Forests","ScienceAlert","Always teaching us.","2021-11-05 23:00:38","Science","https://www.sciencealert.com/a-150-year-old-note-from-darwin-is-changing-how-we-plant-forests?utm_source=feedburner&utm_medium=feed&utm_campaign=Feed%3A+sciencealert-latestnews+%28ScienceAlert-Latest%29","ff7fbb2c5e6e827025e498ce5f3f2eb8411b1e8b9f0e969490d5d783e88ccfcc","bad7caf246a64b7416e688679fbebf15"
"The Surprising Difference Sugary Drinks Have on Preschoolers' Test Scores","ScienceAlert","How odd.","2021-11-05 21:00:52","Science","https://www.sciencealert.com/sugary-drinks-in-preschool-might-be-impacting-boys-and-girls-differently?utm_source=feedburner&utm_medium=feed&utm_campaign=Feed%3A+sciencealert-latestnews+%28ScienceAlert-Latest%29","ff7fbb2c5e6e827025e498ce5f3f2eb8411b1e8b9f0e969490d5d783e88ccfcc","d5b4c5601de35c0f373928d4c67289c1"
"NASA's Juno Peered Beneath Jupiter's Clouds, And It's More Hectic Than They Thought","ScienceAlert","We just got the first 3D map of the gas giant's atmosphere.","2021-11-08 06:28:40","Science","https://www.sciencealert.com/nasa-s-juno-peered-beneath-jupiter-s-clouds-and-it-s-more-hectic-than-they-thought?utm_source=feedburner&utm_medium=feed&utm_campaign=Feed%3A+sciencealert-latestnews+%28ScienceAlert-Latest%29","ff7fbb2c5e6e827025e498ce5f3f2eb8411b1e8b9f0e969490d5d783e88ccfcc","22b7bfb6b0430a6a3959401d4ff07872"
"Scientists Find a Single Protein Can Switch Some Ants From a Worker Into a Queen","ScienceAlert","With full reproductive abilities.","2021-11-08 05:45:00","Science","https://www.sciencealert.com/the-activation-of-a-single-protein-could-turn-an-ant-from-a-worker-to-a-reproductive-queen?utm_source=feedburner&utm_medium=feed&utm_campaign=Feed%3A+sciencealert-latestnews+%28ScienceAlert-Latest%29","ff7fbb2c5e6e827025e498ce5f3f2eb8411b1e8b9f0e969490d5d783e88ccfcc","d635bb9d84e359290749283ee17b42ff"
"Brain Implant Translates Paralyzed Man's Thoughts Into Text With 94% Accuracy","ScienceAlert","Incredible.","2021-11-08 05:22:39","Science","https://www.sciencealert.com/brain-implant-enables-paralyzed-man-to-communicate-thoughts-via-imaginary-handwriting?utm_source=feedburner&utm_medium=feed&utm_campaign=Feed%3A+sciencealert-latestnews+%28ScienceAlert-Latest%29","ff7fbb2c5e6e827025e498ce5f3f2eb8411b1e8b9f0e969490d5d783e88ccfcc","cf739b4a4f0639d327a9539f323a90bf"
"Astronomers Detect a 'Tsunami' of Gravitational Waves. Here's Where They're Coming From","ScienceAlert","Massive.","2021-11-08 04:47:00","Science","https://www.sciencealert.com/astronomers-have-detected-a-tsunami-of-gravitational-waves?utm_source=feedburner&utm_medium=feed&utm_campaign=Feed%3A+sciencealert-latestnews+%28ScienceAlert-Latest%29","ff7fbb2c5e6e827025e498ce5f3f2eb8411b1e8b9f0e969490d5d783e88ccfcc","09dd1a4e555891074623d660756befd6"
"Poor ISS Astronauts Will Return Home in Diapers as SpaceX's Toilet Keeps Leaking Pee","ScienceAlert","The joys of being an astronaut.","2021-11-08 01:41:47","Science","https://www.sciencealert.com/poor-iss-astronauts-will-have-to-come-home-in-nappies-cause-spacex-s-toilet-keeps-leaking-pee?utm_source=feedburner&utm_medium=feed&utm_campaign=Feed%3A+sciencealert-latestnews+%28ScienceAlert-Latest%29","ff7fbb2c5e6e827025e498ce5f3f2eb8411b1e8b9f0e969490d5d783e88ccfcc","af5d4281d1ee054ae5f7b4a633c2f954"
"Millions of Giant Spiders Have Invaded Georgia. Will They Spread to The Rest of The US?","ScienceAlert","Webs 10 feet thick.","2021-11-08 00:38:29","Science","https://www.sciencealert.com/giant-spiders-have-invaded-georgia-will-they-spread-to-the-rest-of-the-us?utm_source=feedburner&utm_medium=feed&utm_campaign=Feed%3A+sciencealert-latestnews+%28ScienceAlert-Latest%29","ff7fbb2c5e6e827025e498ce5f3f2eb8411b1e8b9f0e969490d5d783e88ccfcc","f34fa713fcd5bd1c4bc07dbff175eefb"
"Astonishingly Preserved Roman Slave Quarters Unearthed in Pompeii After 2,000 Years","ScienceAlert","One of the beds belonged to a child.","2021-11-08 00:12:24","Science","https://www.sciencealert.com/astonishingly-preserved-2-000-year-old-raman-slave-rooms-unearthed-in-pompeii?utm_source=feedburner&utm_medium=feed&utm_campaign=Feed%3A+sciencealert-latestnews+%28ScienceAlert-Latest%29","ff7fbb2c5e6e827025e498ce5f3f2eb8411b1e8b9f0e969490d5d783e88ccfcc","74faf4f0c79c64fab256f5758bfbd702"
"Glorious New Hubble Image Could Offer a Sneak Preview of Our Sun's Demise","ScienceAlert","A most beautiful death.","2021-11-08 17:00:19","Science","https://www.sciencealert.com/glorious-new-hubble-image-could-be-a-sneak-preview-of-the-sun-s-demise?utm_source=feedburner&utm_medium=feed&utm_campaign=Feed%3A+sciencealert-latestnews+%28ScienceAlert-Latest%29","ff7fbb2c5e6e827025e498ce5f3f2eb8411b1e8b9f0e969490d5d783e88ccfcc","bb33964c19ee6046aab27b81008af766"
"We're Doing Mindfulness Wrong, Psychologists Say","ScienceAlert","Awareness is only the beginning.","2021-11-09 06:02:41","Science","https://www.sciencealert.com/this-psychology-paper-says-we-re-all-doing-mindfulness-wrong?utm_source=feedburner&utm_medium=feed&utm_campaign=Feed%3A+sciencealert-latestnews+%28ScienceAlert-Latest%29","ff7fbb2c5e6e827025e498ce5f3f2eb8411b1e8b9f0e969490d5d783e88ccfcc","d8e4cf03a3d0ff550aff892c915b1bf5"
"Water Detected in Ancient, Distant Galaxy From The Beginnings of The Universe","ScienceAlert","Water at the dawn of time.","2021-11-09 05:37:44","Science","https://www.sciencealert.com/water-has-been-detected-in-the-most-massive-galaxy-in-the-early-universe?utm_source=feedburner&utm_medium=feed&utm_campaign=Feed%3A+sciencealert-latestnews+%28ScienceAlert-Latest%29","ff7fbb2c5e6e827025e498ce5f3f2eb8411b1e8b9f0e969490d5d783e88ccfcc","e23f30dfba29e677ec0d7beecb179c82"
"Most Electricity in Industrialized Nations Could Be From Wind And Solar, Study Shows","ScienceAlert","We know what we need to do.","2021-11-09 05:09:16","Science","https://www.sciencealert.com/almost-all-industrialized-nation-electricity-demands-can-be-met-by-wind-and-solar?utm_source=feedburner&utm_medium=feed&utm_campaign=Feed%3A+sciencealert-latestnews+%28ScienceAlert-Latest%29","ff7fbb2c5e6e827025e498ce5f3f2eb8411b1e8b9f0e969490d5d783e88ccfcc","40528b34506324f740b4ee83ca8a456e"
"Earth's Continents Emerged Millions of Years Earlier Than We Realized, Scientists Say","ScienceAlert","A pivotal moment in the history of life.","2021-11-09 05:07:39","Science","https://www.sciencealert.com/earth-s-continents-emerged-millions-of-years-earlier-than-we-realized-scientists-say?utm_source=feedburner&utm_medium=feed&utm_campaign=Feed%3A+sciencealert-latestnews+%28ScienceAlert-Latest%29","ff7fbb2c5e6e827025e498ce5f3f2eb8411b1e8b9f0e969490d5d783e88ccfcc","63a6229c81c7b4543034fb58dce653ea"
"Do Flies Really Throw Up on Your Food When They Land On It? Let's Dive In","ScienceAlert","Gross... and yet fascinating!","2021-11-09 01:15:50","Science","https://www.sciencealert.com/do-flies-really-throw-up-on-your-food-when-they-land-on-it?utm_source=feedburner&utm_medium=feed&utm_campaign=Feed%3A+sciencealert-latestnews+%28ScienceAlert-Latest%29","ff7fbb2c5e6e827025e498ce5f3f2eb8411b1e8b9f0e969490d5d783e88ccfcc","617dd0c47ebc794de040a85839f7b649"
"Romantic Attraction Is Linked to Synchronized Heartbeats, Dating Experiment Reveals","ScienceAlert","And sweaty palms.","2021-11-09 00:04:32","Science","https://www.sciencealert.com/romantic-attraction-is-linked-to-synchronized-heartbeats-dating-experiment-reveals?utm_source=feedburner&utm_medium=feed&utm_campaign=Feed%3A+sciencealert-latestnews+%28ScienceAlert-Latest%29","ff7fbb2c5e6e827025e498ce5f3f2eb8411b1e8b9f0e969490d5d783e88ccfcc","a32d30f76f5dab57033b6bd9dec066b9"
"Deepest Earthquake Ever Detected Was So Deep We Thought It Was Impossible","ScienceAlert","How could this happen?","2021-11-09 00:00:03","Science","https://www.sciencealert.com/deepest-earthquake-ever-detected-where-one-wasn-t-thought-possible?utm_source=feedburner&utm_medium=feed&utm_campaign=Feed%3A+sciencealert-latestnews+%28ScienceAlert-Latest%29","ff7fbb2c5e6e827025e498ce5f3f2eb8411b1e8b9f0e969490d5d783e88ccfcc","d442c5971e71e162568c91d958825798"
"There's a Mysterious Barrier Keeping Cosmic Rays Out of The Galactic Center","ScienceAlert","What is it?","2021-11-09 16:00:01","Science","https://www.sciencealert.com/there-s-a-mysterious-barrier-keeping-cosmic-rays-out-of-the-galactic-center?utm_source=feedburner&utm_medium=feed&utm_campaign=Feed%3A+sciencealert-latestnews+%28ScienceAlert-Latest%29","ff7fbb2c5e6e827025e498ce5f3f2eb8411b1e8b9f0e969490d5d783e88ccfcc","3a2510b92a150d73def9e1b079b51823"
"Giant Study Identifies The Best Time to Fall Asleep to Lower Risk of Heart Problems","ScienceAlert","The sweet spot.","2021-11-10 06:28:10","Science","https://www.sciencealert.com/huge-accelerometer-study-suggests-the-best-sleep-time-for-heart-health?utm_source=feedburner&utm_medium=feed&utm_campaign=Feed%3A+sciencealert-latestnews+%28ScienceAlert-Latest%29","ff7fbb2c5e6e827025e498ce5f3f2eb8411b1e8b9f0e969490d5d783e88ccfcc","b3851bc1053ff2a5347e778ffb7ddce3"
"When Murder Hornets Attack, Bees Start Heartbreaking 'Shrieks' to Warn The Colony","ScienceAlert","Like a sustained fire alarm.","2021-11-10 06:25:19","Science","https://www.sciencealert.com/scientists-describe-a-new-honeybee-signal-that-warns-the-colony-of-murder-hornets?utm_source=feedburner&utm_medium=feed&utm_campaign=Feed%3A+sciencealert-latestnews+%28ScienceAlert-Latest%29","ff7fbb2c5e6e827025e498ce5f3f2eb8411b1e8b9f0e969490d5d783e88ccfcc","b33a00f535ee538650fce25083efc16b"
"This 'Tree of Death' Is So Toxic, You Can't Even Stand Under It When It Rains","ScienceAlert","Danger.","2021-11-10 05:18:58","Science","https://www.sciencealert.com/this-tree-of-death-is-so-toxic-you-can-t-even-stand-under-it-when-it-rains?utm_source=feedburner&utm_medium=feed&utm_campaign=Feed%3A+sciencealert-latestnews+%28ScienceAlert-Latest%29","ff7fbb2c5e6e827025e498ce5f3f2eb8411b1e8b9f0e969490d5d783e88ccfcc","04fa9ae97230f72688a4e1f48e628667"
"Rare Genetic Mutation in Utah Family Traced Across Continents And Over Centuries","ScienceAlert","A dangerous inheritance for thousands of years.","2021-11-10 03:22:51","Science","https://www.sciencealert.com/a-rare-genetic-mutation-in-a-large-utah-family-traced-back-to-1700s-denmark?utm_source=feedburner&utm_medium=feed&utm_campaign=Feed%3A+sciencealert-latestnews+%28ScienceAlert-Latest%29","ff7fbb2c5e6e827025e498ce5f3f2eb8411b1e8b9f0e969490d5d783e88ccfcc","6cea2729e2079264339a35749bb64d62"
"Meet 'Cold Bone': The First Distinct Dinosaur Species Ever Found in Greenland","ScienceAlert","Hi there!","2021-11-10 01:51:07","Science","https://www.sciencealert.com/214-million-year-old-skull-discoveries-point-to-the-first-dinosaur-on-greenland?utm_source=feedburner&utm_medium=feed&utm_campaign=Feed%3A+sciencealert-latestnews+%28ScienceAlert-Latest%29","ff7fbb2c5e6e827025e498ce5f3f2eb8411b1e8b9f0e969490d5d783e88ccfcc","36fc4162cd956fe2630b0c00faa104ed"
"A Massive Global Syringe Shortage Could Hit in 2022, WHO Warns","ScienceAlert","This could be a problem.","2021-11-10 00:37:26","Science","https://www.sciencealert.com/a-massive-global-syringe-shortage-could-hit-in-2022-who-warns?utm_source=feedburner&utm_medium=feed&utm_campaign=Feed%3A+sciencealert-latestnews+%28ScienceAlert-Latest%29","ff7fbb2c5e6e827025e498ce5f3f2eb8411b1e8b9f0e969490d5d783e88ccfcc","cedd134f548904f00a5556ea779483ed"
"An Avalanche of Plastic Waste Generated by The Pandemic Is Seeping Into The Ocean","ScienceAlert","Almost 30,000 tons so far.","2021-11-09 23:46:32","Science","https://www.sciencealert.com/model-suggests-28-000-tons-of-covid-19-waste-has-now-entered-our-oceans?utm_source=feedburner&utm_medium=feed&utm_campaign=Feed%3A+sciencealert-latestnews+%28ScienceAlert-Latest%29","ff7fbb2c5e6e827025e498ce5f3f2eb8411b1e8b9f0e969490d5d783e88ccfcc","659751bfc463ea31245f94dfa753c431"
"There's a Strange Difference Between Human Brains And Those of Other Mammals","ScienceAlert","You'll never guess what it is.","2021-11-10 16:00:01","Science","https://www.sciencealert.com/we-ve-just-found-a-fascinating-difference-between-human-brains-and-those-of-other-mammals?utm_source=feedburner&utm_medium=feed&utm_campaign=Feed%3A+sciencealert-latestnews+%28ScienceAlert-Latest%29","ff7fbb2c5e6e827025e498ce5f3f2eb8411b1e8b9f0e969490d5d783e88ccfcc","8cc3bc7a78315fa5d5726958515edb77"
"Abandoning Fossil Fuels Would Bring Immediate Benefits to Millions, Study Shows","ScienceAlert","This isn't just about the climate.","2021-11-11 04:25:53","Science","https://www.sciencealert.com/banning-the-burning-of-fossil-fuels-could-immediately-save-one-in-five-from-early-death","ff7fbb2c5e6e827025e498ce5f3f2eb8411b1e8b9f0e969490d5d783e88ccfcc","3f058a7acdc2c81250ffd35bf07baa84"
"Scientists Identify Gene Linked to Significantly Higher Risk of Severe COVID-19","ScienceAlert","This could explain a lot.","2021-11-11 01:21:28","Science","https://www.sciencealert.com/we-might-finally-know-why-uk-s-south-asian-demographics-suffered-more-from-covid","ff7fbb2c5e6e827025e498ce5f3f2eb8411b1e8b9f0e969490d5d783e88ccfcc","faab16e5bb431feeb93fe1c9abf72db9"
"We May Finally Understand Why These Gargantuan Mollusks Got So Huge","ScienceAlert","Monstrous!","2021-11-11 00:54:29","Science","https://www.sciencealert.com/here-s-the-possible-reason-why-the-world-s-largest-ammonite-got-so-danged-huge","ff7fbb2c5e6e827025e498ce5f3f2eb8411b1e8b9f0e969490d5d783e88ccfcc","cac670ddfe6fcd533ed9460b33392dca"
"The Moon's Surface Has Enough Oxygen to Keep Billions Alive For 100,000 Years","ScienceAlert","But there's a catch.","2021-11-10 23:50:31","Science","https://www.sciencealert.com/moon-s-surface-has-enough-oxygen-to-keep-billions-alive-for-100-000-years","ff7fbb2c5e6e827025e498ce5f3f2eb8411b1e8b9f0e969490d5d783e88ccfcc","f4cd8cb32e95c6956ad746e9d8c0cc52"
"A Black Hole Was Found Outside Our Galaxy For The First Time With an Ingenious Method","ScienceAlert","So sneaky!","2021-11-11 12:00:01","Science","https://www.sciencealert.com/a-sneaky-tiny-black-hole-has-been-found-in-the-large-magellanic-cloud","ff7fbb2c5e6e827025e498ce5f3f2eb8411b1e8b9f0e969490d5d783e88ccfcc","e29a527fde328ef08c74235dd45e7e1c"
"A Massive Rock Orbiting The Sun Appears to Have Originated Surprisingly Close to Us","ScienceAlert","Who knew!","2021-11-11 16:00:01","Science","https://www.sciencealert.com/a-massive-chunk-of-rock-near-earth-s-orbit-might-once-have-been-part-of-our-moon","ff7fbb2c5e6e827025e498ce5f3f2eb8411b1e8b9f0e969490d5d783e88ccfcc","a53563bf4b6901267b2a693cb051b7ec"
"The Intense Pressurized Conditions of Earth's Outer Core Have Been Recreated in a Lab","ScienceAlert","Where iron is structurally deformed.","2021-11-12 06:33:37","Science","https://www.sciencealert.com/the-insane-pressures-and-temperature-of-earth-s-outer-core-have-been-recreated-in-a-lab","ff7fbb2c5e6e827025e498ce5f3f2eb8411b1e8b9f0e969490d5d783e88ccfcc","d894bf75f1b3926404fc72597c8b4f08"
"24,000 Years of Temperature Data Show Just How Unprecedented Current Global Heating Is","ScienceAlert","This hits home. ","2021-11-12 06:03:30","Science","https://www.sciencealert.com/24-000-years-of-temperature-data-shows-just-how-unprecedented-current-global-heating-is","ff7fbb2c5e6e827025e498ce5f3f2eb8411b1e8b9f0e969490d5d783e88ccfcc","ffd72e0afd406b087d58afaa9077c797"
"Gold Could Be The Unexpected Secret Weapon We Need Against Antibiotic Resistance","ScienceAlert","Here's how that works.","2021-11-12 05:05:51","Science","https://www.sciencealert.com/a-sprinkle-of-gold-dust-could-make-bacteria-susceptible-to-old-antibiotics-again","ff7fbb2c5e6e827025e498ce5f3f2eb8411b1e8b9f0e969490d5d783e88ccfcc","9c0254fdf7acdd995ea488d2cee814a9"
"Humans Have Broken One of The Natural Power Laws Governing Earth's Oceans","ScienceAlert","Oh no.","2021-11-12 04:19:04","Science","https://www.sciencealert.com/humans-have-broken-the-natural-law-of-life-s-size-spectrum-in-the-ocean","ff7fbb2c5e6e827025e498ce5f3f2eb8411b1e8b9f0e969490d5d783e88ccfcc","4ca5c5ca7dc5bff10ee5222d5e981b47"
"Don't Freak Out or Anything, But Your Cat Is Tracking Your Movements","ScienceAlert","Can't hide even if you wanted to.","2021-11-12 01:20:14","Science","https://www.sciencealert.com/don-t-freak-out-or-anything-but-your-cat-is-tracking-your-movements","ff7fbb2c5e6e827025e498ce5f3f2eb8411b1e8b9f0e969490d5d783e88ccfcc","1953fbc7a6d21c7a9efb357df8538e44"
"In Astonishing Feat, a New Drug Reversed Paralysis in Mice With Spinal Cord Injury","ScienceAlert","The researchers want to move to human trials ASAP.","2021-11-12 00:35:44","Science","https://www.sciencealert.com/new-drug-reversed-paralysis-in-mice-with-spinal-injuries","ff7fbb2c5e6e827025e498ce5f3f2eb8411b1e8b9f0e969490d5d783e88ccfcc","b3b926f92b0741a56b2d3c5d89eaa8a8"
"Premature Baby With Less Than 1% Survival Chance Officially Breaks The World Record","ScienceAlert","Welcome to the world, Curtis! ","2021-11-11 23:50:07","Science","https://www.sciencealert.com/baby-born-at-21-weeks-has-broken-the-premmie-world-record","ff7fbb2c5e6e827025e498ce5f3f2eb8411b1e8b9f0e969490d5d783e88ccfcc","61c183c3e8766130480e330a25882082"
"Elusive Crystal Predicted Decades Ago Found Trapped in a Diamond From The Deep Earth","ScienceAlert","A new mineral we've never seen before.","2021-11-11 19:00:00","Science","https://www.sciencealert.com/a-diamond-caught-and-preserved-the-deepest-rare-earth-mineral-science-has-ever-examined","ff7fbb2c5e6e827025e498ce5f3f2eb8411b1e8b9f0e969490d5d783e88ccfcc","4d8dd2514a1732ebd6a25278c56570eb"
"Ghosting in Casual Dating Is Linked With 'Dark Triad' Traits Such as Narcissism","ScienceAlert","It's really not you, it's them!","2021-11-12 16:00:01","Science","https://www.sciencealert.com/ghosting-a-recent-love-interest-is-linked-to-a-dark-triad-of-relationship-traits","ff7fbb2c5e6e827025e498ce5f3f2eb8411b1e8b9f0e969490d5d783e88ccfcc","893016ce3a7b75fb8b49597a3091d6af"
"In an Astonishing Feat, a New Drug Reversed Paralysis in Mice With Spinal Cord Injury","ScienceAlert","The researchers want to move to human trials ASAP.","2021-11-12 00:35:44","Science","https://www.sciencealert.com/new-drug-reversed-paralysis-in-mice-with-spinal-injuries","ff7fbb2c5e6e827025e498ce5f3f2eb8411b1e8b9f0e969490d5d783e88ccfcc","e913253f03fe294744e122eac7b69b40"
"US Lobsterman Pulls Up 1-in-a-100-Million Lobster The Color of Cotton Candy","ScienceAlert","What a beauty.","2021-11-12 19:00:09","Science","https://www.sciencealert.com/us-lobsterman-pulls-up-one-in-a-100-million-species-the-color-of-cotton-candy","ff7fbb2c5e6e827025e498ce5f3f2eb8411b1e8b9f0e969490d5d783e88ccfcc","f91a1dbd0efde218199f0b239c10e425"
"There Are Five Different Phases in Your Day, Each With Music to Match","ScienceAlert","The right tunes at the right time.","2021-11-12 21:00:37","Science","https://www.sciencealert.com/there-are-five-different-phases-in-your-day-each-with-a-music-interest-to-match","ff7fbb2c5e6e827025e498ce5f3f2eb8411b1e8b9f0e969490d5d783e88ccfcc","0564043ef0ed37ef5100e1c5c05bfb3e"
"A Major Biodiversity Explosion in Earth's History Was Not Triggered by What We Thought","ScienceAlert","Space dust: Cool, but not that cool.","2021-11-12 23:00:15","Science","https://www.sciencealert.com/space-dust-has-just-been-ruled-out-as-a-driver-of-one-of-earth-s-biggest-biodiversity-explosions","ff7fbb2c5e6e827025e498ce5f3f2eb8411b1e8b9f0e969490d5d783e88ccfcc","3664d20b9a05f9150bfa3c2c966ed7fe"
"A Surprising Number of Kids in The US Think Hot Dogs Are Actually This","ScienceAlert","They're also a bit confused about french fries.","2021-11-13 01:00:12","Science","https://www.sciencealert.com/a-surprising-number-of-kids-in-the-us-think-hotdogs-are-actually-vegetables","ff7fbb2c5e6e827025e498ce5f3f2eb8411b1e8b9f0e969490d5d783e88ccfcc","d496c44c6a74cf7945fa2b80a2d0bc30"
"Scientists Used AI to Track Spiders Building Webs in The Dark in Unprecedented Detail","ScienceAlert","What a feat!","2021-11-15 05:40:26","Science","https://www.sciencealert.com/we-finally-know-how-spiders-build-their-intricate-webs-in-the-dark","ff7fbb2c5e6e827025e498ce5f3f2eb8411b1e8b9f0e969490d5d783e88ccfcc","c2eb965acf776d4c043f632d2bc25486"
"These Strange, Brittle 'Eggshell' Exoplanets Could Be Orbiting Alien Stars","ScienceAlert","Crunch!","2021-11-15 04:42:05","Science","https://www.sciencealert.com/strange-brittle-eggshell-planets-could-be-orbiting-alien-stars","ff7fbb2c5e6e827025e498ce5f3f2eb8411b1e8b9f0e969490d5d783e88ccfcc","743736aae629d129a61af4c17f355710"
"Scientists Identify a Gene Variant That Doubles The Risk of Dying From COVID-19","ScienceAlert","It's involved in the regulation of lung cells.","2021-11-15 03:11:36","Science","https://www.sciencealert.com/scientists-identify-a-gene-variant-that-doubles-the-risk-of-dying-from-covid-19","ff7fbb2c5e6e827025e498ce5f3f2eb8411b1e8b9f0e969490d5d783e88ccfcc","6136768704a45c3c46e0372ec481768c"
"This Volcano Erupted For 5 Years Straight, And The Photos Are Out of This World","ScienceAlert","You're looking at a very rare type of lava fountain.","2021-11-15 01:03:09","Science","https://www.sciencealert.com/this-volcano-erupted-for-5-years-straight-and-the-photos-are-out-of-this-world","ff7fbb2c5e6e827025e498ce5f3f2eb8411b1e8b9f0e969490d5d783e88ccfcc","5fe90e5119872777c9f4095baac2df19"
"A Chunk of Satellite Almost Hit The ISS, Requiring an 'Urgent Change of Orbit'","ScienceAlert","Space junk is really getting out of control.","2021-11-15 00:28:02","Science","https://www.sciencealert.com/a-chunk-of-chinese-satellite-almost-hit-the-international-space-station","ff7fbb2c5e6e827025e498ce5f3f2eb8411b1e8b9f0e969490d5d783e88ccfcc","38b421e66a7deb61c75dccce6b28b1e9"
"Quick Summary: 5 Things You Need to Know About The New Glasgow Climate Pact","ScienceAlert","What's next?","2021-11-14 22:55:50","Science","https://www.sciencealert.com/here-s-what-you-need-to-know-about-the-brand-new-glasgow-climate-pact","ff7fbb2c5e6e827025e498ce5f3f2eb8411b1e8b9f0e969490d5d783e88ccfcc","c9abceb9612c58e554c886a4efae4216"
"We're Pretty Good at Decoding an Emoji, Even When It's Not a Perfect Match For a Word","ScienceAlert","Just need a bit of context.","2021-11-14 18:00:53","Science","https://www.sciencealert.com/study-explores-how-our-brains-interpret-emojis-compared-to-words","ff7fbb2c5e6e827025e498ce5f3f2eb8411b1e8b9f0e969490d5d783e88ccfcc","2f095b8515346753127dc51ad44f0493"
"Dark Matter Birthed More of Itself From Regular Matter, Claims Wild New Paper","ScienceAlert","Converting regular particles to the dark side.","2021-11-14 06:00:54","Science","https://www.sciencealert.com/weird-new-theory-suggests-dark-matter-creates-more-of-itself-from-regular-matter","ff7fbb2c5e6e827025e498ce5f3f2eb8411b1e8b9f0e969490d5d783e88ccfcc","76f909655183c5c055d65fee9aff945e"
"Scientists Finally Understand What Some Mysterious 'Hotspots' on Brain Cells Do","ScienceAlert","More of the brain's secrets revealed.","2021-11-14 03:00:22","Science","https://www.sciencealert.com/scientists-finally-understand-what-these-mystery-hotspots-on-brain-cells-do","ff7fbb2c5e6e827025e498ce5f3f2eb8411b1e8b9f0e969490d5d783e88ccfcc","61a79c7f8bf8ae84295d917e22432581"
"Could a Radiation Shield Made of Fungus Keep Astronauts Safe During Space Travel?","ScienceAlert","Interesting.","2021-11-14 01:00:07","Science","https://www.sciencealert.com/could-a-radiation-shield-made-of-fungus-keep-astronauts-safe-during-space-travel","ff7fbb2c5e6e827025e498ce5f3f2eb8411b1e8b9f0e969490d5d783e88ccfcc","121c69649c05aaceff7e063ad6738b98"
"There's an Evolutionary 'Arms Race' Between Genes And 'Selfish' Genetic Elements","ScienceAlert","Microscopic warfare.","2021-11-13 23:00:46","Science","https://www.sciencealert.com/there-s-an-evolutionary-arms-race-between-genes-and-other-genetic-elements","ff7fbb2c5e6e827025e498ce5f3f2eb8411b1e8b9f0e969490d5d783e88ccfcc","2ac31611decc751d66e5788be066cbda"
"Composition of a Kid's Gut Microbiome Doesn't Cause Autism, Says New Study","ScienceAlert","Eat up.","2021-11-13 21:00:08","Science","https://www.sciencealert.com/kids-with-autism-have-different-gut-microbiomes-new-theory-blames-picky-eating","ff7fbb2c5e6e827025e498ce5f3f2eb8411b1e8b9f0e969490d5d783e88ccfcc","5dac6d7a028b7ee8d65c786e5a0b622a"
"Isolation From Earth May Drive Changes in How Space Colonies Communicate With Home","ScienceAlert","Going it alone.","2021-11-13 18:00:28","Science","https://www.sciencealert.com/space-colonies-are-likely-to-rely-less-on-earth-for-support-over-time-due-to-isolation","ff7fbb2c5e6e827025e498ce5f3f2eb8411b1e8b9f0e969490d5d783e88ccfcc","7efd29fdffe46f38826129128ba2c474"
"Is a Lush Beard a Signal of Having More Testosterone? Not So Fast, Says New Study","ScienceAlert","Huh.","2021-11-13 06:00:19","Science","https://www.sciencealert.com/is-a-lush-beard-a-signal-of-having-more-testosterone-not-so-fast-says-new-study","ff7fbb2c5e6e827025e498ce5f3f2eb8411b1e8b9f0e969490d5d783e88ccfcc","188161f9a1d3a9649500203181e05833"
"Climate Change May Have Done 2 Odd And Contradictory Things to Birds in The Amazon","ScienceAlert","Nature responds.","2021-11-13 03:00:52","Science","https://www.sciencealert.com/climate-change-has-done-2-odd-and-contradictory-things-to-birds-in-the-amazon","ff7fbb2c5e6e827025e498ce5f3f2eb8411b1e8b9f0e969490d5d783e88ccfcc","c0df494762d59879b2394e33d682a914"
"Antidepressants Linked With Less Risk of Dying From COVID-19, Study Finds","ScienceAlert","Here's what we know.","2021-11-15 16:00:01","Science","https://www.sciencealert.com/antidepressants-are-linked-with-less-risk-of-dying-from-covid-19-study-finds","ff7fbb2c5e6e827025e498ce5f3f2eb8411b1e8b9f0e969490d5d783e88ccfcc","598fb600fb210c3a2f98758679d72e72"
"Amazing Video Reveals a New Kind of Leidenfrost Effect We've Never Seen Before","ScienceAlert","This is so cool!","2021-11-16 06:11:42","Science","https://www.sciencealert.com/we-ve-just-discovered-a-new-kind-of-leidenfrost-effect","ff7fbb2c5e6e827025e498ce5f3f2eb8411b1e8b9f0e969490d5d783e88ccfcc","e659a99a2ee5b4d528ad57cb6d248f8e"
"Human Faces Reflect a Wider World of Emotion Than We May Realize","ScienceAlert","No such thing as a straight face.","2021-11-16 05:51:11","Science","https://www.sciencealert.com/our-facial-expressions-can-portray-a-broader-range-of-emotions-than-you-might-think","ff7fbb2c5e6e827025e498ce5f3f2eb8411b1e8b9f0e969490d5d783e88ccfcc","57fa7d7ad0d73221c7b3f69525dc772c"
"Mysterious Object Glimpsed Decades Ago Might Have Actually Been Planet Nine","ScienceAlert","The devil's in the detail.","2021-11-16 05:09:35","Science","https://www.sciencealert.com/historical-data-reveals-what-may-be-a-decades-old-detection-of-planet-nine","ff7fbb2c5e6e827025e498ce5f3f2eb8411b1e8b9f0e969490d5d783e88ccfcc","087a726202f980d8f9cf5304737e7ccb"
"Wild New Theory Suggests Wormholes Could Be Stable Shortcuts Through Space-Time","ScienceAlert","They might not instantly collapse after all.","2021-11-16 05:07:42","Science","https://www.sciencealert.com/portals-between-black-holes-may-be-a-viable-shortcut-through-space-time","ff7fbb2c5e6e827025e498ce5f3f2eb8411b1e8b9f0e969490d5d783e88ccfcc","b9b57796c58361441e1ee888f9c75254"
"Fossil Breakthrough Identifies What Could Be The Longest Dinosaur That Ever Lived","ScienceAlert","Aptly called the Supersaurus.","2021-11-16 01:47:01","Science","https://www.sciencealert.com/there-s-a-new-candidate-for-longest-dinosaur-that-ever-lived-after-a-fossil-mix-up","ff7fbb2c5e6e827025e498ce5f3f2eb8411b1e8b9f0e969490d5d783e88ccfcc","51ae91758924ff84dea7065edc617644"
"Missile Emergency Provokes Fury After ISS Forced to Take Evasive Action","ScienceAlert","No warning at all.","2021-11-16 00:20:16","Science","https://www.sciencealert.com/russia-s-anti-satellite-missile-test-imperiled-iss-astronauts","ff7fbb2c5e6e827025e498ce5f3f2eb8411b1e8b9f0e969490d5d783e88ccfcc","bc333dbaceccde70fbc3f210de70fdf0"
"In Extremely Rare Case, a Woman With HIV Has 'Cleared' The Virus Without Treatment","ScienceAlert","A new hope.","2021-11-15 22:00:01","Science","https://www.sciencealert.com/extremely-rare-case-suggests-woman-was-naturally-cured-of-the-hiv-virus","ff7fbb2c5e6e827025e498ce5f3f2eb8411b1e8b9f0e969490d5d783e88ccfcc","296e892841090b996721574afe78eaa5"
"An Experiment Using Human Stem Cells Ended Up Reversing Diabetes in Mice","ScienceAlert","Promising.","2021-11-17 06:26:21","Science","https://www.sciencealert.com/an-experiment-with-human-stem-cells-ended-up-curing-diabetes-in-mice","ff7fbb2c5e6e827025e498ce5f3f2eb8411b1e8b9f0e969490d5d783e88ccfcc","2d537959b6fb040125c5f3905a0d13a6"
"Otherwise Healthy Man Found to Have a Disturbing, Unexpected Visitor in His Brain","ScienceAlert","Wash your hands.","2021-11-17 06:21:46","Science","https://www.sciencealert.com/an-otherwise-healthy-man-in-the-us-had-a-disturbing-unexpected-visitor-in-his-brain","ff7fbb2c5e6e827025e498ce5f3f2eb8411b1e8b9f0e969490d5d783e88ccfcc","183fedf76657c5cd74b3db9913b1540a"
"Alien Worlds Hold Minerals Like Nothing in Our Solar System, Scientists Say","ScienceAlert","Truly alien.","2021-11-17 05:51:23","Science","https://www.sciencealert.com/rocky-exoplanets-might-have-minerals-like-nothing-in-the-solar-system","ff7fbb2c5e6e827025e498ce5f3f2eb8411b1e8b9f0e969490d5d783e88ccfcc","2231290c3e0b7c9cf7d5f006cac8a3fc"
"A Space Expert Explains Why Russia's Exploded Satellite Is Such a Huge Problem","ScienceAlert","A problem traveling at 17,000 mph.","2021-11-17 05:24:50","Science","https://www.sciencealert.com/a-space-expert-explains-why-russia-s-exploded-satellite-is-such-a-huge-problem","ff7fbb2c5e6e827025e498ce5f3f2eb8411b1e8b9f0e969490d5d783e88ccfcc","7c6c9ab7763bb65d55d0af7be0015b48"
"Wildfires Are Spurring Wandering Tree Species to Move Faster, Study Finds","ScienceAlert","There's no time to lose.","2021-11-17 01:45:18","Science","https://www.sciencealert.com/study-shows-wildfires-speed-up-the-wanderings-of-tree-species","ff7fbb2c5e6e827025e498ce5f3f2eb8411b1e8b9f0e969490d5d783e88ccfcc","6fc06c656fb812a1ea051e398fb2a441"
"Subatomic Particles Falling From The Sky Are Exposing The Inner Secrets of Volcanoes","ScienceAlert","The ultimate magma detection system?","2021-11-17 01:08:30","Science","https://www.sciencealert.com/showers-of-subatomic-particles-raining-from-the-sky-are-helping-us-see-inside-volcanoes","ff7fbb2c5e6e827025e498ce5f3f2eb8411b1e8b9f0e969490d5d783e88ccfcc","a09a1cb3e5fac44d2abe0918a5bfded8"
"Gigantic Universe Simulation Spanning Billions of Light-Years Is The Largest Ever","ScienceAlert","Keeping track of 60 trillion particles isn't easy.","2021-11-17 00:14:30","Science","https://www.sciencealert.com/this-amazing-new-program-simulated-the-entire-universe-on-a-whole-new-level","ff7fbb2c5e6e827025e498ce5f3f2eb8411b1e8b9f0e969490d5d783e88ccfcc","d86f8ca85e3d8c3f6d80c43c3e75d39e"
"Black Holes Could Be Inadvertently Making Gold, Astrophysicists Say","ScienceAlert","The alchemist's singularity.","2021-11-16 17:00:00","Science","https://www.sciencealert.com/newborn-black-holes-could-be-inadvertently-making-gold","ff7fbb2c5e6e827025e498ce5f3f2eb8411b1e8b9f0e969490d5d783e88ccfcc","93309a6c9af5993808515a2cf3fc6d2b"
"Scientists Discover Unknown Plant Species Growing on Australia's Sacred Uluru","ScienceAlert","Not something you expect in a lifetime of research.","2021-11-17 17:00:00","Science","https://www.sciencealert.com/scientists-discover-a-brand-new-plant-species-growing-on-uluru","ff7fbb2c5e6e827025e498ce5f3f2eb8411b1e8b9f0e969490d5d783e88ccfcc","980133b9c41d14265e536d8b58f35e08"
"Experimental mRNA Vaccine Not Yet Tested in Humans Protects Against Lyme Disease","ScienceAlert","We need this!","2021-11-18 00:17:57","Science","https://www.sciencealert.com/an-mrna-vaccine-is-in-the-works-to-protect-humans-and-animals-from-tick-bites","ff7fbb2c5e6e827025e498ce5f3f2eb8411b1e8b9f0e969490d5d783e88ccfcc","f7540988e3cbe9b1b486c44e701a9d3d"
"Antibody Breakthrough in Mice Could Lead to a Vaccine For Alzheimer's Disease","ScienceAlert","What if we could prevent the disease from ever starting?","2021-11-18 01:49:29","Science","https://www.sciencealert.com/novel-approach-to-alzheimer-s-disease-in-mice-points-to-a-possible-vaccine","ff7fbb2c5e6e827025e498ce5f3f2eb8411b1e8b9f0e969490d5d783e88ccfcc","b0131c0a64e79efad688431480ebcea3"
"Toxic Signature of Poisoning in 5,000-Year-Old Bones Is Oldest Evidence of Its Kind","ScienceAlert","Unusually high levels of exposure.","2021-11-18 01:07:56","Science","https://www.sciencealert.com/earliest-sign-of-mercury-poisoning-was-found-in-5-000-year-old-bones","ff7fbb2c5e6e827025e498ce5f3f2eb8411b1e8b9f0e969490d5d783e88ccfcc","d61c738daaa4ab68ddfb9281ae285fca"
"The Most Common Pain Relief Drug in The World Induces Risky Behavior, Study Finds","ScienceAlert","A single dose is all it takes.","2021-11-18 04:54:58","Science","https://www.sciencealert.com/the-most-common-pain-relief-drug-in-the-world-induces-risky-behavior-study-finds","ff7fbb2c5e6e827025e498ce5f3f2eb8411b1e8b9f0e969490d5d783e88ccfcc","96b06373be2588d4fb0cf5f15753bd60"
"Famous Discovery of Four-Legged Snake Fossil Turns Out to Have a Twist in The Tale","ScienceAlert","Whoops!","2021-11-18 05:57:49","Science","https://www.sciencealert.com/this-famous-four-legged-snake-fossil-is-something-else-after-all","ff7fbb2c5e6e827025e498ce5f3f2eb8411b1e8b9f0e969490d5d783e88ccfcc","bfae7a95713ddcfda0eecc7ac635b7b6"
"New Electric Propulsion Engine For Spacecraft Test-Fired in Orbit For First Time","ScienceAlert","A huge step forward.","2021-11-18 05:29:28","Science","https://www.sciencealert.com/iodine-spacecraft-propulsion-has-been-tested-in-orbit","ff7fbb2c5e6e827025e498ce5f3f2eb8411b1e8b9f0e969490d5d783e88ccfcc","b0ab3a5ce30773a64d64962e3e373b5f"
"An Epic Lunar Eclipse Is Coming Tomorrow – The Longest of Its Kind in 580 Years","ScienceAlert","Look up!","2021-11-18 06:16:12","Science","https://www.sciencealert.com/an-epic-lunar-eclipse-is-coming-tomorrow-the-longest-of-its-kind-in-580-years","ff7fbb2c5e6e827025e498ce5f3f2eb8411b1e8b9f0e969490d5d783e88ccfcc","c0215bcf7c24bcc29a58a93be8ec9a8e"
"'Landmark' Study Gives Unprecedented Glimpse at Mysterious Phase of The Human Embryo","ScienceAlert","We've never seen this before.","2021-11-18 03:09:45","Science","https://www.sciencealert.com/landmark-study-gives-unprecedented-glimpse-at-crucial-phase-of-the-human-embryo","ff7fbb2c5e6e827025e498ce5f3f2eb8411b1e8b9f0e969490d5d783e88ccfcc","c93bbef83706fe80fa30da18a0a76d22"
"Researchers Think They've Finally Figured Out How Herpes Invades Our Nervous System","ScienceAlert","It's the ultimate heist.","2021-11-19 05:28:07","Science","https://www.sciencealert.com/herpes-viruses-have-a-surprisingly-devious-way-of-invading-our-nervous-system","ff7fbb2c5e6e827025e498ce5f3f2eb8411b1e8b9f0e969490d5d783e88ccfcc","4037645accf7c888c2c07e0e81d60f87"
"Astronomers May Have Detected a Rare 'Missing Link' Black Hole in Our Closest Neighbor","ScienceAlert","100,000 times the mass of the Sun!","2021-11-19 05:26:31","Science","https://www.sciencealert.com/astronomers-have-detected-a-rare-missing-link-black-hole-in-the-andromeda-galaxy","ff7fbb2c5e6e827025e498ce5f3f2eb8411b1e8b9f0e969490d5d783e88ccfcc","c9c3b06f872653455bd58423a6de15b1"
"Hundreds of Millions of Birds Have Vanished Across Europe in The Last 40 Years","ScienceAlert","Silent skies.","2021-11-19 03:32:00","Science","https://www.sciencealert.com/hundreds-of-millions-of-birds-have-vanished-across-europe-over-the-past-40-years","ff7fbb2c5e6e827025e498ce5f3f2eb8411b1e8b9f0e969490d5d783e88ccfcc","804a79b2f04819f40048a3e0627f0cd3"
"Scientists Warn About 'False Fossils' Present on Mars","ScienceAlert","Look again...","2021-11-19 01:27:00","Science","https://www.sciencealert.com/false-fossils-could-confuse-the-search-for-life-on-mars","ff7fbb2c5e6e827025e498ce5f3f2eb8411b1e8b9f0e969490d5d783e88ccfcc","bf0862f0fa1c1893e7e0d370b9a4da18"
"A Rather Tiny, 'Very Rare' Toothless Dinosaur Was Just Discovered in Brazil","ScienceAlert","Berthasaura!","2021-11-19 00:46:01","Science","https://www.sciencealert.com/very-rare-dinosaur-species-remains-have-just-been-discovered-in-brazil","ff7fbb2c5e6e827025e498ce5f3f2eb8411b1e8b9f0e969490d5d783e88ccfcc","1d031d9a7b0723e98389edf9ad4fa2cf"
"Check Out This Eerie, Alien-Like Squid Captured Gliding in The Gulf of Mexico","ScienceAlert","The video is incredible.","2021-11-18 23:31:39","Science","https://www.sciencealert.com/check-out-this-creepy-alien-like-squid-captured-gliding-in-the-gulf-of-mexico","ff7fbb2c5e6e827025e498ce5f3f2eb8411b1e8b9f0e969490d5d783e88ccfcc","b593180a0728d6021b5136ec9e00da4e"
